juv_fel_count,decile_score,juv_misd_count,juv_other_count,priors_count,event_year,age_at_event,priors_per_adult_year,total_juv_count,has_juv_record,first_offense,young_man,velocity_repeat_offender,sex_male,c_charge_degree_m,charge_category_drug,charge_category_other,charge_category_property,charge_category_violent,race_african-american,race_caucasian,race_hispanic
0,1,0,0,0,2013,66.0,0.0,0,0,1,0,0,1,0,0,0,0,1,0,0,0
0,3,0,0,0,2013,31.0,0.0,0,0,1,0,0,1,0,0,0,0,1,1,0,0
0,4,0,1,4,2013,21.0,1.3333333333333333,1,1,0,1,0,1,0,1,0,0,0,1,0,0
0,1,0,0,0,2013,42.0,0.0,0,0,1,0,0,1,1,0,0,0,1,0,0,0
0,6,0,0,14,2014,39.0,0.6666666666666666,0,0,0,0,0,1,0,1,0,0,0,0,1,0
0,4,0,0,3,2013,40.0,0.13636363636363635,0,0,0,0,0,1,0,0,1,0,0,0,0,0
0,1,0,0,0,2014,37.0,0.0,0,0,1,0,0,0,1,0,0,0,1,0,1,0
0,4,0,0,0,2013,25.0,0.0,0,0,1,0,0,1,0,0,1,0,0,0,1,0
0,6,0,0,3,2013,21.0,1.0,0,0,0,1,0,1,1,0,0,0,1,1,0,0
0,1,0,0,0,2013,34.0,0.0,0,0,1,0,0,0,1,0,0,0,1,0,1,0
0,4,0,0,0,2013,38.0,0.0,0,0,1,0,0,1,0,0,1,0,0,1,0,0
0,1,0,0,1,2012,44.0,0.038461538461538464,0,0,0,0,0,0,0,0,1,0,0,0,1,0
0,3,0,0,7,2014,28.0,0.7,0,0,0,0,0,1,0,0,0,0,0,1,0,0
0,1,0,0,0,2014,35.0,0.0,0,0,1,0,0,1,1,0,0,0,1,0,0,1
0,10,0,0,3,2013,23.0,0.6,0,0,0,1,0,1,0,0,0,1,0,1,0,0
0,5,0,0,6,2013,28.0,0.6,0,0,0,0,0,1,0,0,0,0,0,0,1,0
0,3,0,0,5,2014,29.0,0.45454545454545453,0,0,0,0,0,1,0,1,0,0,0,0,1,0
0,6,0,0,13,2014,62.0,0.29545454545454547,0,0,0,0,0,1,0,0,1,0,0,1,0,0
0,9,0,0,1,2013,18.0,1.0,0,0,0,1,0,1,0,0,0,0,1,1,0,0
0,2,0,0,0,2014,26.0,0.0,0,0,1,0,0,1,1,1,0,0,0,0,1,0
0,4,0,0,0,2013,18.0,0.0,0,0,1,0,0,0,0,0,1,0,0,0,1,0
0,4,0,0,1,2013,21.0,0.3333333333333333,0,0,0,1,0,1,0,0,0,0,1,0,0,1
0,1,0,0,1,2013,40.0,0.045454545454545456,0,0,0,0,0,1,1,0,1,0,0,0,1,0
0,3,0,0,0,2013,29.0,0.0,0,0,1,0,0,1,1,0,0,0,1,0,0,0
0,3,0,0,8,2013,24.0,1.3333333333333333,0,0,0,1,0,1,0,0,1,0,0,1,0,0
0,7,0,1,5,2013,23.0,1.0,1,1,0,1,0,1,0,0,1,0,0,1,0,0
0,10,0,0,0,2014,31.0,0.0,0,0,1,0,0,1,0,0,1,0,0,1,0,0
0,9,0,0,9,2013,27.0,1.0,0,0,0,0,0,1,0,0,0,0,1,0,1,0
0,8,0,0,4,2014,30.0,0.3333333333333333,0,0,0,0,0,1,0,0,1,0,0,1,0,0
0,1,0,0,0,2013,53.0,0.0,0,0,1,0,0,1,0,0,1,0,0,0,1,0
0,3,0,0,7,2013,46.0,0.25,0,0,0,0,0,1,0,0,1,0,0,0,0,0
0,5,0,0,4,2013,30.0,0.3333333333333333,0,0,0,0,0,0,1,0,0,0,1,0,1,0
0,2,0,0,1,2013,22.0,0.25,0,0,0,1,0,1,1,0,0,0,1,0,1,0
2,9,1,3,21,2013,31.0,1.6153846153846154,6,1,0,0,0,1,0,0,1,0,0,1,0,0
0,2,0,0,0,2013,25.0,0.0,0,0,1,0,0,1,1,0,1,0,0,0,1,0
0,8,0,0,2,2013,19.0,2.0,0,0,0,0,0,0,0,0,1,0,0,1,0,0
0,1,0,0,2,2013,48.0,0.06666666666666667,0,0,0,0,0,1,1,0,1,0,0,1,0,0
0,2,0,0,2,2014,27.0,0.2222222222222222,0,0,0,0,0,1,1,0,1,0,0,0,1,0
0,2,0,0,7,2013,48.0,0.23333333333333334,0,0,0,0,0,0,0,1,0,0,0,1,0,0
0,7,0,0,0,2014,27.0,0.0,0,0,1,0,0,1,0,0,0,1,0,1,0,0
0,10,0,0,9,2014,23.0,1.8,0,0,0,1,0,1,1,0,0,0,1,0,1,0
1,8,0,4,13,2014,33.0,0.8666666666666667,5,1,0,0,0,1,0,0,1,0,0,1,0,0
0,1,0,0,0,2013,46.0,0.0,0,0,1,0,0,1,1,0,0,0,0,0,1,0
0,4,0,0,0,2013,26.0,0.0,0,0,1,0,0,1,0,0,1,0,0,1,0,0
0,2,0,0,1,2013,26.0,0.125,0,0,0,0,0,1,0,1,0,0,0,0,1,0
0,2,0,0,0,2013,26.0,0.0,0,0,1,0,0,0,0,0,0,1,0,0,0,0
0,5,0,1,15,2013,28.0,1.5,1,1,0,0,0,1,0,0,0,1,0,1,0,0
0,4,0,0,2,2013,21.0,0.6666666666666666,0,0,0,1,0,1,0,0,1,0,0,1,0,0
0,7,0,0,0,2013,27.0,0.0,0,0,1,0,0,1,1,0,1,0,0,0,0,1
0,1,0,0,4,2013,46.0,0.14285714285714285,0,0,0,0,0,1,1,0,0,0,1,1,0,0
0,5,0,0,8,2013,50.0,0.25,0,0,0,0,0,1,0,0,1,0,0,0,1,0
0,3,0,0,5,2013,32.0,0.35714285714285715,0,0,0,0,0,1,0,0,0,0,0,1,0,0
1,10,1,2,15,2014,25.0,2.142857142857143,4,1,0,0,0,1,0,0,0,0,0,1,0,0
0,2,0,0,4,2013,35.0,0.23529411764705882,0,0,0,0,0,1,1,0,0,0,1,0,1,0
0,4,0,1,1,2013,20.0,0.5,1,1,0,1,0,1,0,0,1,0,0,1,0,0
0,9,0,0,4,2013,26.0,0.5,0,0,0,0,0,1,0,0,1,0,0,1,0,0
0,1,0,0,0,2013,58.0,0.0,0,0,1,0,0,1,1,0,1,0,0,0,0,1
0,6,1,0,6,2014,25.0,0.8571428571428571,1,1,0,0,0,1,0,0,0,0,1,1,0,0
0,1,0,0,0,2014,31.0,0.0,0,0,1,0,0,1,1,0,0,0,1,0,0,0
0,1,0,0,0,2013,53.0,0.0,0,0,1,0,0,0,1,0,0,0,1,1,0,0
0,1,0,0,6,2013,42.0,0.25,0,0,0,0,0,1,0,1,0,0,0,0,0,1
0,4,0,0,1,2013,19.0,1.0,0,0,0,1,0,1,0,0,0,1,0,0,0,1
0,4,0,0,1,2013,36.0,0.05555555555555555,0,0,0,0,0,1,1,0,1,0,0,1,0,0
0,6,0,0,5,2013,26.0,0.625,0,0,0,0,0,1,0,0,1,0,0,1,0,0
0,6,0,1,1,2014,25.0,0.14285714285714285,1,1,0,0,0,1,0,0,1,0,0,0,1,0
0,2,0,0,2,2013,37.0,0.10526315789473684,0,0,0,0,0,1,0,0,1,0,0,1,0,0
0,3,0,0,1,2013,19.0,1.0,0,0,0,1,0,1,1,0,0,0,1,1,0,0
0,8,0,0,0,2013,19.0,0.0,0,0,1,1,0,1,0,0,0,1,0,0,1,0
0,4,0,0,1,2013,24.0,0.16666666666666666,0,0,0,0,0,0,0,1,0,0,0,1,0,0
0,2,0,0,0,2013,29.0,0.0,0,0,1,0,0,1,0,0,0,0,1,1,0,0
0,2,0,0,1,1998,24.0,0.16666666666666666,0,0,0,1,0,1,1,0,1,0,0,1,0,0
0,10,0,0,8,2013,26.0,1.0,0,0,0,0,0,1,1,0,1,0,0,1,0,0
0,1,0,0,0,2014,48.0,0.0,0,0,1,0,0,1,0,0,1,0,0,0,0,0
1,10,6,1,14,2013,22.0,3.5,8,1,0,1,0,1,0,0,1,0,0,1,0,0
0,5,0,0,0,2013,18.0,0.0,0,0,1,1,0,1,0,0,1,0,0,0,0,0
1,9,0,0,2,2014,19.0,2.0,1,1,0,1,0,1,0,0,1,0,0,1,0,0
0,2,0,0,1,2013,32.0,0.07142857142857142,0,0,0,0,0,0,1,0,1,0,0,1,0,0
0,7,0,0,9,2014,34.0,0.5625,0,0,0,0,0,1,0,1,0,0,0,1,0,0
0,8,0,0,7,2013,23.0,1.4,0,0,0,1,0,1,0,1,0,0,0,0,1,0
0,6,0,0,1,2013,18.0,1.0,0,0,0,1,0,1,0,0,0,1,0,0,0,0
0,8,0,0,9,2014,23.0,1.8,0,0,0,1,0,1,0,0,1,0,0,0,1,0
0,7,0,0,0,2013,18.0,0.0,0,0,1,0,0,0,0,0,1,0,0,0,1,0
0,1,0,0,2,2013,36.0,0.1111111111111111,0,0,0,0,0,1,0,1,0,0,0,0,1,0
0,1,0,0,0,2013,51.0,0.0,0,0,1,0,0,0,1,0,0,0,0,0,1,0
0,1,0,0,0,2013,42.0,0.0,0,0,1,0,0,0,1,0,0,0,1,0,0,1
0,4,0,0,1,2014,18.0,1.0,0,0,0,1,0,1,1,0,0,0,1,1,0,0
0,2,0,0,1,2013,28.0,0.1,0,0,0,0,0,1,0,0,1,0,0,1,0,0
0,1,0,0,0,2013,36.0,0.0,0,0,1,0,0,0,0,0,0,0,1,0,1,0
0,6,1,2,8,2013,21.0,2.6666666666666665,3,1,0,1,0,1,0,0,1,0,0,0,1,0
0,4,0,0,0,2013,27.0,0.0,0,0,1,0,0,1,0,1,0,0,0,0,1,0
0,5,0,0,0,2014,29.0,0.0,0,0,1,0,0,1,1,0,0,0,1,0,1,0
0,4,0,0,1,2013,36.0,0.05555555555555555,0,0,0,0,0,0,0,1,0,0,0,0,1,0
0,1,0,0,1,2013,40.0,0.045454545454545456,0,0,0,0,0,1,0,1,0,0,0,0,1,0
0,9,0,0,3,2013,18.0,3.0,0,0,0,1,0,1,0,0,0,1,0,1,0,0
0,4,0,0,5,2013,35.0,0.29411764705882354,0,0,0,0,0,1,1,0,1,0,0,0,1,0
0,5,0,0,0,2013,30.0,0.0,0,0,1,0,0,1,0,0,0,0,1,0,1,0
0,5,0,0,5,2013,31.0,0.38461538461538464,0,0,0,0,0,1,0,0,1,0,0,1,0,0
0,2,0,0,3,2013,35.0,0.17647058823529413,0,0,0,0,0,1,0,0,1,0,0,1,0,0
0,2,0,0,1,2013,38.0,0.05,0,0,0,0,0,1,0,0,1,0,0,0,1,0
0,9,1,0,10,2013,38.0,0.5,1,1,0,0,0,1,0,1,0,0,0,1,0,0
0,4,0,0,0,2013,20.0,0.0,0,0,1,1,0,1,0,0,1,0,0,1,0,0
0,8,12,2,28,2014,31.0,2.1538461538461537,14,1,0,0,0,1,0,0,0,0,0,1,0,0
0,7,0,0,1,2013,29.0,0.09090909090909091,0,0,0,0,0,1,1,0,0,0,1,1,0,0
0,2,0,0,1,2013,28.0,0.1,0,0,0,0,0,0,0,0,1,0,0,0,0,0
0,10,0,0,13,2013,27.0,1.4444444444444444,0,0,0,0,0,1,0,0,1,0,0,0,1,0
0,9,0,0,3,2014,25.0,0.42857142857142855,0,0,0,0,0,1,0,1,0,0,0,1,0,0
0,9,0,0,3,2013,50.0,0.09375,0,0,0,0,0,1,1,0,0,0,1,0,1,0
0,10,0,0,19,2013,31.0,1.4615384615384615,0,0,0,0,0,1,0,0,1,0,0,1,0,0
0,3,0,0,6,2013,39.0,0.2857142857142857,0,0,0,0,0,1,0,1,0,0,0,0,1,0
0,4,0,0,2,2013,22.0,0.5,0,0,0,0,0,0,0,0,1,0,0,0,1,0
0,2,0,0,1,2013,28.0,0.1,0,0,0,0,0,1,1,0,1,0,0,0,1,0
0,2,0,0,2,2013,34.0,0.125,0,0,0,0,0,0,1,0,0,1,0,0,0,0
0,2,0,0,0,2014,26.0,0.0,0,0,1,0,0,1,1,0,1,0,0,0,1,0
0,2,0,0,0,2014,22.0,0.0,0,0,1,0,0,0,1,0,0,0,1,1,0,0
0,4,1,0,10,2014,27.0,1.1111111111111112,1,1,0,0,0,0,0,0,0,1,0,0,1,0
0,2,0,0,2,2014,42.0,0.08333333333333333,0,0,0,0,0,1,1,0,0,0,1,0,1,0
0,7,0,0,3,2013,28.0,0.3,0,0,0,0,0,1,0,1,0,0,0,1,0,0
0,3,0,0,2,2013,28.0,0.2,0,0,0,0,0,1,1,0,1,0,0,0,1,0
0,2,0,0,1,2013,27.0,0.1111111111111111,0,0,0,0,0,1,1,0,1,0,0,1,0,0
0,2,0,0,1,2013,56.0,0.02631578947368421,0,0,0,0,0,1,0,1,0,0,0,0,1,0
1,10,0,0,1,2013,18.0,1.0,1,1,0,0,0,0,0,0,1,0,0,1,0,0
0,1,0,0,0,2013,40.0,0.0,0,0,1,0,0,0,1,0,0,0,0,0,1,0
1,8,1,0,9,2014,36.0,0.5,2,1,0,0,0,1,0,1,0,0,0,1,0,0
0,6,0,0,11,2014,31.0,0.8461538461538461,0,0,0,0,0,1,0,0,1,0,0,1,0,0
0,5,0,0,8,2013,31.0,0.6153846153846154,0,0,0,0,0,1,1,0,0,0,1,1,0,0
0,3,0,0,0,2014,29.0,0.0,0,0,1,0,0,0,0,1,0,0,0,1,0,0
0,9,0,0,7,2013,29.0,0.6363636363636364,0,0,0,0,0,0,0,1,0,0,0,1,0,0
0,9,0,0,2,2013,24.0,0.3333333333333333,0,0,0,1,0,1,0,0,1,0,0,1,0,0
0,6,0,0,0,2013,18.0,0.0,0,0,1,0,0,0,0,0,0,1,0,1,0,0
0,6,0,0,0,2014,24.0,0.0,0,0,1,0,0,0,1,0,1,0,0,0,1,0
0,1,0,0,1,2013,58.0,0.025,0,0,0,0,0,0,0,1,0,0,0,1,0,0
0,7,0,0,13,2013,49.0,0.41935483870967744,0,0,0,0,0,1,0,0,0,1,0,0,0,0
0,1,0,0,1,2014,60.0,0.023809523809523808,0,0,0,0,0,1,0,0,1,0,0,0,0,1
0,10,0,0,4,2014,30.0,0.3333333333333333,0,0,0,0,0,0,0,0,1,0,0,1,0,0
0,4,0,0,1,2013,27.0,0.1111111111111111,0,0,0,0,0,1,0,0,0,1,0,0,0,1
0,4,0,0,2,2013,23.0,0.4,0,0,0,0,0,0,1,0,0,0,0,1,0,0
1,4,0,0,1,2009,33.0,0.06666666666666667,1,1,0,0,0,1,1,0,1,0,0,0,1,0
0,7,0,0,3,2013,27.0,0.3333333333333333,0,0,0,0,0,0,0,1,0,0,0,0,1,0
0,7,0,0,1,2013,27.0,0.1111111111111111,0,0,0,0,0,1,0,0,0,0,1,1,0,0
0,2,0,0,2,2013,46.0,0.07142857142857142,0,0,0,0,0,1,1,0,0,0,1,0,1,0
0,2,0,0,1,2013,19.0,1.0,0,0,0,1,0,1,0,0,1,0,0,1,0,0
0,1,0,0,6,2013,42.0,0.25,0,0,0,0,0,1,0,0,0,0,0,0,1,0
0,5,0,0,0,2013,28.0,0.0,0,0,1,0,0,1,0,0,1,0,0,0,1,0
0,2,0,0,1,2013,22.0,0.25,0,0,0,1,0,1,1,0,0,0,1,1,0,0
0,3,0,0,0,2013,20.0,0.0,0,0,1,1,0,1,0,0,1,0,0,0,0,1
0,7,0,0,5,2013,29.0,0.45454545454545453,0,0,0,0,0,0,0,0,0,0,1,1,0,0
0,1,0,0,2,2013,49.0,0.06451612903225806,0,0,0,0,0,1,1,0,1,0,0,0,0,1
0,4,0,0,8,2013,58.0,0.2,0,0,0,0,0,1,0,1,0,0,0,1,0,0
0,9,0,0,8,2013,28.0,0.8,0,0,0,0,0,1,0,0,1,0,0,0,0,1
0,6,0,0,6,2013,25.0,0.8571428571428571,0,0,0,0,0,1,1,0,1,0,0,1,0,0
0,1,0,0,2,2013,51.0,0.06060606060606061,0,0,0,0,0,1,0,0,0,1,0,0,0,1
0,2,0,0,0,2013,55.0,0.0,0,0,1,0,0,1,0,1,0,0,0,0,0,1
0,1,0,0,1,2014,76.0,0.017241379310344827,0,0,0,0,0,1,1,0,0,0,0,0,1,0
0,1,0,0,0,2014,54.0,0.0,0,0,1,0,0,1,0,1,0,0,0,0,1,0
0,2,0,0,0,2014,22.0,0.0,0,0,1,1,0,1,0,0,0,1,0,0,0,0
0,5,0,0,1,2014,20.0,0.5,0,0,0,1,0,1,0,0,1,0,0,1,0,0
0,8,0,0,23,2013,44.0,0.8846153846153846,0,0,0,0,0,1,1,0,1,0,0,1,0,0
0,2,0,0,0,2014,21.0,0.0,0,0,1,1,0,1,1,0,0,0,1,1,0,0
0,1,0,0,1,2013,55.0,0.02702702702702703,0,0,0,0,0,1,0,0,0,0,0,0,0,1
0,1,0,0,3,2013,63.0,0.06666666666666667,0,0,0,0,0,1,0,0,0,0,1,1,0,0
0,4,0,0,8,2014,43.0,0.32,0,0,0,0,0,1,1,0,1,0,0,0,1,0
0,9,0,0,2,2013,35.0,0.11764705882352941,0,0,0,0,0,1,1,0,0,0,1,1,0,0
0,4,0,0,0,2014,36.0,0.0,0,0,1,0,0,1,0,1,0,0,0,0,1,0
0,9,0,0,9,2014,24.0,1.5,0,0,0,1,0,1,0,1,0,0,0,1,0,0
0,3,0,0,2,2013,42.0,0.08333333333333333,0,0,0,0,0,1,0,0,1,0,0,0,1,0
0,3,0,0,0,2014,21.0,0.0,0,0,1,1,0,1,0,1,0,0,0,1,0,0
0,2,0,0,2,2014,31.0,0.15384615384615385,0,0,0,0,0,1,1,0,0,0,1,1,0,0
0,4,0,0,1,2013,21.0,0.3333333333333333,0,0,0,0,0,0,1,0,0,0,1,1,0,0
0,3,0,0,2,2014,34.0,0.125,0,0,0,0,0,1,1,0,0,0,1,0,0,0
0,1,0,0,1,2013,48.0,0.03333333333333333,0,0,0,0,0,1,0,0,1,0,0,0,1,0
0,3,0,0,0,2013,35.0,0.0,0,0,1,0,0,0,1,0,1,0,0,0,1,0
0,4,0,0,4,2013,40.0,0.18181818181818182,0,0,0,0,0,1,1,0,0,0,1,0,1,0
0,9,1,0,23,2014,33.0,1.5333333333333334,1,1,0,0,0,0,0,0,0,1,0,1,0,0
0,5,0,0,5,2014,23.0,1.0,0,0,0,1,0,1,0,0,1,0,0,0,0,0
0,10,0,0,2,2013,23.0,0.4,0,0,0,1,0,1,0,0,1,0,0,1,0,0
0,2,0,0,0,2013,24.0,0.0,0,0,1,1,0,1,1,0,1,0,0,1,0,0
0,8,0,0,0,2013,25.0,0.0,0,0,1,0,0,0,0,0,0,0,1,1,0,0
0,9,0,0,7,2013,25.0,1.0,0,0,0,0,0,0,0,0,0,1,0,0,1,0
0,1,0,0,2,2013,35.0,0.11764705882352941,0,0,0,0,0,1,0,0,0,0,0,1,0,0
0,9,0,0,1,2013,25.0,0.14285714285714285,0,0,0,0,0,0,0,0,1,0,0,1,0,0
0,1,0,0,7,2013,53.0,0.2,0,0,0,0,0,1,0,0,0,0,0,0,1,0
0,9,0,0,15,2013,35.0,0.8823529411764706,0,0,0,0,0,1,0,1,0,0,0,1,0,0
0,5,0,0,2,2007,20.0,1.0,0,0,0,1,0,1,1,0,1,0,0,1,0,0
0,1,0,0,0,2014,49.0,0.0,0,0,1,0,0,0,1,0,0,0,0,0,1,0
0,2,0,0,0,2013,48.0,0.0,0,0,1,0,0,1,1,0,0,0,1,0,1,0
0,1,0,0,1,2013,33.0,0.06666666666666667,0,0,0,0,0,1,1,0,1,0,0,0,0,0
0,1,0,0,0,2013,45.0,0.0,0,0,1,0,0,1,0,0,0,0,1,1,0,0
0,3,0,0,4,2013,34.0,0.25,0,0,0,0,0,1,0,0,1,0,0,0,1,0
0,7,0,0,2,2013,27.0,0.2222222222222222,0,0,0,0,0,0,0,0,0,1,0,1,0,0
0,6,0,0,5,2013,39.0,0.23809523809523808,0,0,0,0,0,0,1,0,0,0,1,1,0,0
0,10,0,0,11,2013,24.0,1.8333333333333333,0,0,0,1,1,1,0,0,0,0,1,1,0,0
0,1,0,0,0,2013,33.0,0.0,0,0,1,0,0,1,1,0,0,0,1,1,0,0
0,4,0,0,4,2014,31.0,0.3076923076923077,0,0,0,0,0,1,0,0,0,0,1,0,0,0
0,9,0,0,11,2013,51.0,0.3333333333333333,0,0,0,0,0,1,0,0,0,1,0,1,0,0
0,9,0,0,2,2013,20.0,1.0,0,0,0,1,0,1,0,0,0,0,1,1,0,0
0,1,0,0,0,2014,39.0,0.0,0,0,1,0,0,1,1,0,0,0,1,1,0,0
0,1,0,0,0,2013,49.0,0.0,0,0,1,0,0,1,0,0,0,0,1,0,1,0
0,4,0,0,13,2013,40.0,0.5909090909090909,0,0,0,0,0,1,0,0,0,0,0,0,1,0
0,4,0,0,0,2014,49.0,0.0,0,0,1,0,0,1,0,0,1,0,0,1,0,0
0,1,0,0,1,2013,25.0,0.14285714285714285,0,0,0,0,0,1,0,0,1,0,0,0,1,0
0,9,0,2,11,2014,28.0,1.1,2,1,0,0,0,1,1,0,0,0,1,1,0,0
0,5,0,0,1,2013,26.0,0.125,0,0,0,0,0,1,0,0,1,0,0,0,1,0
0,4,0,0,0,2013,19.0,0.0,0,0,1,1,0,1,0,0,1,0,0,1,0,0
0,2,0,0,4,2013,27.0,0.4444444444444444,0,0,0,0,0,1,0,0,0,0,0,1,0,0
0,4,0,0,4,2013,23.0,0.8,0,0,0,1,0,1,0,1,0,0,0,0,0,1
0,8,0,0,0,2014,30.0,0.0,0,0,1,0,0,1,0,0,0,1,0,0,1,0
0,2,0,0,0,2014,35.0,0.0,0,0,1,0,0,1,0,0,0,1,0,0,1,0
0,9,1,0,14,2013,30.0,1.1666666666666667,1,1,0,0,1,1,0,0,0,0,1,1,0,0
0,1,0,0,1,2013,50.0,0.03125,0,0,0,0,0,1,1,0,0,0,1,0,1,0
0,8,0,0,25,2013,25.0,3.5714285714285716,0,0,0,0,0,1,0,0,1,0,0,1,0,0
0,5,0,0,8,2013,41.0,0.34782608695652173,0,0,0,0,0,1,1,0,0,0,1,0,1,0
0,3,0,0,0,2013,22.0,0.0,0,0,1,1,0,1,0,0,0,1,0,1,0,0
0,8,0,1,1,2013,18.0,1.0,1,1,0,1,0,1,1,0,1,0,0,0,1,0
0,1,0,0,0,2013,35.0,0.0,0,0,1,0,0,0,1,0,0,0,1,0,0,0
0,2,0,0,3,2013,38.0,0.15,0,0,0,0,0,0,0,0,0,0,0,0,0,0
0,2,0,0,0,2013,28.0,0.0,0,0,1,0,0,0,1,0,0,0,1,0,0,1
0,6,0,1,1,2013,20.0,0.5,1,1,0,1,0,1,0,0,1,0,0,0,0,1
0,5,0,4,5,2014,21.0,1.6666666666666667,4,1,0,0,0,0,0,0,1,0,0,0,1,0
0,8,0,0,0,2013,20.0,0.0,0,0,1,1,0,1,1,0,1,0,0,0,0,1
0,3,0,0,1,2014,27.0,0.1111111111111111,0,0,0,0,0,1,1,0,0,0,1,1,0,0
0,8,0,0,1,2013,18.0,1.0,0,0,0,1,0,1,0,0,1,0,0,1,0,0
0,6,0,0,2,2013,27.0,0.2222222222222222,0,0,0,0,0,1,0,0,1,0,0,1,0,0
0,1,0,0,0,2013,36.0,0.0,0,0,1,0,0,1,0,0,1,0,0,0,0,0
0,4,0,0,4,2013,25.0,0.5714285714285714,0,0,0,0,0,1,0,0,1,0,0,1,0,0
0,1,0,0,2,2013,35.0,0.11764705882352941,0,0,0,0,0,0,0,0,1,0,0,1,0,0
0,8,0,0,0,2014,18.0,0.0,0,0,1,1,0,1,0,1,0,0,0,1,0,0
0,7,0,1,0,2013,19.0,0.0,1,1,1,1,0,1,0,0,1,0,0,0,0,1
0,1,0,0,0,2013,49.0,0.0,0,0,1,0,0,0,0,0,0,1,0,1,0,0
0,4,0,0,0,2014,21.0,0.0,0,0,1,0,0,0,0,0,1,0,0,1,0,0
0,2,0,0,0,2013,46.0,0.0,0,0,1,0,0,0,0,0,0,0,1,1,0,0
0,5,0,0,0,2013,22.0,0.0,0,0,1,1,0,1,0,0,1,0,0,0,1,0
0,6,0,0,0,2013,24.0,0.0,0,0,1,1,0,1,0,0,0,1,0,0,1,0
0,7,0,0,11,2014,28.0,1.1,0,0,0,0,0,1,0,0,1,0,0,1,0,0
0,10,1,1,3,2013,19.0,3.0,2,1,0,1,0,1,1,0,0,0,1,1,0,0
0,3,0,0,1,2013,20.0,0.5,0,0,0,0,0,0,0,0,1,0,0,0,1,0
0,3,0,0,2,2013,38.0,0.1,0,0,0,0,0,0,1,0,0,0,1,1,0,0
0,2,0,0,0,2014,23.0,0.0,0,0,1,0,0,0,0,0,0,0,1,0,0,0
0,6,0,0,3,2013,50.0,0.09375,0,0,0,0,0,1,0,1,0,0,0,1,0,0
0,1,0,0,0,2013,40.0,0.0,0,0,1,0,0,1,0,0,0,0,1,1,0,0
0,1,0,0,3,2014,35.0,0.17647058823529413,0,0,0,0,0,1,0,0,1,0,0,0,1,0
0,1,0,0,1,2013,67.0,0.02040816326530612,0,0,0,0,0,1,1,0,0,0,1,0,1,0
0,4,0,0,3,2013,43.0,0.12,0,0,0,0,0,1,0,0,1,0,0,0,1,0
0,9,0,0,0,2013,18.0,0.0,0,0,1,1,0,1,1,0,0,1,0,1,0,0
0,8,0,0,1,2014,24.0,0.16666666666666666,0,0,0,1,0,1,1,0,0,0,1,1,0,0
0,1,0,0,3,2013,35.0,0.17647058823529413,0,0,0,0,0,1,0,0,1,0,0,0,0,1
0,4,0,0,5,2014,32.0,0.35714285714285715,0,0,0,0,0,1,1,0,0,0,1,0,1,0
0,4,0,0,5,2013,31.0,0.38461538461538464,0,0,0,0,0,1,1,0,0,0,0,1,0,0
0,5,0,0,0,2014,21.0,0.0,0,0,1,1,0,1,0,0,0,0,1,0,1,0
0,4,0,0,5,2013,31.0,0.38461538461538464,0,0,0,0,0,1,0,1,0,0,0,1,0,0
0,3,0,0,6,2013,37.0,0.3157894736842105,0,0,0,0,0,1,0,0,0,0,1,1,0,0
0,3,0,0,0,2013,21.0,0.0,0,0,1,1,0,1,0,0,1,0,0,0,0,0
0,3,0,0,2,2013,55.0,0.05405405405405406,0,0,0,0,0,1,0,0,1,0,0,0,1,0
0,6,0,0,0,2013,18.0,0.0,0,0,1,0,0,0,1,0,0,0,1,1,0,0
0,8,0,1,4,2013,20.0,2.0,1,1,0,1,0,1,1,0,1,0,0,1,0,0
0,1,0,0,0,2013,59.0,0.0,0,0,1,0,0,1,0,0,1,0,0,0,1,0
0,3,0,0,5,2013,34.0,0.3125,0,0,0,0,0,1,0,0,0,0,1,0,1,0
0,2,0,0,2,2013,41.0,0.08695652173913043,0,0,0,0,0,1,0,0,0,1,0,0,0,0
0,1,0,0,5,2013,30.0,0.4166666666666667,0,0,0,0,0,0,0,0,0,0,1,1,0,0
0,3,0,0,0,2013,21.0,0.0,0,0,1,1,0,1,0,0,0,1,0,0,0,1
0,1,0,0,0,2013,24.0,0.0,0,0,1,1,0,1,1,0,0,0,1,1,0,0
0,1,0,0,0,2014,42.0,0.0,0,0,1,0,0,1,1,0,0,0,1,0,1,0
0,3,0,0,3,2013,25.0,0.42857142857142855,0,0,0,0,0,1,1,0,0,0,1,0,1,0
0,2,0,0,0,2013,39.0,0.0,0,0,1,0,0,0,0,1,0,0,0,0,1,0
0,10,1,0,9,2013,21.0,3.0,1,1,0,1,0,1,0,0,1,0,0,0,0,0
0,2,0,0,0,2014,25.0,0.0,0,0,1,0,0,1,0,0,0,0,1,1,0,0
0,10,0,0,0,2014,19.0,0.0,0,0,1,1,0,1,0,0,0,1,0,1,0,0
0,1,0,0,0,2014,49.0,0.0,0,0,1,0,0,0,1,0,0,0,1,0,1,0
0,1,0,0,0,2013,54.0,0.0,0,0,1,0,0,1,1,0,0,0,1,0,1,0
0,9,0,0,7,2013,26.0,0.875,0,0,0,0,0,1,0,0,1,0,0,1,0,0
0,9,0,0,0,2014,18.0,0.0,0,0,1,1,0,1,0,0,0,1,0,1,0,0
0,5,0,0,8,2013,24.0,1.3333333333333333,0,0,0,1,0,1,0,0,1,0,0,0,1,0
0,9,1,0,2,2013,21.0,0.6666666666666666,1,1,0,1,0,1,0,0,0,1,0,1,0,0
0,6,0,0,36,2014,51.0,1.0909090909090908,0,0,0,0,0,1,0,0,1,0,0,0,1,0
0,3,0,0,2,2013,25.0,0.2857142857142857,0,0,0,0,0,1,1,0,0,0,1,0,1,0
0,5,1,0,3,2013,18.0,3.0,1,1,0,1,0,1,0,0,0,1,0,0,0,1
0,7,0,0,0,2013,33.0,0.0,0,0,1,0,0,0,0,0,0,0,1,1,0,0
0,4,0,0,2,2013,21.0,0.6666666666666666,0,0,0,0,0,0,1,0,0,1,0,0,1,0
0,3,0,0,1,2013,20.0,0.5,0,0,0,0,0,0,1,0,0,0,0,0,0,1
0,5,0,0,1,2014,26.0,0.125,0,0,0,0,0,1,0,0,1,0,0,0,1,0
0,8,0,0,0,2013,18.0,0.0,0,0,1,0,0,0,0,0,0,0,1,1,0,0
0,3,0,0,0,2013,34.0,0.0,0,0,1,0,0,1,1,0,1,0,0,0,1,0
0,3,0,0,0,2014,21.0,0.0,0,0,1,1,0,1,0,0,0,1,0,1,0,0
0,2,0,0,1,2014,27.0,0.1111111111111111,0,0,0,0,0,1,0,0,1,0,0,0,0,0
0,1,0,0,0,2014,27.0,0.0,0,0,1,0,0,1,0,0,0,0,1,1,0,0
0,6,0,0,0,2013,26.0,0.0,0,0,1,0,0,0,1,0,0,0,1,0,1,0
0,1,0,0,1,2013,49.0,0.03225806451612903,0,0,0,0,0,1,1,0,0,0,1,0,0,1
0,9,1,0,12,2013,29.0,1.0909090909090908,1,1,0,0,0,1,0,0,1,0,0,1,0,0
0,6,0,1,1,2014,21.0,0.3333333333333333,1,1,0,1,0,1,0,0,0,1,0,1,0,0
0,3,0,0,3,2013,44.0,0.11538461538461539,0,0,0,0,0,1,0,1,0,0,0,1,0,0
0,1,0,0,0,2014,35.0,0.0,0,0,1,0,0,1,0,0,1,0,0,0,1,0
0,10,2,0,2,2014,18.0,2.0,2,1,0,1,0,1,0,0,1,0,0,1,0,0
0,8,0,0,0,2014,25.0,0.0,0,0,1,0,0,1,1,0,0,0,1,0,0,1
0,1,0,0,0,2013,37.0,0.0,0,0,1,0,0,1,1,0,0,0,1,0,0,0
0,6,0,2,0,2013,18.0,0.0,2,1,1,0,0,0,0,1,0,0,0,0,1,0
0,1,0,0,0,2013,66.0,0.0,0,0,1,0,0,1,1,0,0,0,1,0,1,0
0,6,0,0,2,2013,19.0,2.0,0,0,0,1,0,1,0,0,1,0,0,0,1,0
0,10,0,1,6,2013,23.0,1.2,1,1,0,1,0,1,1,0,0,0,1,1,0,0
0,4,0,0,0,2013,19.0,0.0,0,0,1,1,0,1,0,1,0,0,0,0,1,0
0,5,0,0,0,2013,20.0,0.0,0,0,1,0,0,0,0,0,0,0,0,1,0,0
0,5,0,0,3,2013,47.0,0.10344827586206896,0,0,0,0,0,1,0,0,0,1,0,1,0,0
0,4,0,1,2,2013,26.0,0.25,1,1,0,0,0,1,1,0,0,0,1,1,0,0
0,1,0,0,0,2013,58.0,0.0,0,0,1,0,0,0,1,0,0,0,1,0,1,0
2,10,0,0,3,2013,20.0,1.5,2,1,0,1,0,1,0,0,1,0,0,1,0,0
1,4,0,0,1,2013,17.0,1.0,1,1,0,0,0,0,0,0,1,0,0,0,0,0
0,3,0,0,1,2013,33.0,0.06666666666666667,0,0,0,0,0,1,0,0,0,0,0,0,0,1
0,4,0,0,0,2013,27.0,0.0,0,0,1,0,0,1,0,1,0,0,0,0,1,0
0,3,1,0,1,2013,18.0,1.0,1,1,0,1,0,1,0,0,0,1,0,1,0,0
0,6,0,0,2,2013,19.0,2.0,0,0,0,1,0,1,1,0,1,0,0,0,1,0
0,9,0,0,4,2013,18.0,4.0,0,0,0,1,0,1,0,0,1,0,0,1,0,0
0,5,0,0,0,2014,20.0,0.0,0,0,1,1,0,1,0,0,0,1,0,1,0,0
0,1,0,0,1,2014,32.0,0.07142857142857142,0,0,0,0,0,1,1,0,0,0,1,0,1,0
0,1,0,0,1,2014,48.0,0.03333333333333333,0,0,0,0,0,0,1,0,0,0,1,0,1,0
0,7,0,0,0,2014,38.0,0.0,0,0,1,0,0,1,0,0,1,0,0,0,1,0
0,8,0,0,7,2014,23.0,1.4,0,0,0,1,0,1,0,0,1,0,0,1,0,0
0,1,0,0,1,2013,51.0,0.030303030303030304,0,0,0,0,0,0,1,0,0,0,1,0,1,0
0,4,0,0,0,2013,22.0,0.0,0,0,1,0,0,0,0,0,0,0,1,1,0,0
0,1,0,0,1,2013,39.0,0.047619047619047616,0,0,0,0,0,1,0,0,1,0,0,1,0,0
0,3,0,0,1,2013,25.0,0.14285714285714285,0,0,0,0,0,1,1,0,0,0,1,1,0,0
1,8,1,0,6,2013,23.0,1.2,2,1,0,1,1,1,0,0,0,0,1,1,0,0
0,9,0,0,4,2013,18.0,4.0,0,0,0,1,0,1,0,0,0,1,0,1,0,0
0,7,0,0,3,2013,19.0,3.0,0,0,0,1,0,1,1,0,1,0,0,0,1,0
0,9,0,0,23,2013,34.0,1.4375,0,0,0,0,1,1,0,0,0,0,1,1,0,0
0,5,0,0,2,2013,33.0,0.13333333333333333,0,0,0,0,0,1,0,1,0,0,0,1,0,0
0,1,0,0,2,2013,50.0,0.0625,0,0,0,0,0,1,0,0,0,0,0,1,0,0
0,4,0,0,7,2013,26.0,0.875,0,0,0,0,0,1,0,1,0,0,0,1,0,0
1,8,0,0,23,2013,45.0,0.8518518518518519,1,1,0,0,0,1,0,0,0,1,0,0,1,0
0,1,0,0,0,2013,48.0,0.0,0,0,1,0,0,0,1,0,0,0,1,0,1,0
0,8,0,0,12,2013,24.0,2.0,0,0,0,1,0,1,0,0,0,0,0,1,0,0
0,9,0,0,5,2013,25.0,0.7142857142857143,0,0,0,0,0,1,0,0,1,0,0,1,0,0
0,3,0,0,3,2013,31.0,0.23076923076923078,0,0,0,0,0,1,1,0,0,0,1,0,1,0
0,2,0,0,0,2013,25.0,0.0,0,0,1,0,0,0,0,0,1,0,0,0,0,1
0,7,0,0,14,2013,33.0,0.9333333333333333,0,0,0,0,0,1,0,0,1,0,0,1,0,0
1,5,0,0,2,2013,25.0,0.2857142857142857,1,1,0,0,0,1,0,0,0,0,1,1,0,0
0,9,0,1,0,2013,19.0,0.0,1,1,1,1,0,1,1,0,1,0,0,1,0,0
0,2,0,0,0,2013,22.0,0.0,0,0,1,1,0,1,0,0,1,0,0,0,1,0
0,3,0,0,5,2013,53.0,0.14285714285714285,0,0,0,0,0,1,0,0,0,0,0,1,0,0
0,8,0,0,9,2013,24.0,1.5,0,0,0,1,1,1,0,0,0,0,1,1,0,0
0,1,0,0,4,2014,50.0,0.125,0,0,0,0,0,1,0,0,0,1,0,0,1,0
0,2,0,0,3,2013,29.0,0.2727272727272727,0,0,0,0,0,1,0,0,0,0,1,1,0,0
0,1,0,0,4,2013,58.0,0.1,0,0,0,0,0,1,0,0,1,0,0,0,0,0
0,3,0,0,1,2013,20.0,0.5,0,0,0,1,0,1,1,0,1,0,0,0,0,1
0,6,0,0,0,2013,37.0,0.0,0,0,1,0,0,0,1,0,1,0,0,0,1,0
0,1,0,0,0,2013,54.0,0.0,0,0,1,0,0,1,1,0,0,0,1,0,1,0
0,7,0,0,0,2013,19.0,0.0,0,0,1,0,0,0,0,0,1,0,0,1,0,0
0,6,0,0,11,2013,50.0,0.34375,0,0,0,0,0,1,0,0,1,0,0,1,0,0
0,2,0,0,0,2014,23.0,0.0,0,0,1,1,0,1,1,0,0,0,0,0,1,0
0,3,0,0,0,2013,18.0,0.0,0,0,1,1,0,1,1,0,0,0,1,0,0,1
0,3,0,0,0,2014,20.0,0.0,0,0,1,1,0,1,0,0,1,0,0,0,1,0
0,1,0,0,2,2013,55.0,0.05405405405405406,0,0,0,0,0,0,1,0,0,0,0,0,1,0
0,3,0,0,7,2014,28.0,0.7,0,0,0,0,0,1,1,0,0,0,1,1,0,0
0,5,0,0,1,2013,19.0,1.0,0,0,0,1,0,1,0,0,1,0,0,0,1,0
0,6,0,0,8,2013,25.0,1.1428571428571428,0,0,0,0,0,1,0,0,1,0,0,1,0,0
0,1,0,0,1,2013,39.0,0.047619047619047616,0,0,0,0,0,1,0,0,1,0,0,0,0,0
0,7,0,0,0,2013,18.0,0.0,0,0,1,1,0,1,0,0,0,1,0,1,0,0
0,6,0,0,0,2014,27.0,0.0,0,0,1,0,0,1,1,0,0,0,1,0,1,0
0,7,0,0,21,2013,55.0,0.5675675675675675,0,0,0,0,0,1,1,0,1,0,0,1,0,0
0,7,0,0,3,2013,19.0,3.0,0,0,0,1,0,1,0,0,0,1,0,1,0,0
0,1,0,0,1,2013,46.0,0.03571428571428571,0,0,0,0,0,1,1,0,0,0,0,0,0,1
0,4,0,0,0,2013,33.0,0.0,0,0,1,0,0,1,0,0,1,0,0,0,1,0
0,5,0,0,1,2014,55.0,0.02702702702702703,0,0,0,0,0,1,0,0,0,1,0,1,0,0
0,1,0,0,3,2013,24.0,0.5,0,0,0,1,0,1,1,0,1,0,0,0,1,0
0,4,0,0,3,2013,23.0,0.6,0,0,0,1,0,1,0,0,0,1,0,1,0,0
0,8,1,1,3,2013,22.0,0.75,2,1,0,1,0,1,0,0,1,0,0,0,1,0
0,1,0,0,0,2013,30.0,0.0,0,0,1,0,0,1,0,0,0,0,1,0,1,0
0,6,0,0,2,2013,25.0,0.2857142857142857,0,0,0,0,0,1,0,0,1,0,0,1,0,0
0,10,0,0,3,2014,22.0,0.75,0,0,0,0,0,0,0,0,0,1,0,1,0,0
0,10,0,1,1,2014,18.0,1.0,1,1,0,1,0,1,0,0,0,0,1,0,1,0
0,1,0,0,2,2013,33.0,0.13333333333333333,0,0,0,0,0,1,1,0,0,0,1,0,1,0
0,5,0,0,0,2013,21.0,0.0,0,0,1,0,0,0,0,0,1,0,0,0,1,0
0,1,0,0,0,2013,31.0,0.0,0,0,1,0,0,1,1,0,0,0,0,0,1,0
0,5,0,0,2,2013,22.0,0.5,0,0,0,1,0,1,0,0,1,0,0,0,0,1
1,10,0,1,1,2014,18.0,1.0,2,1,0,1,0,1,0,0,1,0,0,1,0,0
0,2,0,0,1,2013,22.0,0.25,0,0,0,1,0,1,1,0,0,0,1,1,0,0
0,1,0,0,4,2013,58.0,0.1,0,0,0,0,0,1,0,0,1,0,0,0,1,0
0,2,0,0,3,2014,48.0,0.1,0,0,0,0,0,0,0,0,0,0,1,1,0,0
0,1,0,0,1,2013,27.0,0.1111111111111111,0,0,0,0,0,1,1,0,0,0,1,1,0,0
0,3,0,0,5,2013,36.0,0.2777777777777778,0,0,0,0,0,1,0,1,0,0,0,1,0,0
0,1,0,0,0,2013,22.0,0.0,0,0,1,1,0,1,1,0,0,0,1,0,1,0
0,10,0,0,2,2014,44.0,0.07692307692307693,0,0,0,0,0,0,0,0,0,1,0,1,0,0
0,1,0,0,0,2013,38.0,0.0,0,0,1,0,0,1,1,0,0,0,1,0,1,0
0,8,0,1,0,2014,19.0,0.0,1,1,1,1,0,1,0,1,0,0,0,0,0,0
0,8,0,0,13,2013,24.0,2.1666666666666665,0,0,0,1,0,1,1,0,1,0,0,1,0,0
0,6,0,0,1,2013,24.0,0.16666666666666666,0,0,0,1,0,1,1,0,0,0,1,1,0,0
0,5,0,0,3,2014,27.0,0.3333333333333333,0,0,0,0,0,1,0,1,0,0,0,1,0,0
0,5,0,0,6,2013,49.0,0.1935483870967742,0,0,0,0,0,1,0,0,0,1,0,0,1,0
0,4,0,0,1,2014,26.0,0.125,0,0,0,0,0,1,0,0,0,0,1,0,1,0
0,3,0,0,5,2014,54.0,0.1388888888888889,0,0,0,0,0,1,0,0,0,1,0,1,0,0
1,9,1,0,10,2013,23.0,2.0,2,1,0,1,1,1,0,0,0,0,1,1,0,0
0,10,0,0,5,2013,26.0,0.625,0,0,0,0,0,1,0,1,0,0,0,1,0,0
0,1,0,0,2,2013,60.0,0.047619047619047616,0,0,0,0,0,1,0,0,0,0,0,0,1,0
0,1,0,0,0,2013,39.0,0.0,0,0,1,0,0,1,0,0,0,0,1,1,0,0
1,6,2,2,6,2013,20.0,3.0,5,1,0,1,0,1,0,0,0,0,0,1,0,0
0,9,0,0,28,2014,52.0,0.8235294117647058,0,0,0,0,0,1,0,1,0,0,0,1,0,0
0,7,0,1,8,2014,33.0,0.5333333333333333,1,1,0,0,0,1,0,0,0,0,1,1,0,0
1,9,0,0,6,2014,22.0,1.5,1,1,0,0,0,0,0,0,1,0,0,1,0,0
0,1,0,0,2,2013,51.0,0.06060606060606061,0,0,0,0,0,1,1,0,0,0,1,1,0,0
0,6,0,0,12,2013,55.0,0.32432432432432434,0,0,0,0,0,1,1,0,0,0,0,1,0,0
0,5,0,1,1,2014,22.0,0.25,1,1,0,1,0,1,1,0,1,0,0,0,1,0
0,2,0,0,1,2014,33.0,0.06666666666666667,0,0,0,0,0,1,1,0,0,0,1,1,0,0
0,10,0,0,1,2013,18.0,1.0,0,0,0,1,0,1,0,0,0,1,0,1,0,0
0,1,0,0,0,2013,48.0,0.0,0,0,1,0,0,1,0,0,0,0,1,0,1,0
0,10,0,0,0,2013,21.0,0.0,0,0,1,1,0,1,0,0,1,0,0,0,0,1
0,2,0,0,3,2013,34.0,0.1875,0,0,0,0,0,1,0,1,0,0,0,0,1,0
0,1,0,0,3,2014,44.0,0.11538461538461539,0,0,0,0,0,1,0,0,1,0,0,0,1,0
0,6,0,0,4,2014,32.0,0.2857142857142857,0,0,0,0,0,1,0,1,0,0,0,0,1,0
0,1,0,0,0,2013,54.0,0.0,0,0,1,0,0,1,0,0,0,1,0,0,1,0
0,1,0,0,4,2013,32.0,0.2857142857142857,0,0,0,0,0,1,0,0,0,1,0,0,0,1
0,1,0,0,1,2013,56.0,0.02631578947368421,0,0,0,0,0,1,0,0,0,0,1,0,1,0
0,6,0,0,0,2013,32.0,0.0,0,0,1,0,0,1,0,0,0,1,0,0,0,0
0,1,0,0,1,2013,55.0,0.02702702702702703,0,0,0,0,0,1,0,1,0,0,0,0,0,1
0,4,0,0,2,2013,26.0,0.25,0,0,0,0,0,1,1,0,0,0,0,0,0,1
0,9,0,1,6,2014,22.0,1.5,1,1,0,0,0,0,0,0,1,0,0,0,1,0
0,9,0,4,2,2013,18.0,2.0,4,1,0,1,0,1,1,0,0,0,1,0,1,0
0,7,0,0,5,2014,48.0,0.16666666666666666,0,0,0,0,0,1,0,0,0,0,0,0,0,0
0,2,0,0,1,2013,23.0,0.2,0,0,0,1,0,1,0,0,0,1,0,1,0,0
0,2,0,0,0,2013,27.0,0.0,0,0,1,0,0,0,1,0,0,0,0,0,1,0
0,4,0,0,0,2014,27.0,0.0,0,0,1,0,0,1,1,0,0,0,1,0,1,0
0,1,0,0,0,2013,51.0,0.0,0,0,1,0,0,1,1,0,0,0,1,1,0,0
0,4,0,0,4,2013,26.0,0.5,0,0,0,0,0,1,0,0,1,0,0,1,0,0
0,1,0,0,0,2013,57.0,0.0,0,0,1,0,0,0,1,0,0,0,0,0,1,0
0,5,0,0,0,2013,35.0,0.0,0,0,1,0,0,1,0,0,1,0,0,1,0,0
0,3,0,0,1,2013,24.0,0.16666666666666666,0,0,0,1,0,1,1,0,1,0,0,0,1,0
0,5,0,0,7,2014,24.0,1.1666666666666667,0,0,0,1,1,1,0,0,0,0,1,0,0,1
0,3,0,0,20,2013,49.0,0.6451612903225806,0,0,0,0,0,1,0,0,1,0,0,0,0,1
0,6,0,0,33,2013,64.0,0.717391304347826,0,0,0,0,0,1,0,0,1,0,0,1,0,0
0,5,0,0,2,2013,24.0,0.3333333333333333,0,0,0,1,0,1,0,1,0,0,0,0,1,0
0,1,0,0,1,2013,48.0,0.03333333333333333,0,0,0,0,0,1,1,0,0,0,0,0,1,0
0,2,0,0,1,2013,32.0,0.07142857142857142,0,0,0,0,0,1,0,0,1,0,0,0,1,0
0,3,0,0,4,2014,50.0,0.125,0,0,0,0,0,1,1,0,0,0,1,0,1,0
0,5,0,0,12,2013,45.0,0.4444444444444444,0,0,0,0,0,1,0,0,0,0,1,0,0,0
0,2,0,0,0,2013,24.0,0.0,0,0,1,0,0,0,1,0,0,0,1,1,0,0
0,1,0,0,0,2014,46.0,0.0,0,0,1,0,0,0,1,0,1,0,0,0,1,0
0,4,0,0,7,2013,28.0,0.7,0,0,0,0,0,1,1,0,0,0,1,0,0,1
0,1,0,0,2,2013,26.0,0.25,0,0,0,0,0,1,1,0,0,0,1,0,0,0
0,3,0,0,2,2013,30.0,0.16666666666666666,0,0,0,0,0,1,1,0,0,0,1,1,0,0
0,4,0,0,6,2013,31.0,0.46153846153846156,0,0,0,0,0,0,0,0,0,1,0,1,0,0
0,1,0,0,0,2013,22.0,0.0,0,0,1,1,0,1,1,0,1,0,0,0,0,0
0,7,0,0,10,2014,58.0,0.25,0,0,0,0,0,1,0,0,1,0,0,1,0,0
0,5,0,0,5,2014,27.0,0.5555555555555556,0,0,0,0,0,1,0,0,1,0,0,1,0,0
0,2,0,0,0,2013,21.0,0.0,0,0,1,1,0,1,0,1,0,0,0,0,1,0
0,7,0,0,1,2013,45.0,0.037037037037037035,0,0,0,0,0,1,0,0,0,0,1,0,1,0
0,5,0,0,4,2014,49.0,0.12903225806451613,0,0,0,0,0,1,1,0,1,0,0,1,0,0
0,4,0,0,0,2014,19.0,0.0,0,0,1,1,0,1,0,1,0,0,0,1,0,0
0,4,0,0,4,2014,23.0,0.8,0,0,0,1,0,1,0,1,0,0,0,0,1,0
0,2,0,0,0,2013,21.0,0.0,0,0,1,1,0,1,0,0,0,0,1,0,1,0
0,9,0,0,0,2013,19.0,0.0,0,0,1,1,0,1,1,0,0,0,1,0,1,0
0,4,1,3,6,2013,25.0,0.8571428571428571,4,1,0,0,0,1,0,0,0,0,1,0,1,0
0,3,1,0,1,2014,23.0,0.2,1,1,0,1,0,1,1,0,0,0,1,1,0,0
0,2,0,0,0,2013,28.0,0.0,0,0,1,0,0,1,0,0,0,1,0,1,0,0
0,4,1,0,6,2014,23.0,1.2,1,1,0,1,0,1,0,0,1,0,0,1,0,0
0,1,0,0,1,2014,30.0,0.08333333333333333,0,0,0,0,0,1,0,0,1,0,0,0,1,0
0,3,0,0,0,2014,19.0,0.0,0,0,1,1,0,1,0,0,0,1,0,0,1,0
0,1,0,0,1,2013,34.0,0.0625,0,0,0,0,0,1,0,0,1,0,0,0,0,0
0,3,0,0,0,2013,23.0,0.0,0,0,1,1,0,1,0,1,0,0,0,0,1,0
1,10,1,0,20,2013,28.0,2.0,2,1,0,0,0,1,0,0,1,0,0,0,0,1
0,7,0,0,0,2013,32.0,0.0,0,0,1,0,0,1,0,0,0,1,0,1,0,0
0,7,0,0,14,2014,40.0,0.6363636363636364,0,0,0,0,0,1,0,0,1,0,0,1,0,0
0,10,0,1,9,2013,22.0,2.25,1,1,0,1,0,1,1,0,1,0,0,0,1,0
0,6,0,0,0,2013,18.0,0.0,0,0,1,1,0,1,0,0,0,1,0,0,0,1
0,1,0,0,1,2013,44.0,0.038461538461538464,0,0,0,0,0,1,1,0,0,0,1,0,1,0
0,9,0,0,5,2014,25.0,0.7142857142857143,0,0,0,0,0,1,0,0,0,0,1,1,0,0
0,1,0,0,2,2014,41.0,0.08695652173913043,0,0,0,0,0,1,1,0,0,0,0,0,0,1
0,6,0,0,2,2013,44.0,0.07692307692307693,0,0,0,0,0,1,0,1,0,0,0,0,1,0
0,3,0,0,1,2013,41.0,0.043478260869565216,0,0,0,0,0,1,1,0,0,0,0,1,0,0
0,2,0,0,2,2013,20.0,1.0,0,0,0,1,0,1,0,1,0,0,0,0,1,0
0,5,0,0,8,2013,40.0,0.36363636363636365,0,0,0,0,0,1,0,0,1,0,0,1,0,0
0,6,0,0,6,2013,55.0,0.16216216216216217,0,0,0,0,0,1,0,0,0,1,0,1,0,0
0,6,0,1,3,2013,22.0,0.75,1,1,0,1,0,1,0,0,0,1,0,1,0,0
0,1,0,0,0,2013,44.0,0.0,0,0,1,0,0,0,0,0,0,1,0,0,0,0
0,3,0,0,3,2013,37.0,0.15789473684210525,0,0,0,0,0,1,0,0,0,1,0,1,0,0
0,5,2,0,3,2013,18.0,3.0,2,1,0,1,0,1,0,0,1,0,0,1,0,0
0,1,0,0,1,2014,61.0,0.023255813953488372,0,0,0,0,0,1,1,0,0,0,0,0,1,0
0,7,1,0,3,2013,20.0,1.5,1,1,0,1,0,1,0,0,1,0,0,1,0,0
0,3,0,0,3,2013,47.0,0.10344827586206896,0,0,0,0,0,1,1,0,0,0,1,1,0,0
0,1,0,0,0,2013,35.0,0.0,0,0,1,0,0,1,0,0,0,0,1,1,0,0
0,6,0,0,1,2013,39.0,0.047619047619047616,0,0,0,0,0,1,0,0,0,0,1,0,1,0
8,8,0,1,16,2014,26.0,2.0,9,1,0,0,1,1,0,0,0,0,1,1,0,0
0,3,0,0,0,2013,27.0,0.0,0,0,1,0,0,0,1,0,0,0,1,1,0,0
0,5,0,0,1,2013,20.0,0.5,0,0,0,1,0,1,0,0,1,0,0,1,0,0
0,4,0,0,2,2014,23.0,0.4,0,0,0,1,0,1,0,0,1,0,0,0,1,0
0,4,0,0,5,2013,37.0,0.2631578947368421,0,0,0,0,0,1,0,0,1,0,0,0,1,0
0,8,0,0,8,2013,21.0,2.6666666666666665,0,0,0,1,0,1,0,1,0,0,0,0,0,1
0,4,0,0,5,2013,24.0,0.8333333333333334,0,0,0,1,0,1,1,0,1,0,0,1,0,0
0,3,0,0,11,2013,42.0,0.4583333333333333,0,0,0,0,0,1,1,0,0,0,1,0,1,0
0,2,0,0,6,2013,32.0,0.42857142857142855,0,0,0,0,0,0,0,0,1,0,0,1,0,0
0,1,0,0,0,2013,39.0,0.0,0,0,1,0,0,1,1,0,0,0,1,0,1,0
0,7,0,0,15,2014,35.0,0.8823529411764706,0,0,0,0,0,1,0,0,1,0,0,1,0,0
0,6,0,0,4,2013,23.0,0.8,0,0,0,1,0,1,0,1,0,0,0,0,0,1
0,3,0,0,0,2013,22.0,0.0,0,0,1,0,0,0,1,0,1,0,0,1,0,0
0,1,0,0,1,2013,62.0,0.022727272727272728,0,0,0,0,0,1,0,0,0,0,1,0,0,1
0,1,0,0,2,2014,47.0,0.06896551724137931,0,0,0,0,0,0,1,0,0,0,0,0,1,0
0,1,0,0,5,2014,49.0,0.16129032258064516,0,0,0,0,0,1,0,0,0,0,0,0,1,0
0,1,0,0,0,2013,63.0,0.0,0,0,1,0,0,1,1,0,0,0,1,0,1,0
0,1,0,0,0,2013,43.0,0.0,0,0,1,0,0,0,1,0,0,0,1,0,1,0
0,6,0,1,5,2013,27.0,0.5555555555555556,1,1,0,0,0,1,0,0,0,0,0,1,0,0
0,3,0,0,0,2014,20.0,0.0,0,0,1,0,0,0,1,0,0,0,1,0,1,0
0,4,0,0,1,2013,19.0,1.0,0,0,0,1,0,1,1,0,1,0,0,0,1,0
0,6,0,0,0,2013,28.0,0.0,0,0,1,0,0,1,1,0,0,0,1,0,0,0
0,1,0,0,0,2013,28.0,0.0,0,0,1,0,0,1,1,0,0,0,0,0,0,1
0,2,0,0,1,2013,28.0,0.1,0,0,0,0,0,1,0,0,1,0,0,0,0,0
0,3,0,0,0,2013,21.0,0.0,0,0,1,1,0,1,1,0,1,0,0,1,0,0
0,7,0,0,0,2013,18.0,0.0,0,0,1,0,0,0,0,0,0,1,0,0,1,0
0,2,0,0,0,2013,24.0,0.0,0,0,1,1,0,1,1,0,0,0,1,1,0,0
0,2,0,0,0,2014,18.0,0.0,0,0,1,1,0,1,1,0,1,0,0,0,0,1
0,1,0,0,1,2013,30.0,0.08333333333333333,0,0,0,0,0,1,0,1,0,0,0,0,0,1
0,5,0,1,0,2013,22.0,0.0,1,1,1,0,0,0,0,0,0,1,0,0,1,0
1,3,0,0,1,2014,17.0,1.0,1,1,0,1,0,1,0,0,1,0,0,1,0,0
0,8,0,0,3,2013,28.0,0.3,0,0,0,0,0,1,1,0,1,0,0,1,0,0
0,7,0,0,3,2014,26.0,0.375,0,0,0,0,0,1,1,0,0,0,1,1,0,0
0,2,0,0,0,2013,37.0,0.0,0,0,1,0,0,1,0,0,0,0,1,1,0,0
0,10,0,0,11,2014,21.0,3.6666666666666665,0,0,0,1,0,1,0,1,0,0,0,1,0,0
0,1,0,0,1,2013,35.0,0.058823529411764705,0,0,0,0,0,0,0,0,0,0,1,1,0,0
0,10,0,0,1,2014,34.0,0.0625,0,0,0,0,0,1,1,0,0,1,0,0,0,1
0,7,0,0,1,2013,27.0,0.1111111111111111,0,0,0,0,0,1,1,0,1,0,0,1,0,0
0,6,0,0,6,2014,25.0,0.8571428571428571,0,0,0,0,0,1,0,0,1,0,0,0,1,0
0,1,0,0,0,2013,57.0,0.0,0,0,1,0,0,0,1,0,0,0,0,0,1,0
0,1,0,0,2,2013,34.0,0.125,0,0,0,0,0,1,1,0,0,0,0,0,1,0
0,7,0,0,5,2014,26.0,0.625,0,0,0,0,0,1,1,0,0,0,1,1,0,0
0,1,0,0,0,2013,35.0,0.0,0,0,1,0,0,1,0,1,0,0,0,0,1,0
0,8,0,1,0,2014,20.0,0.0,1,1,1,1,0,1,0,0,1,0,0,1,0,0
0,5,0,0,4,2013,22.0,1.0,0,0,0,1,0,1,0,0,0,1,0,1,0,0
0,1,0,0,0,2013,49.0,0.0,0,0,1,0,0,1,1,0,0,0,0,0,1,0
0,2,0,0,2,2013,26.0,0.25,0,0,0,0,0,1,1,0,0,0,1,0,1,0
0,3,0,0,10,2014,26.0,1.25,0,0,0,0,0,1,0,0,0,0,0,1,0,0
0,3,0,0,9,2013,52.0,0.2647058823529412,0,0,0,0,0,1,1,0,1,0,0,1,0,0
0,10,0,0,3,2013,20.0,1.5,0,0,0,0,0,0,0,0,1,0,0,0,1,0
0,5,0,0,0,2013,19.0,0.0,0,0,1,0,0,0,1,0,1,0,0,1,0,0
0,10,0,0,2,2014,18.0,2.0,0,0,0,0,0,0,0,1,0,0,0,0,1,0
0,1,0,0,1,2013,28.0,0.1,0,0,0,0,0,1,1,0,0,0,1,1,0,0
0,1,0,0,0,2014,27.0,0.0,0,0,1,0,0,1,1,0,0,0,0,1,0,0
0,6,0,0,15,2013,58.0,0.375,0,0,0,0,0,1,0,0,0,1,0,1,0,0
0,2,0,0,0,2013,28.0,0.0,0,0,1,0,0,1,1,0,0,0,0,0,0,1
0,9,1,1,4,2014,19.0,4.0,2,1,0,1,0,1,0,0,1,0,0,1,0,0
0,7,0,0,3,2013,23.0,0.6,0,0,0,1,0,1,0,0,0,1,0,0,1,0
0,9,0,0,5,2013,25.0,0.7142857142857143,0,0,0,0,0,1,1,0,0,0,1,0,1,0
0,5,0,0,1,2013,23.0,0.2,0,0,0,1,0,1,0,0,0,0,1,0,1,0
0,5,2,0,3,2013,20.0,1.5,2,1,0,1,1,1,0,0,0,0,1,0,1,0
0,1,0,0,0,2014,36.0,0.0,0,0,1,0,0,1,0,0,0,0,1,1,0,0
0,9,2,1,18,2013,24.0,3.0,3,1,0,1,0,1,0,0,0,1,0,1,0,0
0,3,0,0,0,2014,34.0,0.0,0,0,1,0,0,0,0,0,1,0,0,0,1,0
0,9,0,0,0,2013,19.0,0.0,0,0,1,1,0,1,0,0,0,1,0,0,0,0
0,2,0,0,4,2014,57.0,0.10256410256410256,0,0,0,0,0,0,0,0,1,0,0,1,0,0
0,4,0,0,0,2014,55.0,0.0,0,0,1,0,0,0,1,0,1,0,0,0,1,0
0,3,0,1,0,2014,19.0,0.0,1,1,1,1,0,1,0,0,0,1,0,1,0,0
0,8,0,0,0,2013,19.0,0.0,0,0,1,0,0,0,0,0,0,1,0,1,0,0
0,2,0,0,0,2013,26.0,0.0,0,0,1,0,0,1,0,0,0,1,0,1,0,0
0,8,0,0,8,2014,28.0,0.8,0,0,0,0,0,1,0,1,0,0,0,1,0,0
0,6,0,0,10,2013,28.0,1.0,0,0,0,0,0,0,0,0,0,0,0,1,0,0
0,6,0,0,1,2014,43.0,0.04,0,0,0,0,0,0,0,0,0,0,0,0,1,0
0,2,0,0,2,2013,36.0,0.1111111111111111,0,0,0,0,0,1,0,0,1,0,0,0,1,0
0,8,0,0,0,2013,29.0,0.0,0,0,1,0,0,1,0,1,0,0,0,1,0,0
0,4,0,0,1,2014,20.0,0.5,0,0,0,1,0,1,0,0,0,1,0,1,0,0
0,7,0,0,13,2013,25.0,1.8571428571428572,0,0,0,0,0,1,0,0,1,0,0,1,0,0
0,1,0,0,1,2014,36.0,0.05555555555555555,0,0,0,0,0,1,0,0,1,0,0,0,1,0
0,10,0,0,23,2014,30.0,1.9166666666666667,0,0,0,0,0,1,0,0,1,0,0,1,0,0
0,9,0,0,20,2014,45.0,0.7407407407407407,0,0,0,0,0,1,0,0,1,0,0,1,0,0
0,7,1,0,3,2013,19.0,3.0,1,1,0,1,0,1,0,0,1,0,0,1,0,0
0,9,0,1,1,2011,30.0,0.08333333333333333,1,1,0,0,0,1,1,0,0,0,1,1,0,0
0,6,0,0,2,2013,21.0,0.6666666666666666,0,0,0,1,0,1,1,0,1,0,0,0,0,1
0,2,0,0,2,2014,63.0,0.044444444444444446,0,0,0,0,0,1,1,0,1,0,0,1,0,0
0,4,0,0,0,2014,33.0,0.0,0,0,1,0,0,1,1,0,1,0,0,1,0,0
0,3,0,0,0,2013,30.0,0.0,0,0,1,0,0,0,0,0,0,1,0,1,0,0
0,1,0,0,1,2013,50.0,0.03125,0,0,0,0,0,1,1,0,0,0,1,0,1,0
0,1,0,0,0,2013,49.0,0.0,0,0,1,0,0,1,0,0,0,0,0,0,0,1
0,5,0,0,0,2013,18.0,0.0,0,0,1,1,0,1,0,0,1,0,0,1,0,0
0,4,0,0,11,2014,35.0,0.6470588235294118,0,0,0,0,0,1,0,0,0,0,1,1,0,0
0,9,0,0,4,2013,27.0,0.4444444444444444,0,0,0,0,0,1,1,0,0,0,0,0,0,0
0,1,0,0,0,2014,52.0,0.0,0,0,1,0,0,1,0,0,0,1,0,0,0,0
0,1,0,0,0,2014,29.0,0.0,0,0,1,0,0,0,1,0,0,0,1,1,0,0
0,3,0,0,2,2013,56.0,0.05263157894736842,0,0,0,0,0,0,0,0,0,1,0,0,1,0
0,2,0,0,0,2013,24.0,0.0,0,0,1,1,0,1,1,1,0,0,0,1,0,0
0,7,0,0,0,2013,34.0,0.0,0,0,1,0,0,1,1,0,0,0,1,1,0,0
0,9,0,0,17,2014,45.0,0.6296296296296297,0,0,0,0,0,1,0,0,1,0,0,1,0,0
0,9,0,1,3,2013,19.0,3.0,1,1,0,1,0,1,0,0,1,0,0,1,0,0
0,2,0,0,0,2013,25.0,0.0,0,0,1,0,0,0,1,0,0,0,0,0,1,0
0,9,0,1,15,2014,33.0,1.0,1,1,0,0,0,0,0,0,0,1,0,0,1,0
0,9,0,0,7,2013,26.0,0.875,0,0,0,0,0,1,0,0,0,0,0,0,0,1
0,10,0,1,2,2013,19.0,2.0,1,1,0,1,0,1,1,0,0,0,1,1,0,0
0,4,0,0,3,2013,24.0,0.5,0,0,0,1,0,1,0,0,0,1,0,1,0,0
0,6,0,1,0,2013,18.0,0.0,1,1,1,1,0,1,0,0,1,0,0,0,0,0
0,1,0,0,3,2014,46.0,0.10714285714285714,0,0,0,0,0,1,0,0,0,1,0,0,1,0
0,7,0,0,5,2013,29.0,0.45454545454545453,0,0,0,0,0,1,0,0,1,0,0,1,0,0
0,5,1,0,4,2013,34.0,0.25,1,1,0,0,0,1,1,0,0,0,1,1,0,0
0,8,0,0,14,2013,42.0,0.5833333333333334,0,0,0,0,0,1,0,0,0,0,0,1,0,0
0,1,0,0,2,2013,50.0,0.0625,0,0,0,0,0,1,0,0,1,0,0,0,1,0
0,2,0,0,3,2013,30.0,0.25,0,0,0,0,0,1,1,0,0,0,0,1,0,0
0,5,0,0,2,2014,46.0,0.07142857142857142,0,0,0,0,0,1,0,1,0,0,0,0,1,0
0,7,0,0,20,2014,55.0,0.5405405405405406,0,0,0,0,0,1,0,1,0,0,0,1,0,0
0,4,0,0,2,2013,25.0,0.2857142857142857,0,0,0,0,0,1,1,0,1,0,0,1,0,0
0,6,0,0,1,2013,21.0,0.3333333333333333,0,0,0,1,0,1,1,0,0,0,1,1,0,0
0,1,0,0,1,2013,42.0,0.041666666666666664,0,0,0,0,0,1,0,0,1,0,0,1,0,0
0,1,0,0,0,2013,43.0,0.0,0,0,1,0,0,1,0,0,0,1,0,1,0,0
0,3,0,0,6,2013,34.0,0.375,0,0,0,0,0,1,0,0,1,0,0,1,0,0
0,6,0,0,10,2014,23.0,2.0,0,0,0,1,0,1,1,0,1,0,0,1,0,0
0,8,1,0,10,2013,25.0,1.4285714285714286,1,1,0,0,0,1,0,0,0,0,0,1,0,0
0,2,0,0,1,2013,37.0,0.05263157894736842,0,0,0,0,0,1,0,0,1,0,0,0,1,0
0,3,0,0,9,2013,57.0,0.23076923076923078,0,0,0,0,0,0,0,0,1,0,0,0,1,0
0,1,0,0,1,2014,51.0,0.030303030303030304,0,0,0,0,0,1,0,0,1,0,0,0,1,0
0,1,0,0,0,2014,26.0,0.0,0,0,1,0,0,1,0,0,0,0,0,1,0,0
0,4,0,0,0,2014,20.0,0.0,0,0,1,1,0,1,1,0,0,0,0,0,0,1
0,8,0,0,2,2013,43.0,0.08,0,0,0,0,0,0,0,0,0,1,0,0,1,0
0,5,0,0,0,2013,20.0,0.0,0,0,1,1,0,1,0,0,1,0,0,1,0,0
0,8,0,0,18,2013,47.0,0.6206896551724138,0,0,0,0,0,1,0,0,0,0,0,1,0,0
0,1,0,0,0,2013,42.0,0.0,0,0,1,0,0,1,1,0,0,0,0,1,0,0
0,5,0,0,1,2014,20.0,0.5,0,0,0,1,0,1,0,0,1,0,0,1,0,0
0,2,0,0,1,2014,24.0,0.16666666666666666,0,0,0,1,0,1,0,0,1,0,0,0,1,0
0,1,0,0,0,2013,58.0,0.0,0,0,1,0,0,1,0,0,0,0,1,0,1,0
0,1,0,0,0,2013,31.0,0.0,0,0,1,0,0,1,1,0,0,0,0,0,1,0
0,10,0,0,1,2013,21.0,0.3333333333333333,0,0,0,1,0,1,0,0,0,1,0,0,0,1
0,2,0,0,0,2013,18.0,0.0,0,0,1,1,0,1,1,0,0,0,1,0,1,0
0,2,0,0,0,2014,23.0,0.0,0,0,1,1,0,1,0,0,0,0,1,0,1,0
0,1,0,0,0,2013,65.0,0.0,0,0,1,0,0,1,1,0,1,0,0,0,1,0
0,3,0,0,1,2013,18.0,1.0,0,0,0,1,0,1,0,0,1,0,0,0,1,0
0,3,0,0,1,2014,35.0,0.058823529411764705,0,0,0,0,0,0,0,0,0,1,0,0,0,1
0,8,0,0,0,2013,20.0,0.0,0,0,1,1,0,1,0,0,1,0,0,1,0,0
0,1,0,0,1,2013,38.0,0.05,0,0,0,0,0,1,0,0,1,0,0,0,1,0
0,4,1,1,1,2013,19.0,1.0,2,1,0,1,0,1,0,0,1,0,0,0,1,0
0,4,0,0,0,2014,44.0,0.0,0,0,1,0,0,1,0,0,0,1,0,1,0,0
0,10,0,0,4,2013,32.0,0.2857142857142857,0,0,0,0,0,0,0,0,1,0,0,1,0,0
0,6,0,0,2,2013,45.0,0.07407407407407407,0,0,0,0,0,1,0,0,0,0,0,1,0,0
0,9,0,1,6,2014,21.0,2.0,1,1,0,1,0,1,0,0,0,1,0,1,0,0
0,8,0,0,0,2013,21.0,0.0,0,0,1,1,0,1,0,0,1,0,0,1,0,0
0,2,0,0,0,2013,26.0,0.0,0,0,1,0,0,1,0,0,0,1,0,1,0,0
0,3,0,0,0,2013,22.0,0.0,0,0,1,1,0,1,0,0,0,0,1,1,0,0
0,9,0,0,11,2013,47.0,0.3793103448275862,0,0,0,0,0,1,0,0,1,0,0,1,0,0
0,7,1,0,10,2014,32.0,0.7142857142857143,1,1,0,0,0,1,0,0,1,0,0,1,0,0
0,2,0,0,0,2013,20.0,0.0,0,0,1,1,0,1,0,0,0,1,0,1,0,0
0,5,0,0,0,2013,18.0,0.0,0,0,1,0,0,0,1,0,1,0,0,0,1,0
0,1,0,0,0,2013,33.0,0.0,0,0,1,0,0,1,0,0,1,0,0,0,0,0
0,5,0,0,22,2014,29.0,2.0,0,0,0,0,0,1,0,1,0,0,0,0,1,0
0,10,0,0,0,2013,18.0,0.0,0,0,1,1,0,1,0,1,0,0,0,1,0,0
0,1,0,0,0,2013,50.0,0.0,0,0,1,0,0,0,0,1,0,0,0,0,1,0
0,5,1,1,7,2013,22.0,1.75,2,1,0,1,0,1,1,0,1,0,0,1,0,0
0,9,0,0,1,2009,19.0,1.0,0,0,0,0,0,0,1,0,1,0,0,1,0,0
0,1,0,0,8,2013,68.0,0.16,0,0,0,0,0,1,0,0,0,0,0,1,0,0
0,9,4,0,10,2004,28.0,1.0,4,1,0,0,0,1,1,0,1,0,0,1,0,0
0,5,0,0,0,2014,34.0,0.0,0,0,1,0,0,0,0,1,0,0,0,1,0,0
0,5,0,2,0,2014,19.0,0.0,2,1,1,1,0,1,0,1,0,0,0,1,0,0
0,5,0,0,3,2013,27.0,0.3333333333333333,0,0,0,0,0,0,0,1,0,0,0,1,0,0
0,5,0,0,2,2014,21.0,0.6666666666666666,0,0,0,1,0,1,0,1,0,0,0,1,0,0
0,7,0,0,4,2013,23.0,0.8,0,0,0,1,0,1,0,0,0,0,1,1,0,0
0,10,0,0,19,2013,44.0,0.7307692307692307,0,0,0,0,0,0,0,1,0,0,0,1,0,0
0,4,0,0,1,2013,19.0,1.0,0,0,0,1,0,1,0,1,0,0,0,0,0,0
0,10,0,0,0,2014,21.0,0.0,0,0,1,0,0,0,1,0,0,0,1,0,0,0
0,8,0,0,1,2013,18.0,1.0,0,0,0,0,0,0,0,0,0,1,0,0,1,0
0,2,0,0,0,2014,21.0,0.0,0,0,1,0,0,0,0,0,0,1,0,1,0,0
0,7,0,0,3,2013,25.0,0.42857142857142855,0,0,0,0,0,1,1,0,0,0,0,0,0,0
0,1,0,0,0,2013,50.0,0.0,0,0,1,0,0,0,0,0,0,0,0,1,0,0
0,7,0,0,0,2013,20.0,0.0,0,0,1,0,0,0,0,0,0,0,1,1,0,0
0,7,0,1,5,2014,25.0,0.7142857142857143,1,1,0,0,0,1,0,0,0,1,0,1,0,0
0,6,0,0,6,2013,22.0,1.5,0,0,0,1,0,1,0,0,0,1,0,1,0,0
0,4,0,0,2,2013,21.0,0.6666666666666666,0,0,0,1,0,1,1,0,0,0,0,0,0,0
0,9,0,0,4,2014,25.0,0.5714285714285714,0,0,0,0,0,1,0,0,1,0,0,1,0,0
0,4,0,0,1,2013,26.0,0.125,0,0,0,0,0,1,1,0,1,0,0,1,0,0
0,2,0,0,1,2014,25.0,0.14285714285714285,0,0,0,0,0,1,0,0,0,0,1,0,0,0
0,2,0,0,0,2013,25.0,0.0,0,0,1,0,0,1,0,1,0,0,0,0,0,1
0,2,0,0,0,2013,29.0,0.0,0,0,1,0,0,1,1,0,0,0,1,1,0,0
0,6,0,0,8,2013,39.0,0.38095238095238093,0,0,0,0,0,1,0,1,0,0,0,1,0,0
0,2,0,0,0,2013,22.0,0.0,0,0,1,1,0,1,1,0,0,0,0,0,1,0
0,1,0,0,0,2014,44.0,0.0,0,0,1,0,0,1,1,0,1,0,0,0,1,0
0,2,0,0,4,2013,34.0,0.25,0,0,0,0,0,1,0,0,0,0,0,1,0,0
0,5,0,0,4,2013,32.0,0.2857142857142857,0,0,0,0,0,0,0,0,0,0,1,1,0,0
0,4,0,0,1,2013,21.0,0.3333333333333333,0,0,0,1,0,1,1,0,0,0,1,0,1,0
0,9,2,1,2,2014,19.0,2.0,3,1,0,1,0,1,0,0,0,1,0,0,1,0
0,4,0,0,0,2013,19.0,0.0,0,0,1,1,0,1,0,0,0,1,0,0,1,0
0,6,0,0,11,2013,54.0,0.3055555555555556,0,0,0,0,0,1,0,1,0,0,0,1,0,0
0,7,0,0,0,2013,45.0,0.0,0,0,1,0,0,1,0,0,0,1,0,0,1,0
0,1,0,0,0,2013,33.0,0.0,0,0,1,0,0,1,0,0,0,1,0,0,0,0
0,7,0,0,3,2014,34.0,0.1875,0,0,0,0,0,0,0,0,1,0,0,1,0,0
0,1,0,0,0,2013,28.0,0.0,0,0,1,0,0,1,1,0,0,0,1,0,1,0
0,9,1,0,1,2014,20.0,0.5,1,1,0,1,0,1,0,0,1,0,0,1,0,0
0,3,0,0,2,2013,28.0,0.2,0,0,0,0,0,1,1,0,0,0,0,0,1,0
0,5,0,0,0,2014,22.0,0.0,0,0,1,1,0,1,0,0,0,1,0,1,0,0
0,9,0,1,22,2013,30.0,1.8333333333333333,1,1,0,0,0,1,0,0,1,0,0,1,0,0
0,4,0,0,0,2014,21.0,0.0,0,0,1,0,0,0,1,0,0,0,1,0,0,0
0,1,0,0,0,2013,61.0,0.0,0,0,1,0,0,1,1,0,0,0,0,1,0,0
0,1,0,0,0,2013,27.0,0.0,0,0,1,0,0,1,0,0,0,0,1,0,0,0
0,4,0,2,0,2014,18.0,0.0,2,1,1,1,0,1,0,0,0,1,0,0,1,0
0,5,0,0,1,2013,22.0,0.25,0,0,0,0,0,0,1,0,0,0,1,1,0,0
0,2,0,0,1,2014,34.0,0.0625,0,0,0,0,0,0,1,0,1,0,0,1,0,0
0,1,0,0,0,2013,79.0,0.0,0,0,1,0,0,1,1,0,0,0,1,0,0,1
0,6,0,0,2,2013,25.0,0.2857142857142857,0,0,0,0,0,1,0,0,1,0,0,0,1,0
0,2,0,0,3,2013,33.0,0.2,0,0,0,0,0,1,0,0,0,0,0,1,0,0
0,2,0,0,0,2014,31.0,0.0,0,0,1,0,0,0,1,0,1,0,0,1,0,0
0,3,0,0,0,2013,35.0,0.0,0,0,1,0,0,1,0,0,0,0,0,1,0,0
0,7,0,0,3,2013,27.0,0.3333333333333333,0,0,0,0,0,1,1,0,0,0,0,0,0,0
0,10,0,0,17,2013,27.0,1.8888888888888888,0,0,0,0,0,1,0,0,1,0,0,1,0,0
0,1,0,0,1,2014,22.0,0.25,0,0,0,1,0,1,0,0,1,0,0,1,0,0
0,6,0,0,7,2014,33.0,0.4666666666666667,0,0,0,0,0,1,0,1,0,0,0,1,0,0
0,3,0,1,0,2014,22.0,0.0,1,1,1,1,0,1,0,0,0,0,0,1,0,0
0,4,0,0,8,2013,24.0,1.3333333333333333,0,0,0,1,0,1,0,0,1,0,0,0,1,0
0,7,0,0,14,2013,25.0,2.0,0,0,0,0,0,1,0,0,1,0,0,1,0,0
0,5,0,0,0,2013,29.0,0.0,0,0,1,0,0,1,1,0,1,0,0,1,0,0
0,3,0,0,1,2014,31.0,0.07692307692307693,0,0,0,0,0,0,1,0,0,0,1,0,1,0
0,8,0,0,5,2013,30.0,0.4166666666666667,0,0,0,0,0,1,1,0,1,0,0,1,0,0
0,10,1,0,16,2013,26.0,2.0,1,1,0,0,0,1,0,1,0,0,0,1,0,0
0,3,0,0,1,2014,32.0,0.07142857142857142,0,0,0,0,0,1,1,0,0,1,0,0,1,0
0,1,0,0,0,2013,34.0,0.0,0,0,1,0,0,0,1,0,0,0,1,0,0,0
0,1,0,0,0,2013,40.0,0.0,0,0,1,0,0,1,1,0,0,0,1,0,1,0
0,4,0,0,2,2014,45.0,0.07407407407407407,0,0,0,0,0,1,0,0,1,0,0,0,1,0
0,6,0,0,3,2014,23.0,0.6,0,0,0,1,0,1,1,0,0,0,1,1,0,0
0,3,0,0,1,2013,20.0,0.5,0,0,0,0,0,0,0,0,1,0,0,1,0,0
0,2,0,0,2,2013,37.0,0.10526315789473684,0,0,0,0,0,1,1,0,0,0,1,0,1,0
0,8,0,0,13,2013,33.0,0.8666666666666667,0,0,0,0,0,1,0,1,0,0,0,1,0,0
0,1,0,0,0,2013,30.0,0.0,0,0,1,0,0,1,0,0,1,0,0,0,0,0
0,3,0,0,0,2013,18.0,0.0,0,0,1,1,0,1,0,0,0,1,0,0,0,0
1,8,0,0,20,2013,40.0,0.9090909090909091,1,1,0,0,0,1,0,0,0,0,0,1,0,0
0,8,1,1,3,2013,22.0,0.75,2,1,0,1,0,1,0,0,1,0,0,1,0,0
1,10,0,0,25,2014,46.0,0.8928571428571429,1,1,0,0,0,1,0,0,1,0,0,1,0,0
0,7,0,1,1,2012,19.0,1.0,1,1,0,1,0,1,1,0,0,0,1,1,0,0
1,8,0,0,9,2013,49.0,0.2903225806451613,1,1,0,0,0,1,1,0,0,0,1,1,0,0
0,4,0,0,5,2014,24.0,0.8333333333333334,0,0,0,1,0,1,0,1,0,0,0,0,1,0
0,7,0,0,4,2014,65.0,0.0851063829787234,0,0,0,0,0,1,1,0,0,1,0,1,0,0
0,2,0,0,4,2013,31.0,0.3076923076923077,0,0,0,0,0,1,1,0,1,0,0,1,0,0
0,1,0,0,4,2013,53.0,0.11428571428571428,0,0,0,0,0,1,1,0,1,0,0,0,1,0
0,4,0,0,1,2013,25.0,0.14285714285714285,0,0,0,0,0,1,0,1,0,0,0,1,0,0
0,4,0,0,2,2014,27.0,0.2222222222222222,0,0,0,0,0,1,1,0,0,0,1,1,0,0
0,5,0,0,6,2014,35.0,0.35294117647058826,0,0,0,0,0,1,0,0,0,1,0,1,0,0
0,2,0,0,3,2013,40.0,0.13636363636363635,0,0,0,0,0,1,0,0,0,0,1,0,0,0
0,1,0,0,0,2013,48.0,0.0,0,0,1,0,0,1,0,0,0,1,0,0,1,0
0,7,0,1,1,2014,18.0,1.0,1,1,0,1,0,1,1,0,1,0,0,1,0,0
0,7,0,0,4,2014,24.0,0.6666666666666666,0,0,0,1,0,1,1,0,1,0,0,0,1,0
0,2,0,0,1,2014,38.0,0.05,0,0,0,0,0,0,1,0,0,0,1,0,1,0
0,8,0,1,1,2014,19.0,1.0,1,1,0,1,0,1,0,0,1,0,0,1,0,0
0,9,1,1,1,2013,18.0,1.0,2,1,0,1,0,1,0,0,1,0,0,1,0,0
0,4,2,0,3,2013,21.0,1.0,2,1,0,1,0,1,0,0,0,0,0,0,1,0
0,8,1,0,4,2013,23.0,0.8,1,1,0,1,0,1,1,0,0,0,1,1,0,0
0,2,0,0,1,2013,45.0,0.037037037037037035,0,0,0,0,0,1,0,1,0,0,0,0,1,0
0,5,1,0,5,2014,22.0,1.25,1,1,0,1,0,1,0,0,1,0,0,1,0,0
0,4,0,0,0,2014,24.0,0.0,0,0,1,1,0,1,0,1,0,0,0,0,1,0
0,1,0,0,0,2013,43.0,0.0,0,0,1,0,0,1,0,1,0,0,0,0,1,0
0,9,1,1,7,2013,21.0,2.3333333333333335,2,1,0,1,0,1,1,0,0,0,1,1,0,0
0,5,0,0,0,2013,18.0,0.0,0,0,1,0,0,0,1,0,1,0,0,0,1,0
0,3,0,0,1,2013,21.0,0.3333333333333333,0,0,0,1,0,1,0,0,1,0,0,1,0,0
0,8,0,0,9,2013,33.0,0.6,0,0,0,0,0,1,1,0,1,0,0,1,0,0
0,4,0,0,5,2013,27.0,0.5555555555555556,0,0,0,0,0,1,0,1,0,0,0,1,0,0
0,6,0,0,1,2013,19.0,1.0,0,0,0,0,0,0,0,1,0,0,0,0,1,0
0,9,0,0,0,2013,21.0,0.0,0,0,1,1,0,1,0,0,1,0,0,1,0,0
0,8,3,0,25,2013,28.0,2.5,3,1,0,0,0,1,1,0,1,0,0,1,0,0
0,4,0,0,0,2013,21.0,0.0,0,0,1,1,0,1,0,0,0,0,1,1,0,0
0,8,0,0,13,2013,37.0,0.6842105263157895,0,0,0,0,0,1,0,0,0,1,0,1,0,0
0,1,0,0,0,2013,43.0,0.0,0,0,1,0,0,1,0,0,1,0,0,0,0,0
0,3,0,0,4,2013,27.0,0.4444444444444444,0,0,0,0,0,0,0,0,0,1,0,1,0,0
0,2,0,0,0,2013,36.0,0.0,0,0,1,0,0,1,0,0,0,0,1,0,1,0
0,1,0,0,0,2014,49.0,0.0,0,0,1,0,0,0,0,0,0,0,1,1,0,0
1,9,0,1,3,2013,20.0,1.5,2,1,0,1,0,1,0,0,0,1,0,1,0,0
0,2,0,0,1,2013,24.0,0.16666666666666666,0,0,0,0,0,0,1,0,0,0,1,1,0,0
0,8,1,0,1,2013,19.0,1.0,1,1,0,1,0,1,0,0,0,1,0,0,1,0
0,4,0,0,3,2013,39.0,0.14285714285714285,0,0,0,0,0,1,0,1,0,0,0,0,1,0
0,10,3,1,6,2013,20.0,3.0,4,1,0,1,0,1,0,0,0,1,0,1,0,0
0,3,0,0,4,2014,31.0,0.3076923076923077,0,0,0,0,0,1,0,0,1,0,0,0,0,0
0,3,0,0,1,2014,26.0,0.125,0,0,0,0,0,1,0,0,1,0,0,1,0,0
0,1,0,0,1,2010,45.0,0.037037037037037035,0,0,0,0,0,1,0,0,1,0,0,0,1,0
0,7,0,0,1,2014,30.0,0.08333333333333333,0,0,0,0,0,1,0,0,1,0,0,1,0,0
0,6,0,0,3,2014,22.0,0.75,0,0,0,1,0,1,0,0,0,1,0,0,0,1
0,2,0,0,3,2014,49.0,0.0967741935483871,0,0,0,0,0,1,0,0,0,1,0,1,0,0
0,4,0,0,1,2014,18.0,1.0,0,0,0,1,0,1,1,0,0,0,1,0,1,0
0,5,0,0,4,2013,29.0,0.36363636363636365,0,0,0,0,0,1,0,0,1,0,0,1,0,0
0,3,0,0,1,2013,28.0,0.1,0,0,0,0,0,0,0,1,0,0,0,0,1,0
0,5,0,0,1,2013,26.0,0.125,0,0,0,0,0,0,0,0,1,0,0,1,0,0
0,1,0,0,0,2013,41.0,0.0,0,0,1,0,0,1,1,0,0,0,1,0,0,1
0,7,0,0,9,2013,23.0,1.8,0,0,0,1,0,1,0,0,0,0,0,1,0,0
0,10,0,0,0,2013,23.0,0.0,0,0,1,1,0,1,0,0,1,0,0,0,1,0
0,1,0,0,1,2014,51.0,0.030303030303030304,0,0,0,0,0,1,0,0,0,1,0,0,1,0
0,1,0,0,1,2011,21.0,0.3333333333333333,0,0,0,1,0,1,1,0,1,0,0,0,0,1
0,2,0,0,1,2013,54.0,0.027777777777777776,0,0,0,0,0,0,1,0,0,0,1,0,0,1
0,6,0,0,3,2013,25.0,0.42857142857142855,0,0,0,0,0,1,1,0,1,0,0,1,0,0
0,1,0,0,3,2013,30.0,0.25,0,0,0,0,0,1,0,0,0,1,0,1,0,0
0,3,0,0,5,2013,24.0,0.8333333333333334,0,0,0,1,0,1,1,0,1,0,0,1,0,0
0,1,0,0,0,2013,42.0,0.0,0,0,1,0,0,1,1,0,1,0,0,0,0,1
0,1,0,0,0,2013,40.0,0.0,0,0,1,0,0,0,1,0,0,0,0,0,1,0
0,2,0,0,0,2014,30.0,0.0,0,0,1,0,0,1,0,0,0,0,0,1,0,0
0,4,0,1,3,2014,26.0,0.375,1,1,0,0,0,0,1,0,0,0,1,0,1,0
0,1,0,0,0,2013,50.0,0.0,0,0,1,0,0,0,1,0,0,0,0,0,1,0
0,2,0,0,0,2013,21.0,0.0,0,0,1,1,0,1,0,0,0,1,0,0,1,0
0,2,0,0,1,2013,25.0,0.14285714285714285,0,0,0,0,0,1,0,1,0,0,0,0,0,1
0,5,0,0,1,2013,26.0,0.125,0,0,0,0,0,1,0,0,0,0,1,0,0,1
0,7,0,1,6,2013,36.0,0.3333333333333333,1,1,0,0,0,1,1,0,1,0,0,1,0,0
0,7,0,0,1,2013,19.0,1.0,0,0,0,1,0,1,0,1,0,0,0,1,0,0
0,2,0,0,2,2013,43.0,0.08,0,0,0,0,0,1,0,0,0,1,0,1,0,0
0,2,0,0,0,2013,22.0,0.0,0,0,1,1,0,1,1,0,0,0,1,1,0,0
0,5,0,0,1,2000,37.0,0.05263157894736842,0,0,0,0,0,1,0,0,1,0,0,0,1,0
0,2,0,0,4,2013,25.0,0.5714285714285714,0,0,0,0,0,1,1,0,0,0,1,1,0,0
0,1,0,0,1,2013,54.0,0.027777777777777776,0,0,0,0,0,0,0,1,0,0,0,0,1,0
0,1,0,0,3,2014,46.0,0.10714285714285714,0,0,0,0,0,1,0,0,1,0,0,1,0,0
0,9,0,0,2,2014,20.0,1.0,0,0,0,1,0,1,0,1,0,0,0,1,0,0
0,10,0,0,19,2014,30.0,1.5833333333333333,0,0,0,0,0,1,0,1,0,0,0,1,0,0
0,9,0,0,3,2006,54.0,0.08333333333333333,0,0,0,0,0,1,1,0,0,1,0,1,0,0
0,3,0,0,2,2013,26.0,0.25,0,0,0,0,0,1,0,0,1,0,0,0,1,0
0,1,0,0,0,2013,43.0,0.0,0,0,1,0,0,1,1,0,0,0,1,1,0,0
0,7,0,0,10,2014,26.0,1.25,0,0,0,0,0,1,1,0,0,0,1,1,0,0
0,2,0,0,1,2013,25.0,0.14285714285714285,0,0,0,0,0,1,0,0,1,0,0,1,0,0
0,1,0,0,0,2014,67.0,0.0,0,0,1,0,0,0,1,0,0,0,0,0,0,1
0,1,0,0,0,2014,45.0,0.0,0,0,1,0,0,1,1,0,0,0,1,0,0,1
0,3,0,0,1,2013,42.0,0.041666666666666664,0,0,0,0,0,1,0,0,1,0,0,0,0,1
0,1,0,0,1,2014,31.0,0.07692307692307693,0,0,0,0,0,0,1,0,0,0,1,0,1,0
0,2,0,0,0,2014,25.0,0.0,0,0,1,0,0,0,1,0,0,0,1,0,0,1
0,9,0,0,14,2013,30.0,1.1666666666666667,0,0,0,0,0,1,0,0,0,1,0,1,0,0
0,7,0,0,2,2013,22.0,0.5,0,0,0,1,0,1,0,0,1,0,0,1,0,0
0,10,0,0,5,2014,25.0,0.7142857142857143,0,0,0,0,0,1,0,0,0,0,0,1,0,0
0,4,0,0,0,2013,44.0,0.0,0,0,1,0,0,1,1,0,0,0,1,0,0,1
0,5,0,0,1,2014,23.0,0.2,0,0,0,1,0,1,0,1,0,0,0,0,1,0
0,8,0,0,1,2013,18.0,1.0,0,0,0,1,0,1,0,1,0,0,0,1,0,0
0,2,0,0,2,2014,23.0,0.4,0,0,0,1,0,1,1,0,0,0,1,1,0,0
1,7,1,0,6,2014,20.0,3.0,2,1,0,1,0,1,0,0,1,0,0,1,0,0
0,6,0,0,0,2013,23.0,0.0,0,0,1,0,0,0,0,1,0,0,0,0,1,0
0,4,0,0,0,2014,18.0,0.0,0,0,1,1,0,1,0,0,1,0,0,0,1,0
0,5,0,0,1,2014,28.0,0.1,0,0,0,0,0,1,1,0,0,0,1,1,0,0
0,5,0,0,0,2013,42.0,0.0,0,0,1,0,0,1,0,1,0,0,0,1,0,0
0,7,0,0,7,2013,30.0,0.5833333333333334,0,0,0,0,0,1,0,1,0,0,0,1,0,0
0,1,0,0,2,2014,33.0,0.13333333333333333,0,0,0,0,0,1,0,0,1,0,0,0,1,0
0,1,0,0,5,2013,38.0,0.25,0,0,0,0,0,1,0,0,0,0,0,0,1,0
0,3,0,0,0,2013,20.0,0.0,0,0,1,1,0,1,1,0,1,0,0,0,1,0
0,5,1,0,0,2014,19.0,0.0,1,1,1,0,0,0,1,0,0,0,0,0,1,0
0,1,0,0,0,2013,51.0,0.0,0,0,1,0,0,1,0,1,0,0,0,1,0,0
0,6,0,0,10,2014,26.0,1.25,0,0,0,0,0,1,0,0,1,0,0,1,0,0
0,3,0,0,0,2013,20.0,0.0,0,0,1,1,0,1,1,0,1,0,0,0,1,0
0,7,0,0,0,2014,19.0,0.0,0,0,1,0,0,0,1,0,0,0,1,0,0,1
0,6,0,0,2,2013,21.0,0.6666666666666666,0,0,0,1,0,1,0,0,1,0,0,1,0,0
0,1,0,0,1,2013,27.0,0.1111111111111111,0,0,0,0,0,1,1,0,0,0,1,0,0,1
0,8,0,0,5,2013,33.0,0.3333333333333333,0,0,0,0,0,1,1,0,1,0,0,1,0,0
0,7,0,1,10,2013,26.0,1.25,1,1,0,0,0,1,0,0,1,0,0,1,0,0
0,5,0,0,4,2013,51.0,0.12121212121212122,0,0,0,0,0,1,1,0,0,0,1,1,0,0
0,5,0,0,2,2013,19.0,2.0,0,0,0,1,0,1,1,0,0,0,1,0,1,0
0,4,0,0,0,2013,23.0,0.0,0,0,1,1,0,1,1,0,0,0,1,1,0,0
0,4,0,0,0,2014,18.0,0.0,0,0,1,0,0,0,0,0,0,1,0,1,0,0
0,1,0,0,6,2013,49.0,0.1935483870967742,0,0,0,0,0,1,1,0,0,0,1,1,0,0
0,1,0,0,0,2013,26.0,0.0,0,0,1,0,0,1,0,0,1,0,0,1,0,0
0,7,0,0,6,2013,21.0,2.0,0,0,0,0,0,0,1,0,0,0,0,1,0,0
0,1,0,0,1,2014,33.0,0.06666666666666667,0,0,0,0,0,1,1,0,1,0,0,1,0,0
0,9,0,0,8,2013,30.0,0.6666666666666666,0,0,0,0,0,1,0,0,0,1,0,0,1,0
0,7,0,0,1,2013,18.0,1.0,0,0,0,1,0,1,1,0,0,0,1,1,0,0
0,3,0,0,0,2013,23.0,0.0,0,0,1,1,0,1,0,0,0,1,0,0,0,1
0,4,0,0,4,2014,29.0,0.36363636363636365,0,0,0,0,0,1,1,0,0,0,1,1,0,0
0,4,0,0,3,2014,28.0,0.3,0,0,0,0,0,0,0,0,1,0,0,1,0,0
0,7,0,0,2,2013,20.0,1.0,0,0,0,1,0,1,0,0,1,0,0,1,0,0
1,4,0,0,8,2013,30.0,0.6666666666666666,1,1,0,0,0,1,0,0,0,1,0,0,1,0
0,10,0,0,6,2013,26.0,0.75,0,0,0,0,0,1,0,0,1,0,0,1,0,0
0,1,0,0,0,2013,39.0,0.0,0,0,1,0,0,1,1,0,1,0,0,0,1,0
0,8,0,1,0,2013,18.0,0.0,1,1,1,1,0,1,0,1,0,0,0,1,0,0
0,3,0,0,0,2014,20.0,0.0,0,0,1,0,0,0,1,0,0,0,1,1,0,0
0,1,0,0,2,2013,42.0,0.08333333333333333,0,0,0,0,0,1,0,0,0,0,1,0,0,1
0,2,0,0,0,2013,27.0,0.0,0,0,1,0,0,1,1,0,1,0,0,1,0,0
0,5,0,0,6,2013,26.0,0.75,0,0,0,0,0,1,0,0,1,0,0,1,0,0
0,4,0,0,17,2013,48.0,0.5666666666666667,0,0,0,0,0,1,1,0,0,0,0,1,0,0
0,3,0,0,20,2013,42.0,0.8333333333333334,0,0,0,0,0,1,0,0,0,0,0,0,0,1
0,6,0,0,2,2013,22.0,0.5,0,0,0,1,0,1,0,1,0,0,0,0,1,0
0,7,0,0,2,2013,20.0,1.0,0,0,0,1,0,1,1,0,0,0,1,1,0,0
0,4,0,0,5,2013,34.0,0.3125,0,0,0,0,0,1,0,1,0,0,0,1,0,0
0,1,0,0,0,2014,66.0,0.0,0,0,1,0,0,1,1,0,0,0,1,0,0,1
0,5,0,1,1,2013,18.0,1.0,1,1,0,1,0,1,0,0,1,0,0,0,0,1
0,1,0,0,1,1992,35.0,0.058823529411764705,0,0,0,0,0,1,1,0,0,0,0,0,0,1
0,6,0,0,1,2014,37.0,0.05263157894736842,0,0,0,0,0,1,0,0,1,0,0,1,0,0
0,6,0,0,2,2013,27.0,0.2222222222222222,0,0,0,0,0,1,0,0,0,1,0,1,0,0
0,7,0,0,1,2013,19.0,1.0,0,0,0,1,0,1,1,0,0,0,1,0,0,1
0,3,0,0,6,2013,41.0,0.2608695652173913,0,0,0,0,0,1,0,0,0,0,0,0,1,0
0,5,0,0,2,2013,22.0,0.5,0,0,0,1,0,1,0,0,0,1,0,1,0,0
0,10,0,0,0,2014,29.0,0.0,0,0,1,0,0,1,0,0,0,0,0,1,0,0
0,7,1,0,17,2013,32.0,1.2142857142857142,1,1,0,0,0,1,1,0,0,0,1,1,0,0
0,10,0,0,11,2014,25.0,1.5714285714285714,0,0,0,0,0,1,1,0,1,0,0,1,0,0
0,5,0,0,1,2013,30.0,0.08333333333333333,0,0,0,0,0,1,0,0,1,0,0,1,0,0
0,9,0,0,6,2013,25.0,0.8571428571428571,0,0,0,0,0,1,0,0,1,0,0,1,0,0
0,1,0,0,1,2014,58.0,0.025,0,0,0,0,0,1,0,0,1,0,0,0,1,0
0,1,0,0,0,2014,51.0,0.0,0,0,1,0,0,1,1,0,0,0,1,0,0,1
0,1,0,0,0,2013,48.0,0.0,0,0,1,0,0,1,0,0,1,0,0,0,0,1
0,1,0,0,0,2013,52.0,0.0,0,0,1,0,0,0,0,0,0,0,1,1,0,0
1,4,2,0,3,2014,22.0,0.75,3,1,0,1,0,1,1,0,0,0,1,0,1,0
0,2,0,0,1,2013,52.0,0.029411764705882353,0,0,0,0,0,1,0,0,1,0,0,0,0,1
0,3,0,0,0,2013,23.0,0.0,0,0,1,1,0,1,0,0,1,0,0,0,0,1
0,1,0,0,5,2013,72.0,0.09259259259259259,0,0,0,0,0,0,0,0,1,0,0,1,0,0
0,5,0,0,16,2013,33.0,1.0666666666666667,0,0,0,0,0,1,0,0,0,0,0,1,0,0
0,2,0,0,0,2014,32.0,0.0,0,0,1,0,0,1,0,0,0,0,1,0,0,0
0,7,0,0,5,2013,22.0,1.25,0,0,0,0,0,0,1,0,1,0,0,1,0,0
0,1,0,0,0,2013,43.0,0.0,0,0,1,0,0,1,0,0,1,0,0,0,1,0
0,2,0,0,1,2013,24.0,0.16666666666666666,0,0,0,1,0,1,0,0,1,0,0,1,0,0
0,3,0,0,3,2014,26.0,0.375,0,0,0,0,0,1,1,0,1,0,0,1,0,0
1,8,0,1,13,2013,39.0,0.6190476190476191,2,1,0,0,0,1,1,0,1,0,0,1,0,0
0,1,0,0,2,2013,56.0,0.05263157894736842,0,0,0,0,0,1,1,0,0,0,0,1,0,0
0,1,0,0,1,2013,37.0,0.05263157894736842,0,0,0,0,0,1,0,0,1,0,0,0,1,0
0,4,0,0,5,2013,43.0,0.2,0,0,0,0,0,1,1,0,0,0,1,0,1,0
0,2,0,0,1,2013,21.0,0.3333333333333333,0,0,0,1,0,1,0,0,0,1,0,0,0,0
0,1,0,0,2,2013,52.0,0.058823529411764705,0,0,0,0,0,1,0,0,1,0,0,0,1,0
0,10,0,0,1,2014,33.0,0.06666666666666667,0,0,0,0,0,1,1,0,0,1,0,1,0,0
0,1,0,0,0,2014,41.0,0.0,0,0,1,0,0,1,1,0,0,0,1,1,0,0
0,1,0,0,0,2014,51.0,0.0,0,0,1,0,0,0,1,0,0,0,0,0,1,0
0,5,0,0,0,2013,19.0,0.0,0,0,1,0,0,0,1,0,0,0,1,1,0,0
0,10,0,0,17,2013,52.0,0.5,0,0,0,0,0,1,0,1,0,0,0,1,0,0
0,3,0,0,1,2013,24.0,0.16666666666666666,0,0,0,1,0,1,0,1,0,0,0,1,0,0
0,1,0,0,0,2013,37.0,0.0,0,0,1,0,0,1,0,0,0,0,1,1,0,0
0,1,0,0,0,2014,35.0,0.0,0,0,1,0,0,0,1,0,1,0,0,0,1,0
0,2,0,0,2,2013,29.0,0.18181818181818182,0,0,0,0,0,1,1,0,0,0,1,0,1,0
0,2,0,0,2,2013,30.0,0.16666666666666666,0,0,0,0,0,1,1,0,0,1,0,1,0,0
0,5,0,0,4,2013,33.0,0.26666666666666666,0,0,0,0,0,1,1,0,0,0,1,1,0,0
0,3,0,0,0,2014,20.0,0.0,0,0,1,1,0,1,1,1,0,0,0,0,0,1
0,8,0,0,0,2013,28.0,0.0,0,0,1,0,0,0,0,0,0,1,0,1,0,0
0,7,0,0,4,2013,24.0,0.6666666666666666,0,0,0,0,0,0,0,0,0,0,0,1,0,0
0,6,0,0,30,2013,47.0,1.0344827586206897,0,0,0,0,0,0,1,0,1,0,0,0,1,0
0,3,0,0,4,2013,44.0,0.15384615384615385,0,0,0,0,0,1,0,1,0,0,0,1,0,0
0,3,0,0,2,2013,33.0,0.13333333333333333,0,0,0,0,0,1,0,0,1,0,0,1,0,0
0,1,0,0,0,2013,36.0,0.0,0,0,1,0,0,0,0,0,1,0,0,0,1,0
0,1,0,0,0,2014,33.0,0.0,0,0,1,0,0,1,0,0,0,1,0,0,0,0
0,1,0,0,0,2013,50.0,0.0,0,0,1,0,0,1,0,0,1,0,0,0,1,0
0,3,0,0,2,2013,50.0,0.0625,0,0,0,0,0,1,0,0,0,0,0,1,0,0
0,7,0,0,19,2013,55.0,0.5135135135135135,0,0,0,0,0,1,0,0,0,0,1,1,0,0
0,8,0,0,5,2013,19.0,5.0,0,0,0,1,0,1,0,0,1,0,0,1,0,0
0,10,0,0,0,2013,18.0,0.0,0,0,1,1,0,1,0,0,0,1,0,1,0,0
0,3,0,0,0,2013,23.0,0.0,0,0,1,1,0,1,0,0,1,0,0,1,0,0
0,5,0,0,2,2014,25.0,0.2857142857142857,0,0,0,0,0,1,0,0,0,0,1,1,0,0
0,5,0,0,4,2013,46.0,0.14285714285714285,0,0,0,0,0,0,0,0,1,0,0,0,1,0
0,3,0,0,1,2013,45.0,0.037037037037037035,0,0,0,0,0,1,0,1,0,0,0,0,1,0
0,10,0,0,8,2014,28.0,0.8,0,0,0,0,0,1,0,1,0,0,0,1,0,0
0,1,0,0,3,2013,41.0,0.13043478260869565,0,0,0,0,0,1,0,1,0,0,0,0,1,0
0,1,0,0,1,2013,31.0,0.07692307692307693,0,0,0,0,0,1,0,0,0,0,1,1,0,0
0,3,0,0,10,2013,43.0,0.4,0,0,0,0,0,1,0,0,0,0,1,1,0,0
0,4,0,0,0,2013,36.0,0.0,0,0,1,0,0,1,0,0,0,1,0,0,0,1
0,1,0,0,2,2013,47.0,0.06896551724137931,0,0,0,0,0,1,1,0,0,0,1,0,1,0
0,6,0,0,1,2014,27.0,0.1111111111111111,0,0,0,0,0,1,1,0,0,0,1,0,1,0
0,4,0,0,0,2013,23.0,0.0,0,0,1,1,0,1,0,0,1,0,0,0,1,0
0,6,0,0,1,2014,20.0,0.5,0,0,0,0,0,0,0,0,0,1,0,1,0,0
0,1,0,0,0,2013,44.0,0.0,0,0,1,0,0,1,1,0,0,0,0,0,0,1
0,1,0,0,0,2013,46.0,0.0,0,0,1,0,0,1,0,1,0,0,0,0,1,0
0,3,0,0,1,2013,46.0,0.03571428571428571,0,0,0,0,0,1,0,0,1,0,0,1,0,0
0,1,0,0,2,2013,56.0,0.05263157894736842,0,0,0,0,0,1,0,0,1,0,0,0,1,0
0,5,0,0,6,2013,29.0,0.5454545454545454,0,0,0,0,0,1,1,0,0,0,1,0,1,0
0,2,0,2,1,2013,20.0,0.5,2,1,0,1,0,1,1,0,1,0,0,1,0,0
0,2,0,0,0,2014,38.0,0.0,0,0,1,0,0,1,1,0,0,0,0,0,0,1
0,1,0,0,0,2013,29.0,0.0,0,0,1,0,0,1,0,0,1,0,0,1,0,0
0,1,0,0,0,2013,51.0,0.0,0,0,1,0,0,0,1,0,0,0,0,0,0,1
0,10,0,1,9,2013,24.0,1.5,1,1,0,1,0,1,0,0,1,0,0,1,0,0
0,8,0,0,2,2013,22.0,0.5,0,0,0,1,0,1,1,0,1,0,0,0,1,0
0,5,0,0,0,2014,18.0,0.0,0,0,1,1,0,1,1,0,0,0,1,0,1,0
2,9,0,0,18,2013,33.0,1.2,2,1,0,0,0,1,1,0,0,0,1,1,0,0
0,10,0,0,5,2013,27.0,0.5555555555555556,0,0,0,0,0,0,0,0,1,0,0,0,1,0
0,6,0,0,1,2013,20.0,0.5,0,0,0,1,0,1,0,0,1,0,0,1,0,0
0,8,0,0,0,2014,18.0,0.0,0,0,1,0,0,0,0,0,0,1,0,1,0,0
0,2,0,0,8,2013,47.0,0.27586206896551724,0,0,0,0,0,1,0,0,1,0,0,0,1,0
0,2,0,0,7,2013,47.0,0.2413793103448276,0,0,0,0,0,1,0,0,0,0,1,1,0,0
0,1,0,0,3,2013,37.0,0.15789473684210525,0,0,0,0,0,1,0,0,0,0,0,0,1,0
0,7,0,0,2,2013,21.0,0.6666666666666666,0,0,0,0,0,0,0,0,1,0,0,0,1,0
0,6,0,0,0,2013,21.0,0.0,0,0,1,1,0,1,0,0,0,0,1,0,0,1
0,5,0,0,3,2014,21.0,1.0,0,0,0,0,0,0,0,0,1,0,0,1,0,0
0,1,0,0,3,2013,51.0,0.09090909090909091,0,0,0,0,0,1,1,0,0,0,0,0,1,0
0,10,0,2,4,2013,22.0,1.0,2,1,0,1,0,1,1,0,1,0,0,0,1,0
0,1,0,0,1,2013,44.0,0.038461538461538464,0,0,0,0,0,1,1,0,1,0,0,0,1,0
0,5,0,0,1,2013,22.0,0.25,0,0,0,1,0,1,0,0,0,1,0,0,0,0
0,3,0,0,0,2013,20.0,0.0,0,0,1,0,0,0,1,0,1,0,0,0,1,0
0,2,0,0,1,2013,30.0,0.08333333333333333,0,0,0,0,0,0,0,0,1,0,0,0,1,0
0,3,0,0,0,2013,22.0,0.0,0,0,1,1,0,1,1,0,1,0,0,1,0,0
0,9,0,0,16,2013,30.0,1.3333333333333333,0,0,0,0,0,1,0,0,0,0,0,1,0,0
0,5,0,0,4,2014,31.0,0.3076923076923077,0,0,0,0,0,1,1,0,0,0,1,1,0,0
0,2,0,0,0,2013,21.0,0.0,0,0,1,1,0,1,0,0,1,0,0,1,0,0
0,9,0,1,12,2014,31.0,0.9230769230769231,1,1,0,0,0,1,1,0,0,0,1,1,0,0
0,2,0,0,0,2013,34.0,0.0,0,0,1,0,0,1,1,0,1,0,0,0,1,0
0,1,0,0,0,2014,37.0,0.0,0,0,1,0,0,0,1,0,0,0,1,0,1,0
0,6,0,0,9,2013,40.0,0.4090909090909091,0,0,0,0,0,1,0,0,0,0,1,1,0,0
0,6,0,0,5,2013,32.0,0.35714285714285715,0,0,0,0,0,1,0,0,0,0,0,1,0,0
0,9,1,0,11,2013,22.0,2.75,1,1,0,1,0,1,0,0,0,1,0,1,0,0
0,1,0,0,1,2014,59.0,0.024390243902439025,0,0,0,0,0,1,0,0,0,0,0,1,0,0
0,1,0,0,1,2013,48.0,0.03333333333333333,0,0,0,0,0,0,0,0,1,0,0,1,0,0
0,2,0,0,1,2013,36.0,0.05555555555555555,0,0,0,0,0,1,1,0,1,0,0,1,0,0
0,4,0,0,5,2014,45.0,0.18518518518518517,0,0,0,0,0,1,0,0,1,0,0,1,0,0
0,7,0,0,6,2008,44.0,0.23076923076923078,0,0,0,0,0,0,1,0,0,1,0,0,1,0
0,1,0,0,0,2014,35.0,0.0,0,0,1,0,0,1,1,0,0,0,1,0,1,0
0,7,0,0,0,2013,21.0,0.0,0,0,1,0,0,0,0,0,0,1,0,1,0,0
0,9,0,0,14,2013,32.0,1.0,0,0,0,0,0,0,0,0,1,0,0,1,0,0
0,4,0,0,0,2013,18.0,0.0,0,0,1,1,0,1,1,0,0,1,0,0,0,0
0,3,0,0,1,2013,22.0,0.25,0,0,0,1,0,1,1,0,1,0,0,0,1,0
0,1,0,0,0,2013,60.0,0.0,0,0,1,0,0,0,1,0,1,0,0,0,1,0
0,3,0,0,0,2014,21.0,0.0,0,0,1,1,0,1,0,0,1,0,0,0,1,0
0,7,0,0,0,2013,57.0,0.0,0,0,1,0,0,0,0,0,0,1,0,0,1,0
0,1,0,0,0,2014,33.0,0.0,0,0,1,0,0,1,1,0,0,0,1,0,1,0
0,7,0,0,0,2013,22.0,0.0,0,0,1,0,0,0,0,0,0,1,0,1,0,0
0,1,0,0,0,2013,27.0,0.0,0,0,1,0,0,1,1,0,0,0,0,0,1,0
0,5,0,0,4,2014,34.0,0.25,0,0,0,0,0,1,0,0,0,0,0,0,1,0
0,4,0,0,0,2013,26.0,0.0,0,0,1,0,0,0,1,0,1,0,0,0,1,0
0,1,0,0,0,2013,54.0,0.0,0,0,1,0,0,1,0,0,1,0,0,1,0,0
0,2,0,0,2,2014,21.0,0.6666666666666666,0,0,0,1,0,1,0,0,0,0,0,1,0,0
0,3,0,0,0,2014,18.0,0.0,0,0,1,1,0,1,0,0,0,1,0,0,0,1
0,2,1,0,1,2014,21.0,0.3333333333333333,1,1,0,1,0,1,1,0,0,0,1,0,1,0
0,9,0,0,0,2013,18.0,0.0,0,0,1,1,0,1,0,0,0,1,0,1,0,0
0,5,0,0,2,2013,32.0,0.14285714285714285,0,0,0,0,0,0,0,0,1,0,0,1,0,0
0,3,0,0,3,2013,30.0,0.25,0,0,0,0,0,1,1,0,1,0,0,0,1,0
0,4,0,0,0,2013,18.0,0.0,0,0,1,1,0,1,0,0,1,0,0,0,0,1
2,9,1,0,9,2013,38.0,0.45,3,1,0,0,0,1,1,0,1,0,0,1,0,0
0,5,0,0,0,2013,21.0,0.0,0,0,1,1,0,1,0,0,0,1,0,1,0,0
0,10,0,0,2,2014,18.0,2.0,0,0,0,1,0,1,0,0,0,1,0,0,0,1
0,8,0,0,9,2013,26.0,1.125,0,0,0,0,0,1,0,0,1,0,0,1,0,0
0,9,0,0,7,2013,22.0,1.75,0,0,0,1,1,1,0,0,0,0,1,0,0,0
0,2,0,0,3,2013,46.0,0.10714285714285714,0,0,0,0,0,1,0,1,0,0,0,1,0,0
0,6,0,0,0,2013,19.0,0.0,0,0,1,0,0,0,0,0,0,1,0,0,0,1
0,3,0,0,0,2013,19.0,0.0,0,0,1,1,0,1,0,0,0,1,0,1,0,0
0,9,0,0,3,2014,25.0,0.42857142857142855,0,0,0,0,0,0,0,0,0,1,0,1,0,0
0,5,0,0,4,2013,48.0,0.13333333333333333,0,0,0,0,0,1,1,0,0,0,1,1,0,0
0,3,0,0,0,2014,21.0,0.0,0,0,1,0,0,0,1,0,0,0,1,1,0,0
0,4,0,0,0,2014,32.0,0.0,0,0,1,0,0,1,1,0,0,0,1,0,1,0
0,5,0,1,4,2013,22.0,1.0,1,1,0,1,0,1,0,0,0,0,1,1,0,0
0,5,0,0,2,2013,30.0,0.16666666666666666,0,0,0,0,0,0,0,0,1,0,0,0,1,0
0,4,0,0,1,2013,22.0,0.25,0,0,0,1,0,1,1,0,0,0,1,0,0,0
0,1,0,0,0,2013,28.0,0.0,0,0,1,0,0,1,1,0,0,0,1,0,0,1
0,2,0,0,0,2013,38.0,0.0,0,0,1,0,0,1,1,0,0,0,0,0,0,0
0,10,0,0,11,2014,28.0,1.1,0,0,0,0,0,0,0,1,0,0,0,0,1,0
0,4,0,0,6,2013,29.0,0.5454545454545454,0,0,0,0,0,0,0,0,1,0,0,1,0,0
0,6,0,0,5,2013,22.0,1.25,0,0,0,1,0,1,0,1,0,0,0,0,0,0
0,1,0,0,3,2013,49.0,0.0967741935483871,0,0,0,0,0,1,0,0,1,0,0,1,0,0
0,3,0,0,3,2014,24.0,0.5,0,0,0,0,0,0,1,0,0,0,1,0,1,0
0,3,0,0,2,2014,29.0,0.18181818181818182,0,0,0,0,0,1,0,1,0,0,0,0,1,0
0,1,0,0,0,2013,35.0,0.0,0,0,1,0,0,1,0,0,0,0,1,0,0,1
0,5,0,0,0,2013,27.0,0.0,0,0,1,0,0,0,0,1,0,0,0,0,1,0
0,10,0,0,0,2014,19.0,0.0,0,0,1,1,0,1,1,0,0,0,1,1,0,0
0,3,0,0,0,2013,20.0,0.0,0,0,1,1,0,1,0,0,1,0,0,0,0,0
0,4,0,0,0,2013,28.0,0.0,0,0,1,0,0,1,0,0,1,0,0,0,1,0
0,3,0,0,1,2013,33.0,0.06666666666666667,0,0,0,0,0,0,1,0,0,0,0,0,1,0
0,2,0,0,0,2014,41.0,0.0,0,0,1,0,0,1,1,0,0,0,1,0,0,1
0,6,0,0,8,2013,47.0,0.27586206896551724,0,0,0,0,0,1,0,0,0,0,0,0,1,0
0,2,0,0,1,2013,30.0,0.08333333333333333,0,0,0,0,0,0,0,0,1,0,0,1,0,0
0,1,0,0,0,2013,39.0,0.0,0,0,1,0,0,1,1,0,1,0,0,1,0,0
0,2,0,0,0,2014,42.0,0.0,0,0,1,0,0,1,0,0,1,0,0,0,1,0
0,6,0,0,5,2014,26.0,0.625,0,0,0,0,0,1,0,0,1,0,0,1,0,0
0,6,0,0,4,2013,29.0,0.36363636363636365,0,0,0,0,0,1,0,0,1,0,0,1,0,0
0,7,0,0,7,2014,27.0,0.7777777777777778,0,0,0,0,0,1,0,0,0,0,1,1,0,0
0,4,0,0,0,2013,35.0,0.0,0,0,1,0,0,1,0,0,0,0,1,0,1,0
0,4,0,0,3,2013,35.0,0.17647058823529413,0,0,0,0,0,1,0,0,1,0,0,1,0,0
0,3,0,0,0,2013,31.0,0.0,0,0,1,0,0,0,1,0,0,0,1,1,0,0
0,6,0,0,1,2013,18.0,1.0,0,0,0,1,0,1,0,1,0,0,0,0,1,0
0,8,0,0,1,2013,33.0,0.06666666666666667,0,0,0,0,0,1,0,1,0,0,0,1,0,0
0,2,0,0,0,2013,26.0,0.0,0,0,1,0,0,1,1,0,0,0,1,1,0,0
0,6,0,1,3,2014,32.0,0.21428571428571427,1,1,0,0,0,1,0,1,0,0,0,1,0,0
0,2,0,0,1,2013,35.0,0.058823529411764705,0,0,0,0,0,1,1,0,1,0,0,1,0,0
0,1,0,0,0,2013,33.0,0.0,0,0,1,0,0,1,0,0,1,0,0,0,1,0
0,2,0,0,0,2013,29.0,0.0,0,0,1,0,0,1,1,0,0,0,1,0,0,1
0,9,0,0,0,2013,21.0,0.0,0,0,1,1,0,1,1,0,0,0,1,1,0,0
0,1,0,0,0,2013,45.0,0.0,0,0,1,0,0,1,1,0,0,0,0,0,1,0
0,3,0,0,0,2013,18.0,0.0,0,0,1,1,0,1,0,0,1,0,0,1,0,0
0,8,0,0,2,2013,22.0,0.5,0,0,0,0,0,0,0,0,0,0,1,1,0,0
0,1,0,0,0,2013,32.0,0.0,0,0,1,0,0,1,1,0,0,0,1,1,0,0
0,4,0,0,1,2014,26.0,0.125,0,0,0,0,0,0,1,0,0,0,1,0,1,0
0,5,0,0,2,2013,21.0,0.6666666666666666,0,0,0,1,0,1,1,0,1,0,0,1,0,0
0,9,0,0,0,2013,18.0,0.0,0,0,1,1,0,1,0,0,0,0,1,1,0,0
0,10,8,1,8,2013,18.0,8.0,9,1,0,1,0,1,0,0,0,0,0,0,0,0
0,1,0,0,0,2014,38.0,0.0,0,0,1,0,0,1,1,0,0,0,1,0,0,1
0,4,0,0,1,2013,25.0,0.14285714285714285,0,0,0,0,0,1,0,0,0,0,1,0,0,0
0,3,0,0,12,2013,57.0,0.3076923076923077,0,0,0,0,0,1,0,0,0,0,0,1,0,0
0,5,0,0,6,2013,29.0,0.5454545454545454,0,0,0,0,0,1,1,0,0,0,1,1,0,0
0,4,0,0,2,2014,33.0,0.13333333333333333,0,0,0,0,0,1,1,0,0,0,1,1,0,0
0,8,0,0,4,2013,21.0,1.3333333333333333,0,0,0,1,0,1,1,0,0,0,1,0,1,0
0,2,0,0,0,2013,25.0,0.0,0,0,1,0,0,1,1,0,0,0,1,1,0,0
1,10,1,1,4,2013,25.0,0.5714285714285714,3,1,0,0,0,1,0,0,1,0,0,1,0,0
1,7,0,1,1,2013,18.0,1.0,2,1,0,1,0,1,0,0,1,0,0,0,1,0
0,1,0,0,0,2013,29.0,0.0,0,0,1,0,0,1,1,0,0,0,1,0,0,1
0,1,0,0,0,2013,39.0,0.0,0,0,1,0,0,0,0,1,0,0,0,0,1,0
0,4,0,0,1,2013,28.0,0.1,0,0,0,0,0,1,0,0,0,0,0,1,0,0
0,1,0,0,0,2013,24.0,0.0,0,0,1,1,0,1,0,0,0,0,1,0,0,0
0,4,0,0,3,2013,27.0,0.3333333333333333,0,0,0,0,0,1,1,0,0,0,1,0,1,0
0,3,0,0,1,2014,20.0,0.5,0,0,0,1,0,1,0,0,1,0,0,1,0,0
0,10,0,0,0,2013,18.0,0.0,0,0,1,1,0,1,1,0,0,0,1,0,1,0
0,2,0,0,0,2013,54.0,0.0,0,0,1,0,0,1,1,0,0,0,1,0,1,0
0,1,0,0,3,2013,48.0,0.1,0,0,0,0,0,1,0,0,0,0,1,0,1,0
0,4,0,0,0,2014,19.0,0.0,0,0,1,1,0,1,0,0,0,1,0,1,0,0
0,5,0,0,0,2013,19.0,0.0,0,0,1,1,0,1,0,0,0,1,0,1,0,0
0,8,0,0,4,2013,32.0,0.2857142857142857,0,0,0,0,0,1,0,0,1,0,0,1,0,0
0,3,0,0,2,2013,56.0,0.05263157894736842,0,0,0,0,0,1,0,0,0,0,1,0,1,0
0,1,0,0,0,2013,29.0,0.0,0,0,1,0,0,0,0,0,1,0,0,0,1,0
0,6,0,0,9,2014,28.0,0.9,0,0,0,0,0,1,1,0,0,1,0,0,1,0
0,10,0,0,0,2014,18.0,0.0,0,0,1,1,0,1,0,0,0,1,0,1,0,0
0,1,0,0,0,2013,37.0,0.0,0,0,1,0,0,1,1,0,0,0,1,0,0,0
0,2,0,0,5,2013,43.0,0.2,0,0,0,0,0,0,1,0,0,0,0,0,1,0
0,3,0,0,4,2013,29.0,0.36363636363636365,0,0,0,0,0,1,0,0,1,0,0,1,0,0
0,9,0,0,4,2013,20.0,2.0,0,0,0,1,0,1,0,1,0,0,0,0,0,1
0,5,0,0,0,2014,25.0,0.0,0,0,1,0,0,1,1,0,0,1,0,0,0,1
0,3,0,0,1,2013,50.0,0.03125,0,0,0,0,0,0,1,0,0,0,1,0,1,0
0,1,0,0,0,2014,42.0,0.0,0,0,1,0,0,1,1,1,0,0,0,0,1,0
0,5,0,0,1,2013,41.0,0.043478260869565216,0,0,0,0,0,0,1,0,0,0,0,0,1,0
0,2,0,0,0,2014,20.0,0.0,0,0,1,1,0,1,0,0,1,0,0,0,1,0
0,1,0,0,0,2013,26.0,0.0,0,0,1,0,0,1,1,0,0,0,0,1,0,0
0,1,0,0,2,2013,25.0,0.2857142857142857,0,0,0,0,0,1,1,0,0,0,1,0,1,0
0,3,0,0,0,2013,21.0,0.0,0,0,1,1,0,1,0,1,0,0,0,1,0,0
0,2,0,0,0,2013,25.0,0.0,0,0,1,0,0,1,0,0,1,0,0,1,0,0
0,1,0,0,4,2013,50.0,0.125,0,0,0,0,0,1,0,1,0,0,0,0,1,0
0,5,0,0,1,2013,44.0,0.038461538461538464,0,0,0,0,0,1,0,0,1,0,0,0,0,1
0,3,0,0,1,2014,18.0,1.0,0,0,0,1,0,1,0,0,1,0,0,1,0,0
0,6,0,0,0,2013,18.0,0.0,0,0,1,1,0,1,1,0,1,0,0,1,0,0
0,2,0,0,1,2014,28.0,0.1,0,0,0,0,0,1,0,0,0,0,1,0,0,0
0,1,0,0,1,2013,34.0,0.0625,0,0,0,0,0,1,1,0,0,0,1,0,1,0
0,1,0,0,1,2013,57.0,0.02564102564102564,0,0,0,0,0,1,0,0,0,0,1,0,0,1
0,2,0,0,1,2014,24.0,0.16666666666666666,0,0,0,1,0,1,1,0,0,0,1,0,0,1
0,1,0,0,0,2013,27.0,0.0,0,0,1,0,0,1,1,0,0,0,1,0,1,0
0,8,0,0,2,2013,23.0,0.4,0,0,0,1,0,1,0,0,1,0,0,0,1,0
0,9,0,0,5,2014,25.0,0.7142857142857143,0,0,0,0,0,0,0,0,1,0,0,1,0,0
0,5,0,0,0,2013,19.0,0.0,0,0,1,1,0,1,0,1,0,0,0,0,0,1
0,2,0,0,1,2013,36.0,0.05555555555555555,0,0,0,0,0,0,0,0,1,0,0,1,0,0
0,2,0,0,0,2013,27.0,0.0,0,0,1,0,0,1,0,0,0,0,1,0,0,0
0,5,0,0,2,2013,41.0,0.08695652173913043,0,0,0,0,0,1,0,0,1,0,0,1,0,0
0,2,0,0,0,2013,42.0,0.0,0,0,1,0,0,1,1,0,0,0,1,0,1,0
0,1,0,0,1,2013,27.0,0.1111111111111111,0,0,0,0,0,1,0,0,0,1,0,1,0,0
0,1,0,0,2,2013,35.0,0.11764705882352941,0,0,0,0,0,1,0,0,0,0,1,0,0,0
0,5,0,0,6,2014,22.0,1.5,0,0,0,1,0,1,0,0,1,0,0,0,1,0
0,1,0,0,0,2013,43.0,0.0,0,0,1,0,0,1,1,0,0,0,1,0,0,0
0,1,0,0,0,2013,40.0,0.0,0,0,1,0,0,1,0,0,0,0,0,1,0,0
0,2,0,0,4,2013,50.0,0.125,0,0,0,0,0,1,1,0,1,0,0,0,1,0
0,1,0,0,7,2014,45.0,0.25925925925925924,0,0,0,0,0,1,0,0,0,0,0,1,0,0
0,7,0,0,0,2013,23.0,0.0,0,0,1,1,0,1,0,0,1,0,0,0,1,0
0,10,0,0,7,2014,27.0,0.7777777777777778,0,0,0,0,0,1,1,0,0,0,1,0,1,0
0,1,0,0,7,2013,48.0,0.23333333333333334,0,0,0,0,0,1,0,0,0,1,0,0,1,0
0,1,0,0,0,2013,41.0,0.0,0,0,1,0,0,1,1,0,0,0,1,1,0,0
0,5,0,0,12,2013,46.0,0.42857142857142855,0,0,0,0,0,1,1,0,1,0,0,0,1,0
0,8,0,0,0,2013,19.0,0.0,0,0,1,1,0,1,0,1,0,0,0,1,0,0
0,4,0,0,4,2013,29.0,0.36363636363636365,0,0,0,0,0,1,1,0,1,0,0,1,0,0
0,3,0,0,0,2014,25.0,0.0,0,0,1,0,0,1,1,0,0,0,1,1,0,0
0,2,0,0,0,2013,27.0,0.0,0,0,1,0,0,1,1,0,0,0,0,0,1,0
0,7,0,0,11,2013,25.0,1.5714285714285714,0,0,0,0,0,1,1,0,0,0,1,0,0,1
0,1,0,0,0,2014,43.0,0.0,0,0,1,0,0,1,1,0,0,0,1,0,0,0
0,5,0,0,5,2013,48.0,0.16666666666666666,0,0,0,0,0,0,0,0,1,0,0,0,1,0
0,2,0,0,4,2014,25.0,0.5714285714285714,0,0,0,0,0,1,0,0,0,1,0,1,0,0
0,7,0,0,0,2013,29.0,0.0,0,0,1,0,0,1,0,0,1,0,0,1,0,0
0,3,0,0,2,2013,40.0,0.09090909090909091,0,0,0,0,0,1,0,0,1,0,0,1,0,0
0,2,0,0,2,2013,35.0,0.11764705882352941,0,0,0,0,0,1,0,0,1,0,0,0,1,0
0,4,0,0,0,2013,23.0,0.0,0,0,1,1,0,1,0,0,0,1,0,1,0,0
0,2,0,0,0,2013,23.0,0.0,0,0,1,1,0,1,1,0,0,0,1,1,0,0
0,3,0,0,4,2013,29.0,0.36363636363636365,0,0,0,0,0,1,0,1,0,0,0,0,0,0
0,4,0,0,3,2013,36.0,0.16666666666666666,0,0,0,0,0,1,0,0,1,0,0,0,0,1
0,1,0,0,4,2013,55.0,0.10810810810810811,0,0,0,0,0,0,0,0,0,1,0,1,0,0
0,2,0,0,0,2013,30.0,0.0,0,0,1,0,0,1,1,0,0,0,1,0,0,0
0,3,0,1,1,2013,20.0,0.5,1,1,0,0,0,0,1,0,0,0,0,0,1,0
2,10,0,1,2,2013,19.0,2.0,3,1,0,1,0,1,0,1,0,0,0,1,0,0
0,7,0,0,0,2013,28.0,0.0,0,0,1,0,0,1,0,0,0,1,0,0,1,0
0,1,0,0,2,2013,41.0,0.08695652173913043,0,0,0,0,0,1,0,0,1,0,0,0,1,0
0,7,0,0,0,2013,20.0,0.0,0,0,1,1,0,1,1,0,0,0,1,1,0,0
0,2,0,0,0,2014,22.0,0.0,0,0,1,1,0,1,0,0,0,1,0,0,1,0
0,9,0,0,6,2013,20.0,3.0,0,0,0,1,0,1,0,0,1,0,0,1,0,0
0,4,0,0,6,2013,26.0,0.75,0,0,0,0,0,1,0,0,1,0,0,1,0,0
0,9,3,1,15,2013,22.0,3.75,4,1,0,1,0,1,0,0,1,0,0,1,0,0
0,7,0,1,0,2014,19.0,0.0,1,1,1,1,0,1,0,0,1,0,0,1,0,0
0,1,0,0,0,2013,37.0,0.0,0,0,1,0,0,1,0,0,1,0,0,0,0,1
0,2,0,0,1,2013,30.0,0.08333333333333333,0,0,0,0,0,1,0,0,1,0,0,1,0,0
0,4,0,0,1,2013,56.0,0.02631578947368421,0,0,0,0,0,1,0,1,0,0,0,1,0,0
0,9,0,2,1,2013,18.0,1.0,2,1,0,1,0,1,0,0,1,0,0,0,0,1
0,6,0,0,8,2013,50.0,0.25,0,0,0,0,0,1,0,1,0,0,0,1,0,0
0,2,0,0,2,2013,30.0,0.16666666666666666,0,0,0,0,0,1,1,0,1,0,0,0,1,0
0,4,0,0,6,2013,33.0,0.4,0,0,0,0,0,1,0,1,0,0,0,0,1,0
0,3,0,0,0,2013,19.0,0.0,0,0,1,1,0,1,0,1,0,0,0,1,0,0
0,8,0,0,2,2013,29.0,0.18181818181818182,0,0,0,0,0,1,1,0,1,0,0,1,0,0
0,9,0,0,11,2013,29.0,1.0,0,0,0,0,0,1,1,0,1,0,0,1,0,0
0,1,0,0,0,2014,64.0,0.0,0,0,1,0,0,1,1,0,1,0,0,0,0,0
0,6,0,0,0,2013,21.0,0.0,0,0,1,0,0,0,1,0,0,0,1,0,1,0
0,10,0,0,7,2013,27.0,0.7777777777777778,0,0,0,0,0,1,0,0,1,0,0,1,0,0
0,7,0,0,1,2013,25.0,0.14285714285714285,0,0,0,0,0,1,1,0,0,0,1,1,0,0
0,5,0,0,4,2014,41.0,0.17391304347826086,0,0,0,0,0,1,0,0,0,1,0,0,1,0
0,2,0,0,3,2013,33.0,0.2,0,0,0,0,0,1,1,0,0,0,1,1,0,0
3,8,0,0,2,2013,16.0,2.0,3,1,0,1,0,1,0,0,1,0,0,1,0,0
0,6,0,0,1,2013,20.0,0.5,0,0,0,1,0,1,1,0,0,0,1,1,0,0
0,1,0,0,0,2013,26.0,0.0,0,0,1,0,0,1,0,0,1,0,0,1,0,0
0,4,0,0,0,2014,20.0,0.0,0,0,1,0,0,0,1,0,0,0,1,1,0,0
0,2,0,0,0,2013,30.0,0.0,0,0,1,0,0,0,1,0,1,0,0,0,1,0
0,4,0,0,1,2013,32.0,0.07142857142857142,0,0,0,0,0,1,1,0,1,0,0,1,0,0
0,1,0,0,0,2013,50.0,0.0,0,0,1,0,0,1,0,1,0,0,0,0,1,0
0,6,0,0,17,2014,57.0,0.4358974358974359,0,0,0,0,0,1,0,0,1,0,0,0,1,0
0,1,0,0,0,2013,45.0,0.0,0,0,1,0,0,0,1,0,0,0,1,0,1,0
0,2,0,0,1,2013,29.0,0.09090909090909091,0,0,0,0,0,0,0,0,1,0,0,1,0,0
0,1,0,0,0,2013,41.0,0.0,0,0,1,0,0,1,1,0,1,0,0,0,1,0
0,2,0,0,10,2014,30.0,0.8333333333333334,0,0,0,0,0,1,0,0,0,0,0,0,1,0
0,4,0,1,2,2013,25.0,0.2857142857142857,1,1,0,0,0,1,0,0,1,0,0,1,0,0
0,1,0,0,1,2013,48.0,0.03333333333333333,0,0,0,0,0,1,0,1,0,0,0,0,0,1
0,7,0,0,0,2013,20.0,0.0,0,0,1,1,0,1,0,0,0,1,0,1,0,0
0,7,0,0,0,2013,18.0,0.0,0,0,1,1,0,1,0,0,1,0,0,0,0,1
0,5,0,0,0,2013,23.0,0.0,0,0,1,1,0,1,0,0,1,0,0,0,1,0
0,9,3,0,3,2013,19.0,3.0,3,1,0,1,0,1,0,1,0,0,0,1,0,0
0,2,0,0,0,2013,26.0,0.0,0,0,1,0,0,1,1,0,0,0,1,1,0,0
0,9,1,1,2,2014,18.0,2.0,2,1,0,1,0,1,0,0,0,1,0,1,0,0
0,1,0,0,0,2013,41.0,0.0,0,0,1,0,0,1,1,0,0,0,1,0,1,0
0,5,0,0,2,2013,38.0,0.1,0,0,0,0,0,1,0,0,1,0,0,1,0,0
0,4,0,1,4,2013,26.0,0.5,1,1,0,0,0,0,0,0,1,0,0,1,0,0
0,6,0,0,1,2013,24.0,0.16666666666666666,0,0,0,1,0,1,1,0,1,0,0,0,1,0
0,3,0,0,7,2014,29.0,0.6363636363636364,0,0,0,0,0,1,1,0,1,0,0,0,1,0
0,3,0,0,3,2014,24.0,0.5,0,0,0,1,0,1,0,0,1,0,0,1,0,0
0,4,0,2,0,2013,18.0,0.0,2,1,1,1,0,1,0,0,1,0,0,1,0,0
0,1,0,0,2,2013,52.0,0.058823529411764705,0,0,0,0,0,1,1,0,0,0,1,0,1,0
0,8,0,0,0,2013,33.0,0.0,0,0,1,0,0,1,0,0,0,0,0,1,0,0
0,1,0,0,4,2014,46.0,0.14285714285714285,0,0,0,0,0,1,0,0,0,1,0,0,0,0
0,4,0,0,5,2014,19.0,5.0,0,0,0,1,0,1,0,0,1,0,0,0,0,0
1,9,0,0,1,2013,20.0,0.5,1,1,0,1,0,1,1,0,0,0,1,1,0,0
0,10,2,1,19,2014,32.0,1.3571428571428572,3,1,0,0,0,1,0,0,1,0,0,1,0,0
0,1,0,0,1,2013,56.0,0.02631578947368421,0,0,0,0,0,0,0,0,0,1,0,0,1,0
0,2,0,0,0,2013,34.0,0.0,0,0,1,0,0,1,0,0,1,0,0,0,1,0
0,4,0,0,0,2013,25.0,0.0,0,0,1,0,0,0,0,1,0,0,0,0,1,0
0,2,0,0,0,2013,29.0,0.0,0,0,1,0,0,1,0,0,0,1,0,1,0,0
0,10,0,0,14,2014,37.0,0.7368421052631579,0,0,0,0,0,0,0,1,0,0,0,1,0,0
0,1,0,0,0,2014,30.0,0.0,0,0,1,0,0,1,0,1,0,0,0,1,0,0
0,8,0,0,3,2014,26.0,0.375,0,0,0,0,0,1,0,0,0,1,0,1,0,0
0,4,0,0,2,2013,21.0,0.6666666666666666,0,0,0,1,0,1,1,0,1,0,0,0,1,0
0,2,0,0,2,2013,39.0,0.09523809523809523,0,0,0,0,0,0,0,0,0,0,1,1,0,0
0,8,0,0,3,2014,20.0,1.5,0,0,0,1,0,1,0,0,1,0,0,1,0,0
0,6,0,0,0,2013,18.0,0.0,0,0,1,1,0,1,0,0,1,0,0,0,0,0
0,5,0,0,1,2013,41.0,0.043478260869565216,0,0,0,0,0,1,0,0,0,0,1,0,1,0
0,3,0,0,1,2014,19.0,1.0,0,0,0,0,0,0,1,0,0,1,0,1,0,0
0,1,0,0,2,2013,49.0,0.06451612903225806,0,0,0,0,0,1,1,0,1,0,0,0,1,0
0,3,0,0,0,2013,26.0,0.0,0,0,1,0,0,1,1,0,0,0,1,0,1,0
0,4,0,0,0,2013,34.0,0.0,0,0,1,0,0,0,1,0,1,0,0,1,0,0
0,2,0,1,0,2013,31.0,0.0,1,1,1,0,0,1,0,0,0,0,1,0,1,0
0,1,0,0,0,2013,50.0,0.0,0,0,1,0,0,1,1,0,0,0,1,1,0,0
0,8,0,0,8,2013,27.0,0.8888888888888888,0,0,0,0,0,0,0,0,0,0,1,1,0,0
0,3,0,0,0,2013,32.0,0.0,0,0,1,0,0,1,1,0,0,0,0,0,0,1
0,4,0,0,1,2013,25.0,0.14285714285714285,0,0,0,0,0,1,0,0,0,0,1,0,1,0
0,8,0,0,1,2013,18.0,1.0,0,0,0,1,0,1,0,0,0,1,0,1,0,0
0,7,0,0,1,2013,19.0,1.0,0,0,0,1,0,1,0,1,0,0,0,1,0,0
0,3,0,0,1,2013,39.0,0.047619047619047616,0,0,0,0,0,1,1,0,0,0,1,0,1,0
0,4,0,0,3,2014,25.0,0.42857142857142855,0,0,0,0,0,1,0,1,0,0,0,1,0,0
0,1,0,0,9,2003,41.0,0.391304347826087,0,0,0,0,0,1,1,0,1,0,0,1,0,0
0,2,0,0,1,2013,36.0,0.05555555555555555,0,0,0,0,0,1,0,0,1,0,0,0,0,0
2,9,0,0,20,2013,27.0,2.2222222222222223,2,1,0,0,1,1,0,0,0,0,1,1,0,0
0,6,0,0,1,2013,23.0,0.2,0,0,0,0,0,0,0,0,0,1,0,1,0,0
0,1,0,0,0,2014,39.0,0.0,0,0,1,0,0,1,1,0,0,0,1,1,0,0
1,5,0,1,5,2014,21.0,1.6666666666666667,2,1,0,1,0,1,1,0,1,0,0,0,1,0
0,2,0,0,1,2013,40.0,0.045454545454545456,0,0,0,0,0,1,0,0,0,0,1,0,1,0
0,3,0,0,0,2013,19.0,0.0,0,0,1,1,0,1,1,0,1,0,0,1,0,0
0,3,0,0,6,2014,25.0,0.8571428571428571,0,0,0,0,0,0,0,0,0,1,0,0,1,0
0,3,0,0,2,2013,39.0,0.09523809523809523,0,0,0,0,0,0,1,0,1,0,0,1,0,0
0,6,0,0,8,2014,23.0,1.6,0,0,0,1,0,1,0,0,0,1,0,1,0,0
0,2,0,0,4,2014,47.0,0.13793103448275862,0,0,0,0,0,1,1,0,0,0,1,1,0,0
0,1,0,0,1,2013,50.0,0.03125,0,0,0,0,0,1,0,0,0,0,0,0,1,0
0,1,0,0,2,2013,58.0,0.05,0,0,0,0,0,0,0,0,0,0,1,0,1,0
0,6,0,0,0,2013,20.0,0.0,0,0,1,0,0,0,1,0,0,0,1,1,0,0
0,7,0,0,2,2007,22.0,0.5,0,0,0,1,0,1,1,0,0,0,0,1,0,0
0,6,0,0,9,2013,45.0,0.3333333333333333,0,0,0,0,0,1,0,0,1,0,0,1,0,0
0,7,0,0,2,2013,29.0,0.18181818181818182,0,0,0,0,0,1,0,0,0,0,0,1,0,0
0,3,0,1,3,2014,26.0,0.375,1,1,0,0,0,1,0,0,0,0,1,0,0,1
0,7,0,0,5,2014,22.0,1.25,0,0,0,1,0,1,0,0,0,0,0,1,0,0
0,5,0,0,3,2013,20.0,1.5,0,0,0,1,0,1,0,0,1,0,0,1,0,0
0,2,0,0,2,2013,41.0,0.08695652173913043,0,0,0,0,0,1,0,0,0,0,0,1,0,0
0,4,0,0,3,2013,29.0,0.2727272727272727,0,0,0,0,0,1,0,0,0,0,1,0,1,0
0,2,0,0,1,2013,24.0,0.16666666666666666,0,0,0,0,0,0,1,0,0,0,1,1,0,0
0,4,0,0,15,2014,49.0,0.4838709677419355,0,0,0,0,0,1,1,0,0,0,0,1,0,0
0,2,0,0,3,2014,59.0,0.07317073170731707,0,0,0,0,0,1,1,0,0,0,1,0,1,0
0,1,0,0,3,2013,66.0,0.0625,0,0,0,0,0,1,1,0,0,0,1,1,0,0
0,1,0,0,2,2013,48.0,0.06666666666666667,0,0,0,0,0,1,0,0,0,1,0,0,0,0
0,6,0,0,1,2013,18.0,1.0,0,0,0,0,0,0,0,0,0,1,0,0,1,0
1,6,0,0,2,2013,27.0,0.2222222222222222,1,1,0,0,0,1,1,0,1,0,0,0,1,0
0,4,2,0,3,2014,18.0,3.0,2,1,0,1,0,1,0,0,0,1,0,1,0,0
0,9,5,0,12,2013,21.0,4.0,5,1,0,1,0,1,1,0,1,0,0,1,0,0
0,8,0,0,3,2013,21.0,1.0,0,0,0,1,0,1,0,0,0,1,0,0,1,0
0,1,0,0,3,2013,54.0,0.08333333333333333,0,0,0,0,0,1,0,0,0,0,0,0,0,1
0,7,0,0,6,2013,27.0,0.6666666666666666,0,0,0,0,0,1,0,0,1,0,0,0,1,0
0,1,0,0,4,2014,41.0,0.17391304347826086,0,0,0,0,0,1,0,0,1,0,0,1,0,0
0,7,0,1,4,2013,21.0,1.3333333333333333,1,1,0,1,0,1,0,0,0,1,0,1,0,0
0,7,0,0,7,2013,27.0,0.7777777777777778,0,0,0,0,0,0,1,0,1,0,0,0,1,0
0,9,0,0,5,2014,23.0,1.0,0,0,0,1,0,1,0,0,1,0,0,1,0,0
0,8,0,0,1,2013,52.0,0.029411764705882353,0,0,0,0,0,0,0,0,0,0,0,0,1,0
0,8,0,0,1,2013,18.0,1.0,0,0,0,1,0,1,0,0,1,0,0,1,0,0
3,10,0,0,6,2013,28.0,0.6,3,1,0,0,0,1,0,0,1,0,0,1,0,0
0,9,0,0,1,2013,20.0,0.5,0,0,0,0,0,0,0,0,1,0,0,1,0,0
1,10,0,2,15,2013,27.0,1.6666666666666667,3,1,0,0,0,1,0,0,0,1,0,1,0,0
0,1,0,0,1,2013,39.0,0.047619047619047616,0,0,0,0,0,1,1,0,0,0,0,0,0,0
0,3,0,0,0,2013,61.0,0.0,0,0,1,0,0,1,0,0,1,0,0,0,1,0
0,6,0,0,0,2014,19.0,0.0,0,0,1,0,0,0,0,0,0,1,0,0,1,0
0,3,0,0,5,2011,31.0,0.38461538461538464,0,0,0,0,0,1,0,0,1,0,0,1,0,0
0,1,0,0,1,2013,47.0,0.034482758620689655,0,0,0,0,0,0,0,0,1,0,0,1,0,0
0,3,0,0,0,2014,21.0,0.0,0,0,1,1,0,1,1,0,0,0,1,1,0,0
0,3,0,0,2,2013,25.0,0.2857142857142857,0,0,0,0,0,1,0,0,1,0,0,0,0,0
0,7,0,0,5,2013,22.0,1.25,0,0,0,0,0,0,0,1,0,0,0,0,1,0
0,4,0,0,14,2014,52.0,0.4117647058823529,0,0,0,0,0,1,1,0,0,0,1,0,1,0
0,1,0,0,6,2013,34.0,0.375,0,0,0,0,0,1,1,0,0,0,1,0,0,0
0,9,0,1,5,2013,23.0,1.0,1,1,0,1,0,1,1,0,1,0,0,0,1,0
0,1,0,0,0,2013,60.0,0.0,0,0,1,0,0,1,1,0,0,0,1,0,1,0
0,7,0,0,2,2014,32.0,0.14285714285714285,0,0,0,0,0,1,1,0,0,0,1,1,0,0
0,1,0,0,0,2013,23.0,0.0,0,0,1,1,0,1,1,0,0,0,1,0,0,1
0,10,0,0,8,2013,22.0,2.0,0,0,0,1,0,1,1,0,0,0,1,1,0,0
0,1,0,0,0,2013,31.0,0.0,0,0,1,0,0,1,1,0,0,0,1,0,1,0
0,3,0,0,7,2013,26.0,0.875,0,0,0,0,0,1,0,0,1,0,0,1,0,0
0,4,0,0,2,2013,23.0,0.4,0,0,0,1,0,1,1,0,1,0,0,0,0,1
1,9,0,1,12,2013,34.0,0.75,2,1,0,0,0,1,1,0,1,0,0,1,0,0
0,10,2,1,3,2014,18.0,3.0,3,1,0,0,0,0,1,0,0,0,1,0,1,0
0,2,0,0,1,2014,30.0,0.08333333333333333,0,0,0,0,0,1,0,0,1,0,0,1,0,0
0,1,0,0,1,2013,69.0,0.0196078431372549,0,0,0,0,0,1,1,0,0,0,0,0,1,0
0,1,0,0,0,2013,35.0,0.0,0,0,1,0,0,1,0,1,0,0,0,0,1,0
0,2,0,0,0,2013,37.0,0.0,0,0,1,0,0,1,0,1,0,0,0,0,1,0
0,3,0,0,0,2014,21.0,0.0,0,0,1,1,0,1,0,0,0,1,0,0,1,0
0,8,0,0,5,2014,19.0,5.0,0,0,0,1,0,1,0,0,1,0,0,0,1,0
0,7,0,0,4,2013,24.0,0.6666666666666666,0,0,0,1,0,1,0,0,1,0,0,0,1,0
0,6,0,0,13,2014,53.0,0.37142857142857144,0,0,0,0,0,1,0,1,0,0,0,0,1,0
0,1,0,0,0,2014,38.0,0.0,0,0,1,0,0,0,1,0,0,0,1,0,1,0
0,1,0,0,1,2013,53.0,0.02857142857142857,0,0,0,0,0,1,1,0,0,0,1,0,1,0
0,7,0,0,11,2012,51.0,0.3333333333333333,0,0,0,0,0,1,1,0,1,0,0,0,1,0
0,6,0,0,0,2013,20.0,0.0,0,0,1,0,0,0,0,1,0,0,0,0,0,1
0,2,0,0,3,2013,26.0,0.375,0,0,0,0,0,1,0,0,1,0,0,1,0,0
0,2,0,0,2,2013,28.0,0.2,0,0,0,0,0,1,0,0,1,0,0,0,0,0
0,1,0,0,0,2013,50.0,0.0,0,0,1,0,0,1,1,0,0,0,1,0,1,0
0,5,0,0,6,2014,26.0,0.75,0,0,0,0,0,1,0,1,0,0,0,1,0,0
0,5,0,0,0,2013,20.0,0.0,0,0,1,1,0,1,0,0,0,1,0,0,1,0
0,4,0,1,0,2014,20.0,0.0,1,1,1,0,0,0,0,0,0,1,0,1,0,0
0,6,0,0,7,2013,30.0,0.5833333333333334,0,0,0,0,0,1,1,0,1,0,0,1,0,0
0,7,0,0,15,2013,31.0,1.1538461538461537,0,0,0,0,0,1,0,0,1,0,0,1,0,0
0,3,0,0,0,2013,20.0,0.0,0,0,1,1,0,1,1,0,0,0,1,0,0,1
0,8,0,0,12,2013,29.0,1.0909090909090908,0,0,0,0,0,1,0,1,0,0,0,1,0,0
4,9,0,1,14,2013,44.0,0.5384615384615384,5,1,0,0,0,1,0,0,0,1,0,1,0,0
0,2,0,0,0,2013,21.0,0.0,0,0,1,1,0,1,1,0,0,0,0,0,0,0
0,10,4,4,14,2013,23.0,2.8,8,1,0,1,0,1,0,0,0,1,0,1,0,0
0,1,0,0,0,2013,53.0,0.0,0,0,1,0,0,1,0,0,0,0,1,0,1,0
0,4,0,0,1,2012,33.0,0.06666666666666667,0,0,0,0,0,1,0,0,0,0,1,0,0,1
0,6,0,0,4,2013,25.0,0.5714285714285714,0,0,0,0,0,1,0,0,0,0,1,1,0,0
2,9,0,0,2,2014,18.0,2.0,2,1,0,1,0,1,0,0,0,1,0,1,0,0
0,1,0,0,0,2013,56.0,0.0,0,0,1,0,0,1,1,0,0,0,0,0,0,1
0,8,0,0,11,2013,26.0,1.375,0,0,0,0,0,0,0,1,0,0,0,1,0,0
0,1,0,0,3,2014,70.0,0.057692307692307696,0,0,0,0,0,1,0,0,1,0,0,0,1,0
0,7,0,0,2,2013,21.0,0.6666666666666666,0,0,0,0,0,0,1,0,0,0,1,1,0,0
0,9,0,0,3,2013,42.0,0.125,0,0,0,0,0,1,0,0,1,0,0,1,0,0
0,10,0,0,7,2014,28.0,0.7,0,0,0,0,0,1,1,0,0,0,1,1,0,0
0,1,0,0,0,2013,42.0,0.0,0,0,1,0,0,1,1,0,0,0,1,1,0,0
0,1,0,0,0,2014,45.0,0.0,0,0,1,0,0,1,1,0,0,0,1,0,1,0
0,3,0,0,0,2013,21.0,0.0,0,0,1,1,0,1,0,0,1,0,0,1,0,0
0,3,0,0,0,2014,18.0,0.0,0,0,1,1,0,1,1,0,0,0,1,1,0,0
0,1,0,0,6,2014,49.0,0.1935483870967742,0,0,0,0,0,1,0,0,1,0,0,0,1,0
0,2,0,0,2,2013,46.0,0.07142857142857142,0,0,0,0,0,0,1,0,1,0,0,0,1,0
0,1,0,0,5,2013,38.0,0.25,0,0,0,0,0,1,0,0,0,0,0,0,1,0
0,3,0,0,1,2014,47.0,0.034482758620689655,0,0,0,0,0,1,0,0,1,0,0,0,1,0
0,1,0,0,0,2013,23.0,0.0,0,0,1,1,0,1,1,0,0,0,1,0,0,1
0,3,0,0,0,2013,26.0,0.0,0,0,1,0,0,0,1,0,0,0,1,1,0,0
0,2,0,0,2,2013,30.0,0.16666666666666666,0,0,0,0,0,1,1,0,0,0,0,0,1,0
0,7,0,0,0,2013,44.0,0.0,0,0,1,0,0,1,0,0,0,0,0,1,0,0
0,4,0,0,0,2013,18.0,0.0,0,0,1,1,0,1,1,0,1,0,0,1,0,0
0,9,1,3,14,2013,23.0,2.8,4,1,0,1,0,1,0,0,1,0,0,1,0,0
0,1,0,0,1,2012,44.0,0.038461538461538464,0,0,0,0,0,1,0,0,1,0,0,0,0,1
0,6,0,0,24,2013,56.0,0.631578947368421,0,0,0,0,0,1,0,0,0,1,0,1,0,0
0,1,0,0,0,2013,25.0,0.0,0,0,1,0,0,1,0,0,1,0,0,0,0,0
0,10,0,3,2,2014,19.0,2.0,3,1,0,0,0,0,0,0,1,0,0,1,0,0
0,4,0,0,0,2013,25.0,0.0,0,0,1,0,0,1,1,0,1,0,0,1,0,0
0,8,0,0,0,2013,18.0,0.0,0,0,1,1,0,1,0,0,0,1,0,0,1,0
0,7,0,0,0,2013,23.0,0.0,0,0,1,1,0,1,0,0,0,1,0,0,0,0
0,1,0,0,3,2013,31.0,0.23076923076923078,0,0,0,0,0,1,1,0,1,0,0,1,0,0
2,8,0,0,15,2013,29.0,1.3636363636363635,2,1,0,0,0,1,0,0,0,0,0,1,0,0
0,4,0,1,10,2013,35.0,0.5882352941176471,1,1,0,0,0,1,0,0,0,0,1,1,0,0
0,3,0,0,0,2014,20.0,0.0,0,0,1,1,0,1,0,0,0,1,0,1,0,0
0,5,0,0,2,2013,39.0,0.09523809523809523,0,0,0,0,0,1,0,1,0,0,0,0,1,0
0,4,0,0,0,2013,54.0,0.0,0,0,1,0,0,0,1,0,1,0,0,0,1,0
0,1,0,0,1,2013,53.0,0.02857142857142857,0,0,0,0,0,0,0,0,1,0,0,0,1,0
0,5,0,0,2,2013,30.0,0.16666666666666666,0,0,0,0,0,1,1,0,1,0,0,0,0,1
0,8,2,2,11,2013,27.0,1.2222222222222223,4,1,0,0,1,1,0,0,0,0,1,1,0,0
0,1,0,0,2,2014,27.0,0.2222222222222222,0,0,0,0,0,1,1,0,0,0,0,1,0,0
0,7,0,1,15,2013,43.0,0.6,1,1,0,0,0,1,0,0,0,0,0,1,0,0
0,3,0,0,0,2014,21.0,0.0,0,0,1,0,0,0,0,0,1,0,0,1,0,0
0,1,0,0,1,2013,66.0,0.020833333333333332,0,0,0,0,0,0,0,0,1,0,0,1,0,0
0,6,0,0,0,2014,18.0,0.0,0,0,1,1,0,1,0,0,1,0,0,0,0,1
0,1,0,0,1,2013,42.0,0.041666666666666664,0,0,0,0,0,0,1,0,0,0,1,0,1,0
0,4,0,0,2,2013,31.0,0.15384615384615385,0,0,0,0,0,0,1,0,1,0,0,0,0,1
0,5,1,0,6,2013,36.0,0.3333333333333333,1,1,0,0,0,0,0,0,0,1,0,1,0,0
0,4,1,0,6,2013,21.0,2.0,1,1,0,1,0,1,0,0,1,0,0,0,1,0
0,1,0,0,1,2013,45.0,0.037037037037037035,0,0,0,0,0,1,1,0,0,0,0,0,0,1
0,1,0,0,0,2013,43.0,0.0,0,0,1,0,0,1,0,0,1,0,0,0,1,0
0,2,0,0,0,2013,25.0,0.0,0,0,1,0,0,1,1,0,0,0,1,0,1,0
0,2,0,0,1,2014,24.0,0.16666666666666666,0,0,0,1,0,1,0,0,0,1,0,1,0,0
0,7,0,0,11,2013,40.0,0.5,0,0,0,0,0,1,0,0,0,0,0,0,1,0
0,10,0,0,9,2013,27.0,1.0,0,0,0,0,0,1,0,1,0,0,0,1,0,0
0,3,0,0,1,2013,26.0,0.125,0,0,0,0,0,1,0,1,0,0,0,0,1,0
0,1,0,0,8,2014,52.0,0.23529411764705882,0,0,0,0,0,1,0,1,0,0,0,1,0,0
0,4,0,0,0,2013,18.0,0.0,0,0,1,0,0,0,0,1,0,0,0,0,1,0
0,1,0,0,0,2013,27.0,0.0,0,0,1,0,0,1,0,0,0,0,1,1,0,0
0,1,0,0,0,2013,64.0,0.0,0,0,1,0,0,1,1,0,0,0,1,0,0,0
0,2,0,0,0,2013,22.0,0.0,0,0,1,1,0,1,0,0,1,0,0,0,0,0
0,9,2,1,8,2013,21.0,2.6666666666666665,3,1,0,1,0,1,0,0,1,0,0,1,0,0
0,6,0,0,3,2013,26.0,0.375,0,0,0,0,0,1,0,0,1,0,0,0,0,0
0,6,0,0,2,2012,41.0,0.08695652173913043,0,0,0,0,0,1,1,0,1,0,0,1,0,0
0,5,0,0,5,2013,28.0,0.5,0,0,0,0,0,1,0,0,1,0,0,1,0,0
0,3,0,0,0,2014,21.0,0.0,0,0,1,1,0,1,0,0,0,0,1,0,1,0
0,8,0,0,0,2014,18.0,0.0,0,0,1,1,0,1,0,0,0,1,0,1,0,0
0,1,0,0,0,2014,58.0,0.0,0,0,1,0,0,1,1,0,0,0,0,0,1,0
0,7,0,0,5,2013,49.0,0.16129032258064516,0,0,0,0,0,0,1,0,0,0,1,0,1,0
0,1,0,0,1,2013,29.0,0.09090909090909091,0,0,0,0,0,1,0,0,0,0,1,0,0,0
0,6,0,0,9,2013,40.0,0.4090909090909091,0,0,0,0,0,1,0,1,0,0,0,0,1,0
0,1,0,0,0,2014,30.0,0.0,0,0,1,0,0,1,1,0,0,0,1,0,0,0
0,5,0,0,0,2014,34.0,0.0,0,0,1,0,0,1,0,0,0,0,0,1,0,0
0,4,0,0,3,2013,55.0,0.08108108108108109,0,0,0,0,0,1,0,0,0,1,0,0,1,0
0,9,0,0,12,2013,54.0,0.3333333333333333,0,0,0,0,0,1,0,1,0,0,0,1,0,0
0,7,0,0,2,2013,34.0,0.125,0,0,0,0,0,1,0,1,0,0,0,1,0,0
0,6,0,0,6,2013,42.0,0.25,0,0,0,0,0,1,0,0,1,0,0,1,0,0
0,7,0,0,8,2013,42.0,0.3333333333333333,0,0,0,0,0,1,0,0,1,0,0,1,0,0
0,1,0,0,1,2013,45.0,0.037037037037037035,0,0,0,0,0,1,0,0,1,0,0,0,0,0
0,8,1,1,13,2013,23.0,2.6,2,1,0,1,0,1,0,0,0,0,0,1,0,0
1,6,0,0,9,2014,32.0,0.6428571428571429,1,1,0,0,0,1,0,0,0,0,1,0,1,0
0,3,0,0,0,2013,22.0,0.0,0,0,1,1,0,1,0,0,0,0,1,1,0,0
0,7,0,0,8,2013,28.0,0.8,0,0,0,0,0,1,1,0,0,0,1,1,0,0
0,1,0,0,1,2013,40.0,0.045454545454545456,0,0,0,0,0,1,0,0,1,0,0,1,0,0
0,1,0,0,0,2014,28.0,0.0,0,0,1,0,0,1,1,0,0,0,1,1,0,0
0,1,0,0,0,2013,47.0,0.0,0,0,1,0,0,1,1,0,0,0,0,0,1,0
0,2,0,0,2,2013,29.0,0.18181818181818182,0,0,0,0,0,0,0,0,0,1,0,1,0,0
0,6,0,0,7,2013,31.0,0.5384615384615384,0,0,0,0,0,0,1,0,0,0,1,0,1,0
0,5,0,0,1,2013,29.0,0.09090909090909091,0,0,0,0,0,1,0,0,1,0,0,1,0,0
0,1,0,0,0,2013,43.0,0.0,0,0,1,0,0,0,1,0,0,0,1,0,1,0
0,6,0,0,0,2013,19.0,0.0,0,0,1,1,0,1,0,0,1,0,0,0,0,1
0,5,0,0,8,2014,35.0,0.47058823529411764,0,0,0,0,0,1,0,0,0,0,0,1,0,0
0,6,0,0,6,2014,30.0,0.5,0,0,0,0,0,0,0,0,1,0,0,0,1,0
0,7,0,0,2,2013,20.0,1.0,0,0,0,0,0,0,0,0,0,1,0,1,0,0
0,5,0,0,0,2013,18.0,0.0,0,0,1,1,0,1,0,0,1,0,0,0,1,0
0,1,0,0,2,2013,50.0,0.0625,0,0,0,0,0,1,0,0,1,0,0,0,0,0
0,2,0,0,2,2013,47.0,0.06896551724137931,0,0,0,0,0,1,1,0,0,0,1,0,1,0
0,7,0,0,3,2013,52.0,0.08823529411764706,0,0,0,0,0,1,0,1,0,0,0,0,1,0
0,2,0,0,0,2013,19.0,0.0,0,0,1,1,0,1,0,0,1,0,0,1,0,0
0,1,0,0,0,2013,42.0,0.0,0,0,1,0,0,1,0,0,0,1,0,0,0,1
0,5,0,0,7,2014,29.0,0.6363636363636364,0,0,0,0,0,0,0,0,0,0,0,1,0,0
0,2,0,1,0,2014,20.0,0.0,1,1,1,1,0,1,1,0,0,1,0,0,1,0
0,6,0,0,5,2013,25.0,0.7142857142857143,0,0,0,0,0,1,1,0,1,0,0,1,0,0
0,5,0,0,1,2013,18.0,1.0,0,0,0,1,0,1,0,0,0,1,0,1,0,0
0,3,0,1,2,2014,34.0,0.125,1,1,0,0,0,1,1,0,1,0,0,0,0,1
0,7,2,0,21,2013,27.0,2.3333333333333335,2,1,0,0,0,1,0,0,1,0,0,1,0,0
0,10,0,1,13,2013,19.0,13.0,1,1,0,1,0,1,0,0,1,0,0,1,0,0
0,9,1,0,23,2014,33.0,1.5333333333333334,1,1,0,0,0,1,0,0,1,0,0,1,0,0
2,10,1,0,11,2013,26.0,1.375,3,1,0,0,0,1,0,0,1,0,0,1,0,0
0,3,0,0,1,2013,20.0,0.5,0,0,0,1,0,1,0,0,0,0,0,1,0,0
1,7,3,0,24,2014,31.0,1.8461538461538463,4,1,0,0,0,1,0,0,0,0,0,1,0,0
0,5,0,0,1,2013,21.0,0.3333333333333333,0,0,0,0,0,0,0,0,0,1,0,1,0,0
0,3,0,0,19,2014,55.0,0.5135135135135135,0,0,0,0,0,1,0,0,0,0,0,1,0,0
0,6,0,0,0,2013,18.0,0.0,0,0,1,1,0,1,1,0,1,0,0,0,0,0
0,2,0,0,0,2013,25.0,0.0,0,0,1,0,0,1,0,0,1,0,0,0,1,0
0,1,0,0,0,2013,48.0,0.0,0,0,1,0,0,1,1,0,0,0,1,0,1,0
0,2,0,0,0,2013,23.0,0.0,0,0,1,1,0,1,1,0,1,0,0,1,0,0
0,6,0,3,0,2014,18.0,0.0,3,1,1,1,0,1,0,1,0,0,0,1,0,0
0,7,1,0,6,2013,23.0,1.2,1,1,0,1,0,1,1,0,1,0,0,1,0,0
0,6,0,0,0,2014,18.0,0.0,0,0,1,1,0,1,1,0,0,0,1,0,1,0
0,1,0,0,1,2013,46.0,0.03571428571428571,0,0,0,0,0,1,0,0,1,0,0,0,1,0
0,10,0,0,27,2013,54.0,0.75,0,0,0,0,0,1,1,0,1,0,0,1,0,0
0,2,0,0,0,2013,24.0,0.0,0,0,1,0,0,0,1,0,0,0,1,1,0,0
0,1,0,0,1,2013,62.0,0.022727272727272728,0,0,0,0,0,1,1,0,1,0,0,0,1,0
0,3,0,0,0,2013,18.0,0.0,0,0,1,1,0,1,0,0,1,0,0,0,1,0
0,2,0,0,1,2013,42.0,0.041666666666666664,0,0,0,0,0,1,0,1,0,0,0,0,1,0
2,8,3,0,24,2013,33.0,1.6,5,1,0,0,1,1,0,0,0,0,1,1,0,0
0,9,0,0,13,2014,42.0,0.5416666666666666,0,0,0,0,0,1,0,0,1,0,0,0,1,0
0,4,0,0,0,2013,61.0,0.0,0,0,1,0,0,1,0,0,0,1,0,1,0,0
0,6,0,0,1,2013,27.0,0.1111111111111111,0,0,0,0,0,1,0,1,0,0,0,1,0,0
0,1,0,0,1,2013,58.0,0.025,0,0,0,0,0,1,1,0,1,0,0,1,0,0
0,2,0,0,8,2014,47.0,0.27586206896551724,0,0,0,0,0,0,0,0,1,0,0,0,1,0
0,7,0,0,0,2013,20.0,0.0,0,0,1,1,0,1,0,0,1,0,0,1,0,0
0,9,0,0,0,2013,18.0,0.0,0,0,1,1,0,1,0,0,1,0,0,0,1,0
0,10,0,0,2,2014,28.0,0.2,0,0,0,0,0,0,0,0,0,1,0,0,1,0
0,4,0,1,7,2013,24.0,1.1666666666666667,1,1,0,1,0,1,1,0,0,0,1,0,0,1
0,1,0,0,3,2013,31.0,0.23076923076923078,0,0,0,0,0,1,1,0,0,0,1,0,0,0
0,9,0,1,2,2013,23.0,0.4,1,1,0,1,0,1,1,0,1,0,0,1,0,0
0,6,0,0,1,2013,35.0,0.058823529411764705,0,0,0,0,0,1,1,0,0,0,1,0,1,0
0,9,0,0,14,2012,44.0,0.5384615384615384,0,0,0,0,0,1,0,0,1,0,0,1,0,0
0,2,0,0,0,2014,24.0,0.0,0,0,1,1,0,1,1,0,0,0,1,0,1,0
0,8,1,0,4,2013,21.0,1.3333333333333333,1,1,0,1,0,1,0,1,0,0,0,1,0,0
0,5,0,0,2,2014,26.0,0.25,0,0,0,0,0,0,0,1,0,0,0,1,0,0
0,6,0,0,4,2013,41.0,0.17391304347826086,0,0,0,0,0,0,0,1,0,0,0,0,1,0
0,7,0,1,2,2013,20.0,1.0,1,1,0,1,0,1,0,0,1,0,0,0,1,0
0,6,0,0,1,2013,31.0,0.07692307692307693,0,0,0,0,0,0,0,0,1,0,0,0,1,0
0,5,1,0,1,2014,18.0,1.0,1,1,0,1,0,1,0,0,0,1,0,0,1,0
0,4,0,0,23,2014,61.0,0.5348837209302325,0,0,0,0,0,1,0,0,0,1,0,0,0,0
0,1,0,0,0,2014,34.0,0.0,0,0,1,0,0,0,1,0,0,0,0,1,0,0
0,1,0,0,1,2013,55.0,0.02702702702702703,0,0,0,0,0,1,0,0,1,0,0,0,1,0
0,3,0,0,4,2013,32.0,0.2857142857142857,0,0,0,0,0,0,0,0,0,0,1,0,1,0
0,7,0,0,3,2013,20.0,1.5,0,0,0,1,0,1,0,0,0,1,0,1,0,0
0,1,0,0,1,2013,37.0,0.05263157894736842,0,0,0,0,0,1,0,0,0,0,1,0,1,0
0,3,0,0,3,2013,29.0,0.2727272727272727,0,0,0,0,0,1,0,0,1,0,0,0,0,1
0,4,0,0,5,2013,31.0,0.38461538461538464,0,0,0,0,0,0,0,0,1,0,0,0,0,1
0,6,0,0,3,2014,21.0,1.0,0,0,0,1,0,1,1,0,1,0,0,1,0,0
0,3,0,0,0,2014,25.0,0.0,0,0,1,0,0,1,1,0,1,0,0,0,1,0
0,5,0,0,3,2013,23.0,0.6,0,0,0,0,0,0,0,0,0,0,1,1,0,0
0,1,0,0,1,2013,46.0,0.03571428571428571,0,0,0,0,0,1,0,0,0,0,1,1,0,0
0,1,0,0,0,2013,45.0,0.0,0,0,1,0,0,0,1,0,0,0,1,0,0,1
0,2,0,0,6,2013,44.0,0.23076923076923078,0,0,0,0,0,1,0,0,1,0,0,1,0,0
0,6,0,0,7,2013,31.0,0.5384615384615384,0,0,0,0,0,1,0,1,0,0,0,1,0,0
0,9,0,0,10,2013,23.0,2.0,0,0,0,1,0,1,0,0,1,0,0,1,0,0
0,1,0,0,0,2013,50.0,0.0,0,0,1,0,0,0,1,0,0,0,1,0,1,0
0,3,0,0,0,2014,24.0,0.0,0,0,1,1,0,1,1,0,0,0,0,1,0,0
0,7,0,1,9,2013,22.0,2.25,1,1,0,1,0,1,0,0,0,0,0,1,0,0
0,2,0,0,1,2013,49.0,0.03225806451612903,0,0,0,0,0,1,0,0,1,0,0,1,0,0
0,2,0,0,1,2013,26.0,0.125,0,0,0,0,0,0,1,0,1,0,0,1,0,0
0,1,0,0,0,2014,44.0,0.0,0,0,1,0,0,1,0,0,1,0,0,0,1,0
0,4,0,0,6,2014,26.0,0.75,0,0,0,0,0,1,0,0,0,1,0,0,1,0
0,1,0,0,0,2014,55.0,0.0,0,0,1,0,0,1,0,0,0,0,1,1,0,0
0,5,0,0,2,2013,19.0,2.0,0,0,0,1,0,1,0,0,1,0,0,0,0,1
0,9,0,0,27,2014,32.0,1.9285714285714286,0,0,0,0,0,1,0,0,0,1,0,1,0,0
0,3,0,0,3,2014,24.0,0.5,0,0,0,1,0,1,0,0,1,0,0,1,0,0
0,9,0,1,7,2014,22.0,1.75,1,1,0,1,0,1,1,0,1,0,0,1,0,0
0,7,0,0,1,2014,29.0,0.09090909090909091,0,0,0,0,0,1,0,0,0,1,0,0,1,0
0,2,0,0,8,2014,35.0,0.47058823529411764,0,0,0,0,0,1,0,0,0,1,0,1,0,0
0,2,0,0,0,2013,49.0,0.0,0,0,1,0,0,1,0,1,0,0,0,1,0,0
0,6,1,0,8,2013,25.0,1.1428571428571428,1,1,0,0,0,1,0,0,1,0,0,1,0,0
0,1,0,0,4,2014,54.0,0.1111111111111111,0,0,0,0,0,1,0,1,0,0,0,0,1,0
0,9,0,0,15,2013,43.0,0.6,0,0,0,0,0,1,0,0,1,0,0,1,0,0
0,6,0,0,7,2013,23.0,1.4,0,0,0,1,0,1,0,0,0,1,0,0,1,0
0,8,0,0,7,2014,31.0,0.5384615384615384,0,0,0,0,0,1,0,0,0,0,1,0,1,0
0,4,0,3,0,2013,21.0,0.0,3,1,1,1,0,1,1,0,0,0,1,0,1,0
0,2,0,0,0,2013,29.0,0.0,0,0,1,0,0,1,1,1,0,0,0,1,0,0
0,3,0,0,0,2013,27.0,0.0,0,0,1,0,0,1,1,0,0,0,1,0,0,0
1,9,0,0,1,2013,17.0,1.0,1,1,0,1,0,1,0,0,1,0,0,0,0,1
0,1,0,0,0,2013,29.0,0.0,0,0,1,0,0,1,0,0,0,0,1,0,1,0
0,3,0,0,1,2013,27.0,0.1111111111111111,0,0,0,0,0,1,1,0,0,0,0,0,1,0
0,1,0,0,1,2013,63.0,0.022222222222222223,0,0,0,0,0,1,0,0,1,0,0,0,1,0
0,1,0,0,0,2014,38.0,0.0,0,0,1,0,0,0,0,0,0,1,0,1,0,0
0,2,0,0,4,2013,56.0,0.10526315789473684,0,0,0,0,0,1,1,0,0,0,1,1,0,0
0,7,0,0,3,2013,24.0,0.5,0,0,0,1,0,1,1,0,1,0,0,1,0,0
0,3,0,0,0,2013,19.0,0.0,0,0,1,1,0,1,0,0,0,1,0,1,0,0
0,1,0,0,1,2013,55.0,0.02702702702702703,0,0,0,0,0,1,0,0,0,0,0,0,1,0
0,3,0,0,2,2014,27.0,0.2222222222222222,0,0,0,0,0,1,0,0,0,1,0,0,1,0
0,8,0,0,0,2013,24.0,0.0,0,0,1,1,0,1,0,0,0,0,1,1,0,0
0,5,0,0,0,2013,21.0,0.0,0,0,1,1,0,1,0,1,0,0,0,0,1,0
0,4,1,0,3,2013,33.0,0.2,1,1,0,0,0,0,0,0,0,0,1,0,1,0
0,8,2,1,7,2013,26.0,0.875,3,1,0,0,0,1,0,0,0,1,0,1,0,0
1,9,0,0,5,2013,27.0,0.5555555555555556,1,1,0,0,0,1,0,0,0,0,1,1,0,0
0,2,1,1,1,2013,20.0,0.5,2,1,0,1,0,1,0,1,0,0,0,1,0,0
0,4,0,0,2,2014,31.0,0.15384615384615385,0,0,0,0,0,1,0,1,0,0,0,0,1,0
0,5,0,0,2,2013,19.0,2.0,0,0,0,1,0,1,0,0,1,0,0,0,1,0
0,3,0,0,0,2013,19.0,0.0,0,0,1,1,0,1,1,0,0,0,1,1,0,0
0,2,0,0,0,2013,40.0,0.0,0,0,1,0,0,0,1,0,0,0,1,0,1,0
0,8,0,0,0,2013,26.0,0.0,0,0,1,0,0,1,0,1,0,0,0,1,0,0
0,3,0,0,1,2014,41.0,0.043478260869565216,0,0,0,0,0,1,0,0,0,0,1,1,0,0
0,2,0,0,1,2014,23.0,0.2,0,0,0,1,0,1,0,0,1,0,0,1,0,0
0,1,0,0,0,2013,44.0,0.0,0,0,1,0,0,1,1,0,0,0,1,0,1,0
0,5,0,0,0,2013,18.0,0.0,0,0,1,0,0,0,0,0,0,1,0,1,0,0
0,1,0,0,0,2013,51.0,0.0,0,0,1,0,0,1,1,0,0,0,1,0,1,0
0,1,0,1,3,2013,31.0,0.23076923076923078,1,1,0,0,0,1,0,0,1,0,0,1,0,0
0,2,0,0,2,2013,25.0,0.2857142857142857,0,0,0,0,0,0,1,0,0,0,1,1,0,0
0,1,0,0,4,2013,50.0,0.125,0,0,0,0,0,0,0,0,1,0,0,0,1,0
0,1,0,0,0,2013,51.0,0.0,0,0,1,0,0,1,1,0,1,0,0,1,0,0
0,1,0,0,3,2013,34.0,0.1875,0,0,0,0,0,1,0,0,1,0,0,0,0,1
0,4,0,0,2,2013,32.0,0.14285714285714285,0,0,0,0,0,1,0,0,0,0,0,1,0,0
0,1,0,0,0,2014,58.0,0.0,0,0,1,0,0,0,0,0,0,0,1,0,1,0
0,4,0,0,0,2014,20.0,0.0,0,0,1,1,0,1,0,0,0,1,0,1,0,0
0,7,0,0,3,2014,49.0,0.0967741935483871,0,0,0,0,0,1,0,0,0,0,0,1,0,0
0,2,0,0,0,2013,26.0,0.0,0,0,1,0,0,1,0,0,0,0,1,1,0,0
0,6,0,1,5,2013,25.0,0.7142857142857143,1,1,0,0,0,1,1,0,1,0,0,1,0,0
0,1,0,0,0,2013,30.0,0.0,0,0,1,0,0,1,0,0,0,1,0,0,1,0
0,2,0,0,4,2013,40.0,0.18181818181818182,0,0,0,0,0,1,1,0,0,0,1,0,1,0
0,6,0,0,1,2013,43.0,0.04,0,0,0,0,0,1,1,0,0,0,1,0,0,1
0,5,0,0,5,2014,30.0,0.4166666666666667,0,0,0,0,0,1,0,0,1,0,0,0,1,0
0,3,0,0,0,2013,32.0,0.0,0,0,1,0,0,0,0,1,0,0,0,1,0,0
0,4,0,0,1,2014,21.0,0.3333333333333333,0,0,0,1,0,1,0,0,1,0,0,1,0,0
0,1,0,0,1,2013,38.0,0.05,0,0,0,0,0,1,1,0,0,0,1,0,0,1
20,10,0,0,24,2014,23.0,4.8,20,1,0,1,0,1,0,0,1,0,0,0,0,0
0,9,1,0,12,2014,33.0,0.8,1,1,0,0,0,1,0,0,0,0,1,0,0,1
0,6,0,0,4,2013,22.0,1.0,0,0,0,1,0,1,0,0,1,0,0,1,0,0
0,2,0,0,6,2014,67.0,0.12244897959183673,0,0,0,0,0,1,0,0,0,0,0,0,1,0
0,3,0,0,0,2014,22.0,0.0,0,0,1,1,0,1,1,0,0,0,1,0,0,0
0,4,0,0,0,2013,25.0,0.0,0,0,1,0,0,1,0,0,0,1,0,0,0,1
0,7,0,0,23,2013,44.0,0.8846153846153846,0,0,0,0,0,1,0,0,1,0,0,1,0,0
0,10,1,0,13,2014,28.0,1.3,1,1,0,0,0,1,0,0,1,0,0,1,0,0
0,8,0,0,9,2014,24.0,1.5,0,0,0,1,0,1,0,0,1,0,0,1,0,0
0,1,0,0,0,2014,29.0,0.0,0,0,1,0,0,1,1,0,1,0,0,0,0,0
0,7,0,0,0,2013,25.0,0.0,0,0,1,0,0,1,0,0,1,0,0,0,1,0
0,1,0,0,1,2013,45.0,0.037037037037037035,0,0,0,0,0,1,1,0,0,0,0,0,1,0
0,1,0,0,0,2013,41.0,0.0,0,0,1,0,0,1,1,0,0,0,1,0,1,0
0,5,0,0,7,2013,39.0,0.3333333333333333,0,0,0,0,0,1,1,0,0,0,0,1,0,0
0,7,0,0,5,2013,37.0,0.2631578947368421,0,0,0,0,0,1,0,0,0,1,0,1,0,0
0,1,0,0,2,2013,44.0,0.07692307692307693,0,0,0,0,0,0,0,0,0,1,0,0,0,1
0,5,0,0,0,2013,53.0,0.0,0,0,1,0,0,1,1,0,0,0,1,0,1,0
0,9,0,0,5,2013,25.0,0.7142857142857143,0,0,0,0,0,1,0,0,0,1,0,1,0,0
0,9,0,0,0,2013,29.0,0.0,0,0,1,0,0,0,1,0,0,0,1,0,1,0
0,2,0,0,0,2013,22.0,0.0,0,0,1,1,0,1,0,0,1,0,0,1,0,0
0,7,0,2,6,2014,29.0,0.5454545454545454,2,1,0,0,0,1,1,0,1,0,0,0,1,0
0,5,0,0,2,2013,33.0,0.13333333333333333,0,0,0,0,0,1,0,0,0,0,0,1,0,0
0,7,0,0,3,2013,18.0,3.0,0,0,0,1,0,1,0,0,1,0,0,1,0,0
0,4,0,0,2,2013,36.0,0.1111111111111111,0,0,0,0,0,1,1,0,0,0,0,0,1,0
0,2,0,0,0,2013,23.0,0.0,0,0,1,0,0,0,1,0,0,0,1,1,0,0
0,8,0,0,8,2013,25.0,1.1428571428571428,0,0,0,0,0,1,0,0,0,1,0,1,0,0
0,1,0,0,2,2014,66.0,0.041666666666666664,0,0,0,0,0,1,1,0,1,0,0,0,1,0
0,4,0,0,0,2013,19.0,0.0,0,0,1,0,0,0,0,0,0,0,1,0,0,0
0,1,0,0,3,2013,34.0,0.1875,0,0,0,0,0,1,1,0,0,0,0,0,1,0
0,8,0,0,2,2013,20.0,1.0,0,0,0,1,0,1,1,0,1,0,0,1,0,0
0,7,0,0,14,2014,47.0,0.4827586206896552,0,0,0,0,0,0,1,0,0,0,1,1,0,0
0,7,0,0,9,2013,29.0,0.8181818181818182,0,0,0,0,0,1,1,0,0,1,0,0,1,0
0,6,0,0,9,2013,37.0,0.47368421052631576,0,0,0,0,0,1,1,0,0,0,1,0,1,0
0,3,0,0,1,2013,22.0,0.25,0,0,0,1,0,1,1,0,0,0,1,1,0,0
0,1,0,0,0,2013,56.0,0.0,0,0,1,0,0,1,1,0,0,0,1,0,1,0
2,9,0,0,19,2014,42.0,0.7916666666666666,2,1,0,0,0,1,1,0,0,0,1,1,0,0
0,4,0,0,1,2013,25.0,0.14285714285714285,0,0,0,0,0,1,0,0,1,0,0,1,0,0
0,5,0,0,0,2013,37.0,0.0,0,0,1,0,0,0,0,0,0,1,0,1,0,0
0,1,0,0,0,2013,51.0,0.0,0,0,1,0,0,1,0,0,0,0,1,0,1,0
0,4,0,0,0,2013,41.0,0.0,0,0,1,0,0,1,1,0,0,0,0,0,1,0
0,10,0,0,5,2013,28.0,0.5,0,0,0,0,0,1,1,0,0,0,1,1,0,0
4,10,1,0,11,2013,27.0,1.2222222222222223,5,1,0,0,0,1,0,0,1,0,0,1,0,0
0,4,1,3,4,2013,25.0,0.5714285714285714,4,1,0,0,0,1,1,0,0,0,1,0,1,0
0,2,0,0,0,2013,26.0,0.0,0,0,1,0,0,1,1,0,0,0,1,1,0,0
0,7,0,0,0,2013,21.0,0.0,0,0,1,1,0,1,1,1,0,0,0,1,0,0
0,1,0,0,0,2014,41.0,0.0,0,0,1,0,0,1,1,0,1,0,0,0,1,0
0,4,0,0,10,2014,42.0,0.4166666666666667,0,0,0,0,0,1,1,0,0,0,0,1,0,0
0,10,0,0,11,2013,21.0,3.6666666666666665,0,0,0,1,0,1,0,1,0,0,0,0,0,1
0,3,0,0,0,2013,20.0,0.0,0,0,1,1,0,1,0,0,1,0,0,1,0,0
0,3,0,0,5,2014,34.0,0.3125,0,0,0,0,0,1,1,0,1,0,0,0,1,0
0,9,0,0,1,2014,25.0,0.14285714285714285,0,0,0,0,0,1,0,0,1,0,0,0,1,0
0,10,0,0,0,2013,21.0,0.0,0,0,1,1,0,1,0,0,1,0,0,1,0,0
0,1,0,0,0,2013,63.0,0.0,0,0,1,0,0,1,1,0,0,0,1,0,1,0
0,4,0,1,3,2013,34.0,0.1875,1,1,0,0,0,0,0,1,0,0,0,0,1,0
0,8,0,0,9,2014,52.0,0.2647058823529412,0,0,0,0,0,1,0,0,0,1,0,0,0,1
0,3,0,0,1,2013,20.0,0.5,0,0,0,1,0,1,0,1,0,0,0,0,1,0
0,7,0,0,0,2014,21.0,0.0,0,0,1,0,0,0,1,0,0,0,1,1,0,0
0,3,0,1,1,2013,22.0,0.25,1,1,0,1,0,1,0,0,1,0,0,0,0,1
0,1,0,0,4,2013,53.0,0.11428571428571428,0,0,0,0,0,1,0,1,0,0,0,1,0,0
0,1,0,0,1,2014,49.0,0.03225806451612903,0,0,0,0,0,1,0,0,1,0,0,0,0,0
0,1,0,0,3,2014,55.0,0.08108108108108109,0,0,0,0,0,0,1,0,1,0,0,1,0,0
0,5,1,2,3,2013,21.0,1.0,3,1,0,1,0,1,1,0,0,0,0,0,1,0
0,3,0,0,0,2013,19.0,0.0,0,0,1,1,0,1,0,0,0,1,0,1,0,0
0,1,0,0,0,2014,37.0,0.0,0,0,1,0,0,1,1,0,0,0,1,0,1,0
0,10,0,0,3,2014,18.0,3.0,0,0,0,1,0,1,0,0,1,0,0,0,0,1
0,7,0,0,10,2014,44.0,0.38461538461538464,0,0,0,0,0,1,0,0,1,0,0,0,1,0
0,1,0,0,1,2013,35.0,0.058823529411764705,0,0,0,0,0,1,0,1,0,0,0,0,1,0
0,8,0,0,0,2013,21.0,0.0,0,0,1,1,0,1,1,0,1,0,0,0,1,0
0,5,0,0,6,2014,37.0,0.3157894736842105,0,0,0,0,0,1,0,0,0,1,0,0,0,0
0,8,0,0,0,2013,22.0,0.0,0,0,1,1,0,1,0,0,0,0,1,1,0,0
0,9,0,0,19,2014,29.0,1.7272727272727273,0,0,0,0,0,1,0,0,0,0,0,1,0,0
0,3,0,0,1,2014,23.0,0.2,0,0,0,0,0,0,1,0,0,0,1,1,0,0
0,6,0,0,6,2013,23.0,1.2,0,0,0,1,0,1,0,0,1,0,0,1,0,0
0,9,0,1,2,2013,22.0,0.5,1,1,0,1,0,1,0,1,0,0,0,1,0,0
0,8,0,0,11,2014,34.0,0.6875,0,0,0,0,0,1,0,0,0,0,0,0,1,0
0,1,0,0,0,2013,33.0,0.0,0,0,1,0,0,1,0,0,0,1,0,1,0,0
0,6,0,0,1,2013,23.0,0.2,0,0,0,1,0,1,0,0,1,0,0,1,0,0
0,2,2,0,3,2014,20.0,1.5,2,1,0,1,0,1,0,0,0,1,0,0,0,0
0,4,0,0,7,2013,32.0,0.5,0,0,0,0,0,1,0,0,1,0,0,1,0,0
0,4,0,0,2,2013,19.0,2.0,0,0,0,1,0,1,0,0,1,0,0,1,0,0
0,2,0,0,0,2013,22.0,0.0,0,0,1,1,0,1,0,0,0,0,1,0,1,0
0,1,0,0,0,2013,34.0,0.0,0,0,1,0,0,1,1,0,0,0,0,0,0,1
0,7,0,0,2,2013,21.0,0.6666666666666666,0,0,0,1,0,1,1,0,1,0,0,1,0,0
0,9,0,1,0,2013,18.0,0.0,1,1,1,1,0,1,0,0,0,1,0,1,0,0
2,9,0,1,15,2013,30.0,1.25,3,1,0,0,0,1,0,1,0,0,0,0,1,0
0,2,0,0,2,2013,30.0,0.16666666666666666,0,0,0,0,0,1,1,0,0,0,1,1,0,0
0,9,0,0,10,2014,31.0,0.7692307692307693,0,0,0,0,0,1,0,1,0,0,0,1,0,0
0,3,0,0,0,2013,26.0,0.0,0,0,1,0,0,1,1,0,0,0,0,0,1,0
0,3,0,0,8,2013,48.0,0.26666666666666666,0,0,0,0,0,1,0,0,1,0,0,0,1,0
0,8,0,0,14,2014,32.0,1.0,0,0,0,0,0,1,0,0,0,0,0,1,0,0
0,8,1,0,13,2013,35.0,0.7647058823529411,1,1,0,0,0,1,0,0,0,0,1,1,0,0
0,7,0,0,9,2014,25.0,1.2857142857142858,0,0,0,0,0,1,0,0,0,1,0,1,0,0
0,1,0,0,0,2013,24.0,0.0,0,0,1,1,0,1,1,0,0,0,1,1,0,0
0,5,0,0,1,2013,18.0,1.0,0,0,0,1,0,1,1,0,1,0,0,0,0,1
0,1,0,0,1,2013,55.0,0.02702702702702703,0,0,0,0,0,1,0,0,1,0,0,1,0,0
0,8,0,0,4,2013,24.0,0.6666666666666666,0,0,0,1,0,1,0,0,1,0,0,1,0,0
0,7,0,0,1,2013,26.0,0.125,0,0,0,0,0,1,0,1,0,0,0,0,1,0
0,3,0,0,0,2013,28.0,0.0,0,0,1,0,0,0,1,0,0,0,1,0,1,0
0,7,0,0,3,2013,21.0,1.0,0,0,0,1,0,1,1,0,1,0,0,1,0,0
0,9,0,0,6,2013,23.0,1.2,0,0,0,1,0,1,0,1,0,0,0,1,0,0
0,1,0,0,0,2013,41.0,0.0,0,0,1,0,0,1,1,0,0,0,0,0,1,0
0,6,0,0,3,2013,20.0,1.5,0,0,0,1,0,1,0,0,1,0,0,1,0,0
0,5,0,0,0,2013,20.0,0.0,0,0,1,1,0,1,0,0,0,1,0,1,0,0
0,4,0,0,0,2013,39.0,0.0,0,0,1,0,0,1,1,0,0,0,0,0,1,0
0,10,3,0,18,2013,27.0,2.0,3,1,0,0,0,1,1,0,0,0,1,1,0,0
0,9,0,0,1,2013,26.0,0.125,0,0,0,0,0,1,0,0,1,0,0,1,0,0
0,4,0,0,2,2013,35.0,0.11764705882352941,0,0,0,0,0,1,0,0,1,0,0,0,1,0
0,4,0,1,3,2013,23.0,0.6,1,1,0,1,0,1,1,0,0,1,0,0,1,0
0,7,0,0,5,2011,46.0,0.17857142857142858,0,0,0,0,0,1,1,0,0,0,0,1,0,0
0,1,0,0,0,2013,34.0,0.0,0,0,1,0,0,1,1,0,0,0,1,0,0,0
0,1,0,0,0,2013,60.0,0.0,0,0,1,0,0,1,1,0,0,0,1,0,0,1
0,3,0,0,0,2014,21.0,0.0,0,0,1,1,0,1,0,0,0,1,0,1,0,0
0,5,0,0,7,2013,31.0,0.5384615384615384,0,0,0,0,0,1,0,0,1,0,0,1,0,0
0,2,0,0,1,2010,29.0,0.09090909090909091,0,0,0,0,0,1,1,0,0,0,0,1,0,0
0,3,0,0,0,2013,19.0,0.0,0,0,1,1,0,1,0,0,1,0,0,0,1,0
0,10,0,0,10,2013,26.0,1.25,0,0,0,0,0,1,1,0,0,0,1,1,0,0
0,2,0,0,0,2013,37.0,0.0,0,0,1,0,0,1,0,0,1,0,0,1,0,0
0,2,0,0,2,2014,34.0,0.125,0,0,0,0,0,1,0,1,0,0,0,1,0,0
0,8,0,0,8,2013,23.0,1.6,0,0,0,1,0,1,0,0,1,0,0,1,0,0
0,3,0,0,1,2013,22.0,0.25,0,0,0,1,0,1,0,0,0,1,0,1,0,0
0,1,0,0,0,2013,66.0,0.0,0,0,1,0,0,1,1,0,0,0,0,0,1,0
0,4,1,0,1,2014,25.0,0.14285714285714285,1,1,0,0,0,1,0,0,0,1,0,1,0,0
0,5,0,0,0,2013,18.0,0.0,0,0,1,1,0,1,0,0,0,1,0,0,1,0
0,1,0,0,1,2013,25.0,0.14285714285714285,0,0,0,0,0,1,0,0,1,0,0,1,0,0
0,6,0,0,6,2013,21.0,2.0,0,0,0,0,0,0,1,0,1,0,0,1,0,0
0,1,0,0,0,2013,39.0,0.0,0,0,1,0,0,1,0,0,0,0,1,0,1,0
0,3,0,0,1,2013,23.0,0.2,0,0,0,1,0,1,0,0,0,1,0,0,1,0
0,4,0,0,0,2013,23.0,0.0,0,0,1,1,0,1,0,0,1,0,0,1,0,0
0,3,0,0,0,2013,19.0,0.0,0,0,1,1,0,1,0,0,1,0,0,1,0,0
0,4,0,0,0,2013,18.0,0.0,0,0,1,1,0,1,0,0,0,1,0,0,1,0
0,2,0,0,1,2013,27.0,0.1111111111111111,0,0,0,0,0,1,1,0,0,0,1,1,0,0
0,5,0,0,9,2013,43.0,0.36,0,0,0,0,0,1,1,0,0,0,1,0,1,0
0,7,0,0,2,2013,23.0,0.4,0,0,0,1,0,1,1,0,0,0,1,1,0,0
0,5,0,0,0,2013,29.0,0.0,0,0,1,0,0,1,0,0,1,0,0,1,0,0
0,1,0,0,1,2013,37.0,0.05263157894736842,0,0,0,0,0,1,1,0,0,0,1,1,0,0
0,4,0,0,0,2013,32.0,0.0,0,0,1,0,0,1,0,1,0,0,0,0,1,0
0,2,0,0,1,2014,20.0,0.5,0,0,0,1,0,1,0,0,0,1,0,0,1,0
0,5,0,0,3,2013,25.0,0.42857142857142855,0,0,0,0,0,1,1,0,1,0,0,0,0,1
0,3,0,0,4,2013,28.0,0.4,0,0,0,0,0,1,1,0,0,0,1,1,0,0
0,1,0,0,3,2014,57.0,0.07692307692307693,0,0,0,0,0,1,1,0,0,0,0,0,1,0
0,2,0,0,0,2013,34.0,0.0,0,0,1,0,0,1,0,0,1,0,0,0,0,0
0,1,0,0,0,2014,48.0,0.0,0,0,1,0,0,1,0,0,0,0,1,1,0,0
0,5,0,0,8,2013,54.0,0.2222222222222222,0,0,0,0,0,1,0,0,0,0,1,1,0,0
0,5,0,0,5,2013,28.0,0.5,0,0,0,0,0,1,1,0,0,0,1,1,0,0
0,8,0,0,9,2013,41.0,0.391304347826087,0,0,0,0,0,1,0,0,0,1,0,1,0,0
0,9,0,0,5,2013,45.0,0.18518518518518517,0,0,0,0,0,1,0,1,0,0,0,1,0,0
0,4,0,0,0,2014,23.0,0.0,0,0,1,0,0,0,0,0,0,1,0,0,1,0
0,3,0,0,5,1999,34.0,0.3125,0,0,0,0,0,1,1,0,1,0,0,1,0,0
0,1,0,0,0,2014,48.0,0.0,0,0,1,0,0,1,0,0,1,0,0,0,1,0
0,1,0,0,2,2013,55.0,0.05405405405405406,0,0,0,0,0,1,0,0,1,0,0,0,1,0
0,1,0,0,0,2013,53.0,0.0,0,0,1,0,0,1,1,0,0,0,0,0,1,0
0,3,0,0,4,2013,56.0,0.10526315789473684,0,0,0,0,0,1,0,1,0,0,0,1,0,0
0,1,0,0,0,2014,40.0,0.0,0,0,1,0,0,0,0,0,0,0,1,1,0,0
2,8,0,0,2,2013,18.0,2.0,2,1,0,1,0,1,0,0,1,0,0,0,0,1
0,4,0,0,0,2013,18.0,0.0,0,0,1,1,0,1,0,0,1,0,0,0,0,0
0,9,0,0,21,2013,29.0,1.9090909090909092,0,0,0,0,0,1,0,0,0,1,0,1,0,0
0,4,0,0,0,2013,22.0,0.0,0,0,1,0,0,0,1,0,0,0,1,0,0,1
0,4,0,0,1,2013,39.0,0.047619047619047616,0,0,0,0,0,1,0,0,1,0,0,1,0,0
0,8,0,0,8,2014,27.0,0.8888888888888888,0,0,0,0,0,1,0,0,1,0,0,1,0,0
0,6,0,0,1,2013,18.0,1.0,0,0,0,1,0,1,0,0,1,0,0,1,0,0
0,1,0,0,0,2013,56.0,0.0,0,0,1,0,0,1,1,0,0,0,0,0,1,0
0,7,0,1,1,2014,20.0,0.5,1,1,0,1,0,1,0,0,1,0,0,1,0,0
0,1,0,0,1,2013,43.0,0.04,0,0,0,0,0,1,1,0,0,0,1,0,1,0
0,2,0,0,0,2014,48.0,0.0,0,0,1,0,0,1,1,0,0,0,1,0,1,0
0,9,0,0,2,2013,43.0,0.08,0,0,0,0,0,1,0,0,0,1,0,1,0,0
0,8,1,0,11,2014,43.0,0.44,1,1,0,0,0,0,0,1,0,0,0,1,0,0
0,5,0,0,4,2013,31.0,0.3076923076923077,0,0,0,0,0,1,1,0,0,0,1,1,0,0
0,9,1,0,14,2013,27.0,1.5555555555555556,1,1,0,0,0,1,0,0,0,1,0,1,0,0
0,5,0,0,2,2013,40.0,0.09090909090909091,0,0,0,0,0,1,0,1,0,0,0,1,0,0
0,1,0,0,5,2013,42.0,0.20833333333333334,0,0,0,0,0,1,0,0,0,1,0,1,0,0
0,10,0,0,0,2014,41.0,0.0,0,0,1,0,0,1,0,0,1,0,0,1,0,0
0,10,0,0,7,2014,27.0,0.7777777777777778,0,0,0,0,0,1,0,0,0,0,1,0,1,0
0,4,0,1,8,2013,29.0,0.7272727272727273,1,1,0,0,0,1,0,0,0,0,1,1,0,0
0,6,0,0,5,2013,28.0,0.5,0,0,0,0,0,1,0,0,0,1,0,0,0,0
0,1,0,0,1,2013,30.0,0.08333333333333333,0,0,0,0,0,0,1,0,0,0,1,1,0,0
0,4,0,0,4,2013,22.0,1.0,0,0,0,1,0,1,0,0,0,0,1,0,1,0
0,1,0,0,0,2014,31.0,0.0,0,0,1,0,0,0,1,0,0,0,1,1,0,0
0,5,0,0,1,2013,18.0,1.0,0,0,0,1,0,1,0,0,1,0,0,0,0,1
0,1,0,0,1,2014,33.0,0.06666666666666667,0,0,0,0,0,1,0,1,0,0,0,0,1,0
0,1,0,0,1,2013,54.0,0.027777777777777776,0,0,0,0,0,1,0,0,1,0,0,1,0,0
0,3,0,0,0,2013,35.0,0.0,0,0,1,0,0,1,1,0,0,0,1,0,1,0
0,1,0,0,4,2013,37.0,0.21052631578947367,0,0,0,0,0,0,1,0,1,0,0,1,0,0
0,4,0,1,4,2013,25.0,0.5714285714285714,1,1,0,0,0,1,0,0,0,1,0,1,0,0
0,1,0,0,0,2013,48.0,0.0,0,0,1,0,0,1,1,0,0,0,1,1,0,0
0,2,0,0,2,2013,32.0,0.14285714285714285,0,0,0,0,0,1,1,0,0,0,1,1,0,0
0,2,0,0,5,2013,58.0,0.125,0,0,0,0,0,1,0,1,0,0,0,1,0,0
0,3,0,0,0,2014,23.0,0.0,0,0,1,1,0,1,0,0,1,0,0,1,0,0
0,7,0,0,4,2014,23.0,0.8,0,0,0,1,0,1,0,0,0,0,0,1,0,0
0,5,0,0,0,2013,23.0,0.0,0,0,1,1,0,1,1,0,0,1,0,1,0,0
0,1,0,0,1,2014,40.0,0.045454545454545456,0,0,0,0,0,1,1,0,0,0,1,0,1,0
0,4,0,0,1,2013,21.0,0.3333333333333333,0,0,0,0,0,0,0,0,0,1,0,1,0,0
0,10,1,0,13,2013,24.0,2.1666666666666665,1,1,0,1,0,1,1,0,0,0,0,1,0,0
0,7,0,0,9,2013,27.0,1.0,0,0,0,0,0,1,0,0,1,0,0,1,0,0
0,2,0,1,1,2013,32.0,0.07142857142857142,1,1,0,0,0,1,0,1,0,0,0,0,1,0
0,1,0,0,0,2013,30.0,0.0,0,0,1,0,0,1,0,0,0,0,1,0,1,0
0,2,0,0,1,2013,30.0,0.08333333333333333,0,0,0,0,0,0,1,0,0,0,1,0,1,0
0,2,0,1,3,2014,27.0,0.3333333333333333,1,1,0,0,0,1,0,0,1,0,0,1,0,0
0,4,0,0,7,2013,47.0,0.2413793103448276,0,0,0,0,0,0,1,0,0,0,1,1,0,0
0,5,0,0,0,2013,18.0,0.0,0,0,1,1,0,1,0,0,0,1,0,1,0,0
0,10,0,0,16,2013,28.0,1.6,0,0,0,0,0,1,0,0,0,1,0,0,0,1
0,7,0,0,2,2014,29.0,0.18181818181818182,0,0,0,0,0,1,0,0,1,0,0,1,0,0
0,4,0,0,0,2013,20.0,0.0,0,0,1,0,0,0,1,0,0,0,1,1,0,0
0,6,0,0,1,2013,22.0,0.25,0,0,0,1,0,1,0,0,0,1,0,1,0,0
0,5,0,0,1,2013,21.0,0.3333333333333333,0,0,0,0,0,0,0,0,1,0,0,0,1,0
0,10,0,0,13,2013,28.0,1.3,0,0,0,0,0,1,1,0,1,0,0,1,0,0
0,1,0,0,0,2013,58.0,0.0,0,0,1,0,0,1,0,0,0,1,0,1,0,0
0,2,0,0,2,2013,26.0,0.25,0,0,0,0,0,1,0,0,1,0,0,1,0,0
0,1,0,0,0,2013,29.0,0.0,0,0,1,0,0,0,1,0,0,0,1,0,0,0
0,1,0,0,0,2014,44.0,0.0,0,0,1,0,0,1,1,0,0,0,0,0,1,0
0,4,0,1,0,2014,19.0,0.0,1,1,1,1,0,1,1,0,0,0,1,0,1,0
0,8,0,0,0,2013,32.0,0.0,0,0,1,0,0,1,0,0,1,0,0,1,0,0
0,3,0,0,2,2014,33.0,0.13333333333333333,0,0,0,0,0,1,0,0,1,0,0,0,0,1
0,8,0,0,2,2014,39.0,0.09523809523809523,0,0,0,0,0,1,0,0,0,1,0,0,0,0
0,10,0,0,1,2013,20.0,0.5,0,0,0,1,0,1,0,0,0,1,0,1,0,0
0,6,0,0,3,2014,21.0,1.0,0,0,0,1,0,1,0,0,0,1,0,1,0,0
0,4,0,0,2,2013,25.0,0.2857142857142857,0,0,0,0,0,1,1,0,1,0,0,1,0,0
0,4,0,0,0,2013,18.0,0.0,0,0,1,1,0,1,0,1,0,0,0,0,0,1
0,4,0,1,2,2013,43.0,0.08,1,1,0,0,0,1,1,0,1,0,0,0,1,0
0,2,0,0,1,2013,54.0,0.027777777777777776,0,0,0,0,0,1,0,0,1,0,0,1,0,0
0,5,0,0,8,2014,38.0,0.4,0,0,0,0,0,1,0,1,0,0,0,0,0,1
0,3,0,0,5,2014,29.0,0.45454545454545453,0,0,0,0,0,1,0,0,1,0,0,0,0,1
0,4,0,0,1,2014,21.0,0.3333333333333333,0,0,0,1,0,1,1,0,0,0,1,1,0,0
0,1,0,0,0,2014,31.0,0.0,0,0,1,0,0,0,1,0,0,0,1,0,1,0
0,8,0,0,2,2013,45.0,0.07407407407407407,0,0,0,0,0,1,1,0,1,0,0,0,1,0
0,6,0,0,11,2013,30.0,0.9166666666666666,0,0,0,0,0,1,0,0,1,0,0,1,0,0
0,7,0,0,0,2013,23.0,0.0,0,0,1,1,0,1,0,0,1,0,0,0,0,1
0,5,1,1,7,2014,29.0,0.6363636363636364,2,1,0,0,0,1,0,0,1,0,0,1,0,0
0,3,0,0,0,2014,35.0,0.0,0,0,1,0,0,1,0,0,1,0,0,0,0,1
0,8,0,0,7,2013,40.0,0.3181818181818182,0,0,0,0,0,0,0,0,0,0,1,0,1,0
0,3,0,0,0,2013,29.0,0.0,0,0,1,0,0,1,0,0,0,0,0,0,1,0
0,7,0,0,3,2013,31.0,0.23076923076923078,0,0,0,0,0,1,0,0,1,0,0,0,0,0
0,2,1,0,4,2014,37.0,0.21052631578947367,1,1,0,0,0,1,0,0,1,0,0,0,0,0
0,1,0,0,4,2013,46.0,0.14285714285714285,0,0,0,0,0,1,0,0,0,0,1,0,1,0
0,4,0,0,0,2013,21.0,0.0,0,0,1,1,0,1,0,0,0,0,1,0,1,0
0,9,0,0,1,2013,23.0,0.2,0,0,0,1,0,1,0,0,0,1,0,1,0,0
0,2,0,0,0,2013,39.0,0.0,0,0,1,0,0,1,0,0,0,0,1,0,1,0
0,6,0,0,1,2013,19.0,1.0,0,0,0,1,0,1,0,0,0,1,0,1,0,0
0,1,0,0,0,2013,33.0,0.0,0,0,1,0,0,1,0,0,0,1,0,0,0,1
0,7,0,1,7,2014,27.0,0.7777777777777778,1,1,0,0,0,1,1,0,0,0,1,0,1,0
0,3,0,0,0,2013,37.0,0.0,0,0,1,0,0,1,1,0,0,0,1,0,1,0
0,6,2,1,13,2014,25.0,1.8571428571428572,3,1,0,0,0,1,0,0,1,0,0,1,0,0
0,5,0,0,2,2013,35.0,0.11764705882352941,0,0,0,0,0,1,0,1,0,0,0,0,1,0
0,2,0,0,0,2014,18.0,0.0,0,0,1,1,0,1,0,0,0,1,0,0,1,0
2,10,0,0,4,2013,22.0,1.0,2,1,0,1,0,1,0,0,1,0,0,1,0,0
0,1,0,0,0,2013,50.0,0.0,0,0,1,0,0,1,1,0,0,0,1,0,1,0
0,8,0,0,0,2014,25.0,0.0,0,0,1,0,0,0,1,0,0,0,1,1,0,0
0,5,0,0,0,2014,18.0,0.0,0,0,1,1,0,1,0,0,0,1,0,0,0,0
0,1,0,0,1,2014,47.0,0.034482758620689655,0,0,0,0,0,1,1,0,1,0,0,0,1,0
0,5,0,0,4,2013,39.0,0.19047619047619047,0,0,0,0,0,1,0,0,1,0,0,1,0,0
0,8,0,2,5,2014,21.0,1.6666666666666667,2,1,0,1,0,1,0,1,0,0,0,0,1,0
0,7,0,2,0,2013,19.0,0.0,2,1,1,1,0,1,0,0,0,1,0,0,1,0
0,5,0,0,2,2013,22.0,0.5,0,0,0,1,0,1,0,0,1,0,0,1,0,0
0,4,0,0,1,2014,40.0,0.045454545454545456,0,0,0,0,0,1,0,0,0,0,0,1,0,0
0,1,0,0,2,2013,48.0,0.06666666666666667,0,0,0,0,0,1,0,0,1,0,0,0,0,0
0,3,0,1,0,2013,21.0,0.0,1,1,1,1,0,1,0,1,0,0,0,1,0,0
0,4,0,0,4,2013,34.0,0.25,0,0,0,0,0,1,0,0,1,0,0,1,0,0
0,1,0,0,0,2013,34.0,0.0,0,0,1,0,0,1,1,0,1,0,0,0,1,0
0,2,0,0,0,2013,24.0,0.0,0,0,1,0,0,0,1,0,0,0,1,0,0,0
0,6,0,0,0,2013,18.0,0.0,0,0,1,1,0,1,0,0,0,0,1,0,0,0
0,1,0,0,1,2013,32.0,0.07142857142857142,0,0,0,0,0,1,0,0,0,0,1,1,0,0
0,8,0,0,0,2013,22.0,0.0,0,0,1,0,0,0,0,1,0,0,0,0,1,0
0,1,0,0,2,2013,45.0,0.07407407407407407,0,0,0,0,0,1,1,0,0,0,0,0,1,0
0,6,0,0,9,2013,36.0,0.5,0,0,0,0,0,1,0,0,1,0,0,1,0,0
0,1,0,0,0,2013,58.0,0.0,0,0,1,0,0,1,1,0,0,0,0,0,0,0
0,2,0,0,0,2014,27.0,0.0,0,0,1,0,0,0,1,0,0,0,1,1,0,0
0,6,0,0,3,2013,19.0,3.0,0,0,0,1,1,1,0,0,0,0,1,1,0,0
0,7,0,0,0,2014,23.0,0.0,0,0,1,1,0,1,0,0,1,0,0,1,0,0
0,3,0,0,3,2014,28.0,0.3,0,0,0,0,0,0,1,0,0,0,1,0,0,1
0,1,0,0,0,2013,50.0,0.0,0,0,1,0,0,1,1,0,0,0,0,0,1,0
0,2,0,0,0,2014,24.0,0.0,0,0,1,1,0,1,0,0,0,0,1,0,1,0
0,4,0,0,0,2014,24.0,0.0,0,0,1,1,0,1,1,0,0,0,1,0,0,0
0,9,0,0,9,2014,43.0,0.36,0,0,0,0,0,1,0,0,0,1,0,0,1,0
0,9,0,0,0,2014,19.0,0.0,0,0,1,1,0,1,0,0,1,0,0,1,0,0
0,8,0,0,4,2013,25.0,0.5714285714285714,0,0,0,0,0,1,0,0,1,0,0,1,0,0
0,6,0,0,1,2014,42.0,0.041666666666666664,0,0,0,0,0,1,0,0,1,0,0,0,1,0
0,5,0,0,2,2013,23.0,0.4,0,0,0,1,0,1,0,0,1,0,0,0,1,0
0,4,0,0,4,2014,44.0,0.15384615384615385,0,0,0,0,0,0,0,0,1,0,0,1,0,0
0,1,0,0,0,2014,44.0,0.0,0,0,1,0,0,0,0,0,0,0,0,1,0,0
0,10,0,0,12,2014,27.0,1.3333333333333333,0,0,0,0,0,1,0,1,0,0,0,1,0,0
0,1,0,0,0,2013,38.0,0.0,0,0,1,0,0,1,1,0,0,0,0,0,1,0
0,7,0,0,5,2013,23.0,1.0,0,0,0,0,0,0,0,0,1,0,0,1,0,0
1,7,0,0,2,2013,20.0,1.0,1,1,0,1,0,1,0,1,0,0,0,1,0,0
0,3,0,0,0,2013,28.0,0.0,0,0,1,0,0,1,1,0,0,0,0,0,1,0
0,6,0,0,1,2013,31.0,0.07692307692307693,0,0,0,0,0,1,0,0,1,0,0,0,1,0
0,1,0,0,11,2014,68.0,0.22,0,0,0,0,0,1,0,1,0,0,0,0,1,0
0,1,0,0,2,2013,49.0,0.06451612903225806,0,0,0,0,0,1,0,0,1,0,0,0,1,0
0,2,0,0,4,2013,48.0,0.13333333333333333,0,0,0,0,0,1,1,0,1,0,0,1,0,0
0,10,0,0,15,2013,43.0,0.6,0,0,0,0,0,0,0,0,0,0,0,0,0,0
0,6,0,0,21,2013,52.0,0.6176470588235294,0,0,0,0,0,1,0,0,0,0,1,1,0,0
0,1,0,0,1,2013,46.0,0.03571428571428571,0,0,0,0,0,0,0,0,1,0,0,0,1,0
0,1,0,0,0,2013,44.0,0.0,0,0,1,0,0,0,0,0,0,0,1,0,1,0
0,2,0,0,0,2013,24.0,0.0,0,0,1,1,0,1,1,0,0,0,1,1,0,0
0,7,2,0,5,2013,21.0,1.6666666666666667,2,1,0,1,0,1,1,0,0,0,0,0,1,0
0,10,1,0,1,2014,19.0,1.0,1,1,0,1,0,1,0,0,1,0,0,1,0,0
0,10,0,1,26,2013,34.0,1.625,1,1,0,0,0,1,0,0,0,0,0,1,0,0
0,9,0,0,1,2014,20.0,0.5,0,0,0,1,0,1,0,1,0,0,0,1,0,0
0,6,0,0,0,2013,18.0,0.0,0,0,1,1,0,1,0,0,0,1,0,1,0,0
0,10,0,0,4,2014,23.0,0.8,0,0,0,1,0,1,0,1,0,0,0,1,0,0
0,5,0,0,3,2013,24.0,0.5,0,0,0,0,0,0,0,0,1,0,0,1,0,0
0,4,0,0,3,2013,27.0,0.3333333333333333,0,0,0,0,0,1,0,0,1,0,0,0,1,0
0,1,0,0,0,2014,68.0,0.0,0,0,1,0,0,1,1,0,0,0,0,0,1,0
0,9,0,0,11,2013,34.0,0.6875,0,0,0,0,0,1,0,0,1,0,0,0,1,0
0,5,0,0,5,2013,43.0,0.2,0,0,0,0,0,1,0,0,1,0,0,1,0,0
0,1,0,0,4,2014,38.0,0.2,0,0,0,0,0,1,1,0,0,0,1,0,0,0
0,4,0,0,18,2013,41.0,0.782608695652174,0,0,0,0,0,1,0,0,1,0,0,1,0,0
0,6,0,0,15,2013,35.0,0.8823529411764706,0,0,0,0,0,1,0,0,0,0,1,1,0,0
0,4,0,0,0,2013,26.0,0.0,0,0,1,0,0,1,0,0,1,0,0,1,0,0
0,2,0,0,8,2013,34.0,0.5,0,0,0,0,0,1,1,0,1,0,0,1,0,0
0,4,0,0,3,2013,35.0,0.17647058823529413,0,0,0,0,0,1,0,1,0,0,0,0,0,1
0,3,0,0,0,2013,24.0,0.0,0,0,1,0,0,0,0,1,0,0,0,0,1,0
0,5,0,0,0,2013,18.0,0.0,0,0,1,0,0,0,1,0,0,0,1,0,0,0
0,1,0,0,0,2013,41.0,0.0,0,0,1,0,0,1,1,0,0,0,0,0,0,1
0,5,0,0,6,2013,27.0,0.6666666666666666,0,0,0,0,0,1,1,0,0,0,1,0,1,0
0,2,0,0,3,2013,26.0,0.375,0,0,0,0,0,1,0,0,1,0,0,1,0,0
0,2,0,0,0,2013,27.0,0.0,0,0,1,0,0,0,1,0,0,0,1,1,0,0
0,5,0,0,2,2013,22.0,0.5,0,0,0,0,0,0,0,0,1,0,0,0,1,0
0,2,0,0,3,2013,37.0,0.15789473684210525,0,0,0,0,0,1,0,0,0,0,0,1,0,0
0,3,0,0,1,2013,30.0,0.08333333333333333,0,0,0,0,0,1,1,0,1,0,0,0,1,0
0,5,0,0,5,2014,24.0,0.8333333333333334,0,0,0,1,0,1,0,0,1,0,0,0,1,0
0,3,1,0,1,2013,28.0,0.1,1,1,0,0,0,1,1,0,1,0,0,0,0,1
0,1,0,0,1,2013,58.0,0.025,0,0,0,0,0,1,1,0,0,0,0,0,1,0
0,4,0,0,2,2013,28.0,0.2,0,0,0,0,0,1,0,0,1,0,0,0,1,0
0,1,0,0,0,2013,59.0,0.0,0,0,1,0,0,1,1,0,0,0,1,0,1,0
0,8,0,0,4,2013,25.0,0.5714285714285714,0,0,0,0,0,0,1,0,1,0,0,0,1,0
0,6,0,0,9,2013,45.0,0.3333333333333333,0,0,0,0,0,1,0,0,0,1,0,0,1,0
0,2,0,0,0,2013,38.0,0.0,0,0,1,0,0,0,0,1,0,0,0,0,1,0
0,4,0,0,0,2013,22.0,0.0,0,0,1,1,0,1,0,1,0,0,0,0,1,0
0,4,0,0,0,2014,20.0,0.0,0,0,1,1,0,1,0,0,0,1,0,1,0,0
0,8,0,0,4,2013,27.0,0.4444444444444444,0,0,0,0,0,1,1,0,0,0,1,1,0,0
0,1,0,0,0,2013,60.0,0.0,0,0,1,0,0,1,1,0,0,0,0,0,1,0
0,10,0,0,4,2013,30.0,0.3333333333333333,0,0,0,0,0,1,0,1,0,0,0,1,0,0
0,4,0,0,0,2013,40.0,0.0,0,0,1,0,0,1,1,0,0,0,0,0,1,0
0,10,0,0,3,2013,22.0,0.75,0,0,0,1,0,1,0,0,1,0,0,1,0,0
0,1,0,0,1,2013,48.0,0.03333333333333333,0,0,0,0,0,1,0,0,1,0,0,1,0,0
0,1,0,0,3,2013,36.0,0.16666666666666666,0,0,0,0,0,1,0,0,1,0,0,0,1,0
0,3,0,0,0,2013,27.0,0.0,0,0,1,0,0,0,1,0,0,0,1,0,0,1
0,8,0,0,14,2014,30.0,1.1666666666666667,0,0,0,0,0,1,0,0,0,0,0,1,0,0
0,6,0,0,0,2013,19.0,0.0,0,0,1,1,0,1,1,0,0,1,0,1,0,0
0,1,0,0,0,2013,56.0,0.0,0,0,1,0,0,1,0,1,0,0,0,0,1,0
0,7,5,0,37,2014,36.0,2.0555555555555554,5,1,0,0,0,1,1,0,1,0,0,1,0,0
0,6,0,0,2,2013,20.0,1.0,0,0,0,1,0,1,0,0,1,0,0,1,0,0
0,1,0,0,0,2014,40.0,0.0,0,0,1,0,0,1,1,0,0,0,1,1,0,0
0,7,0,0,2,2013,35.0,0.11764705882352941,0,0,0,0,0,1,0,0,0,0,1,1,0,0
0,3,0,0,2,2013,30.0,0.16666666666666666,0,0,0,0,0,0,0,1,0,0,0,0,1,0
0,3,0,0,7,2014,34.0,0.4375,0,0,0,0,0,0,0,0,1,0,0,1,0,0
0,3,0,0,0,2013,33.0,0.0,0,0,1,0,0,1,1,0,0,0,1,1,0,0
0,1,0,0,1,2013,28.0,0.1,0,0,0,0,0,1,0,0,0,0,1,1,0,0
0,4,0,0,3,2014,26.0,0.375,0,0,0,0,0,0,0,0,1,0,0,1,0,0
0,2,0,0,1,2013,26.0,0.125,0,0,0,0,0,1,0,0,1,0,0,1,0,0
0,4,0,0,0,2014,41.0,0.0,0,0,1,0,0,1,0,0,1,0,0,1,0,0
0,1,0,0,1,2014,38.0,0.05,0,0,0,0,0,1,0,0,1,0,0,1,0,0
0,9,2,0,15,2014,29.0,1.3636363636363635,2,1,0,0,0,1,0,1,0,0,0,1,0,0
0,7,0,0,6,2013,51.0,0.18181818181818182,0,0,0,0,0,1,0,1,0,0,0,1,0,0
0,9,0,0,17,2014,22.0,4.25,0,0,0,1,0,1,0,0,1,0,0,1,0,0
0,1,0,0,0,2014,39.0,0.0,0,0,1,0,0,1,0,0,1,0,0,0,0,1
0,9,0,1,1,2013,18.0,1.0,1,1,0,1,0,1,0,0,1,0,0,1,0,0
0,2,0,0,1,2014,27.0,0.1111111111111111,0,0,0,0,0,0,0,0,1,0,0,0,0,1
0,3,0,1,0,2013,19.0,0.0,1,1,1,1,0,1,0,0,1,0,0,1,0,0
0,7,0,0,9,2013,50.0,0.28125,0,0,0,0,0,1,0,0,0,1,0,0,0,1
0,1,0,0,0,2013,38.0,0.0,0,0,1,0,0,0,0,0,0,1,0,0,0,0
0,4,0,0,1,2013,42.0,0.041666666666666664,0,0,0,0,0,0,0,0,0,0,1,1,0,0
0,2,0,0,1,2014,27.0,0.1111111111111111,0,0,0,0,0,1,1,0,0,0,0,1,0,0
0,5,0,0,10,2014,44.0,0.38461538461538464,0,0,0,0,0,1,0,0,0,0,1,1,0,0
0,8,1,2,1,2013,19.0,1.0,3,1,0,1,0,1,0,0,0,1,0,0,1,0
0,5,0,0,6,2013,33.0,0.4,0,0,0,0,0,1,0,0,0,0,1,0,1,0
0,1,0,0,1,2013,49.0,0.03225806451612903,0,0,0,0,0,1,1,0,1,0,0,1,0,0
0,1,0,0,0,2013,46.0,0.0,0,0,1,0,0,1,1,0,0,0,0,0,1,0
0,8,0,3,9,2013,26.0,1.125,3,1,0,0,0,0,1,0,0,1,0,1,0,0
0,1,0,0,0,2013,45.0,0.0,0,0,1,0,0,1,1,0,0,0,1,0,1,0
0,6,0,0,10,2013,28.0,1.0,0,0,0,0,0,1,0,0,1,0,0,1,0,0
0,8,0,0,3,2014,20.0,1.5,0,0,0,1,0,1,0,0,1,0,0,0,1,0
0,1,0,0,0,2014,31.0,0.0,0,0,1,0,0,1,0,0,1,0,0,0,0,0
0,5,0,0,0,2014,45.0,0.0,0,0,1,0,0,1,1,0,0,0,1,1,0,0
1,10,2,2,3,2013,18.0,3.0,5,1,0,1,0,1,0,0,1,0,0,1,0,0
3,10,0,0,13,2013,32.0,0.9285714285714286,3,1,0,0,0,1,0,1,0,0,0,1,0,0
0,1,0,0,3,2013,43.0,0.12,0,0,0,0,0,1,1,0,0,0,0,1,0,0
0,4,0,0,5,2013,31.0,0.38461538461538464,0,0,0,0,0,1,0,0,0,1,0,1,0,0
0,1,0,0,2,2013,50.0,0.0625,0,0,0,0,0,1,0,0,1,0,0,1,0,0
0,8,0,0,0,2014,18.0,0.0,0,0,1,1,0,1,1,0,0,0,1,0,1,0
0,1,0,0,1,2014,51.0,0.030303030303030304,0,0,0,0,0,1,1,0,0,0,1,0,1,0
0,3,0,0,0,2014,18.0,0.0,0,0,1,0,0,0,0,0,0,0,1,0,1,0
0,6,0,0,0,2014,20.0,0.0,0,0,1,1,0,1,1,0,1,0,0,1,0,0
0,3,0,0,1,2013,42.0,0.041666666666666664,0,0,0,0,0,1,0,0,1,0,0,1,0,0
0,2,0,0,0,2014,25.0,0.0,0,0,1,0,0,0,0,0,0,0,1,0,1,0
0,2,0,0,0,2013,22.0,0.0,0,0,1,1,0,1,1,0,0,0,1,0,1,0
0,4,0,0,0,2014,28.0,0.0,0,0,1,0,0,1,0,0,0,0,0,0,1,0
0,5,0,0,2,2013,28.0,0.2,0,0,0,0,0,1,0,0,0,0,0,1,0,0
0,3,0,0,3,2014,26.0,0.375,0,0,0,0,0,1,0,0,1,0,0,0,1,0
0,2,0,0,3,2013,33.0,0.2,0,0,0,0,0,1,1,0,0,0,1,1,0,0
0,5,0,0,7,2013,24.0,1.1666666666666667,0,0,0,1,0,1,0,0,1,0,0,1,0,0
0,2,0,0,1,2013,39.0,0.047619047619047616,0,0,0,0,0,1,0,1,0,0,0,1,0,0
0,5,0,0,0,2013,33.0,0.0,0,0,1,0,0,1,0,1,0,0,0,0,1,0
0,2,0,0,2,2013,29.0,0.18181818181818182,0,0,0,0,0,0,0,0,1,0,0,0,1,0
1,10,0,0,6,2013,21.0,2.0,1,1,0,1,0,1,0,0,1,0,0,0,0,1
0,10,1,0,21,2014,23.0,4.2,1,1,0,1,0,1,0,0,1,0,0,1,0,0
0,1,0,0,0,2014,40.0,0.0,0,0,1,0,0,0,1,0,0,0,1,0,1,0
0,6,0,0,0,2013,18.0,0.0,0,0,1,1,0,1,0,0,0,1,0,1,0,0
0,2,0,0,0,2013,25.0,0.0,0,0,1,0,0,0,1,0,0,0,1,1,0,0
0,10,0,0,25,2014,25.0,3.5714285714285716,0,0,0,0,0,1,0,0,1,0,0,1,0,0
0,6,0,0,0,2013,18.0,0.0,0,0,1,0,0,0,0,0,0,1,0,0,1,0
0,6,0,0,0,2013,23.0,0.0,0,0,1,1,0,1,1,0,0,0,1,0,1,0
0,1,0,0,0,2013,32.0,0.0,0,0,1,0,0,1,0,0,0,0,1,0,1,0
0,7,0,0,0,2013,46.0,0.0,0,0,1,0,0,1,0,1,0,0,0,0,1,0
0,2,0,0,0,2013,42.0,0.0,0,0,1,0,0,1,0,1,0,0,0,0,1,0
0,3,0,0,1,2013,25.0,0.14285714285714285,0,0,0,0,0,1,1,0,0,0,1,0,1,0
0,7,0,0,12,2013,33.0,0.8,0,0,0,0,0,0,0,1,0,0,0,1,0,0
0,1,0,0,3,2013,31.0,0.23076923076923078,0,0,0,0,0,1,0,0,0,0,0,1,0,0
0,3,0,0,15,2013,42.0,0.625,0,0,0,0,0,1,0,0,0,0,0,1,0,0
0,3,0,0,9,2013,24.0,1.5,0,0,0,1,0,1,0,0,0,0,0,1,0,0
0,3,0,0,1,2013,22.0,0.25,0,0,0,0,0,0,0,0,0,0,1,1,0,0
0,8,1,0,1,2013,18.0,1.0,1,1,0,1,0,1,1,0,0,0,1,1,0,0
0,1,0,0,1,2014,46.0,0.03571428571428571,0,0,0,0,0,1,0,0,0,1,0,1,0,0
0,2,0,0,1,2013,34.0,0.0625,0,0,0,0,0,1,1,0,0,0,1,0,1,0
0,6,0,0,3,2013,22.0,0.75,0,0,0,1,0,1,0,1,0,0,0,1,0,0
0,1,0,0,1,2014,35.0,0.058823529411764705,0,0,0,0,0,1,1,0,0,0,1,0,1,0
0,3,0,0,1,2014,37.0,0.05263157894736842,0,0,0,0,0,1,0,1,0,0,0,0,1,0
0,5,0,1,1,2013,21.0,0.3333333333333333,1,1,0,1,0,1,0,0,0,1,0,0,1,0
0,1,0,0,2,2013,46.0,0.07142857142857142,0,0,0,0,0,1,0,0,1,0,0,0,0,0
0,2,0,0,1,2014,22.0,0.25,0,0,0,1,0,1,0,0,1,0,0,1,0,0
0,5,0,0,5,2013,39.0,0.23809523809523808,0,0,0,0,0,1,0,0,0,1,0,0,1,0
0,8,0,0,6,2013,25.0,0.8571428571428571,0,0,0,0,0,1,1,0,1,0,0,1,0,0
0,2,0,0,1,2013,50.0,0.03125,0,0,0,0,0,1,1,0,0,0,0,1,0,0
0,4,0,0,2,2014,26.0,0.25,0,0,0,0,0,0,1,0,0,1,0,1,0,0
0,1,0,0,0,2013,36.0,0.0,0,0,1,0,0,1,1,0,1,0,0,0,1,0
0,7,0,0,22,2013,45.0,0.8148148148148148,0,0,0,0,0,1,0,0,0,0,0,1,0,0
0,2,0,0,4,2013,26.0,0.5,0,0,0,0,0,1,0,0,1,0,0,1,0,0
0,1,0,0,2,2013,33.0,0.13333333333333333,0,0,0,0,0,1,0,0,1,0,0,0,1,0
0,9,0,0,1,2013,21.0,0.3333333333333333,0,0,0,0,0,0,0,0,1,0,0,1,0,0
0,2,0,0,0,2014,33.0,0.0,0,0,1,0,0,1,1,0,0,0,1,0,0,1
0,7,0,0,3,2014,21.0,1.0,0,0,0,1,0,1,0,0,1,0,0,1,0,0
0,2,0,0,2,2013,23.0,0.4,0,0,0,1,0,1,0,0,0,0,1,1,0,0
0,4,0,0,7,2013,28.0,0.7,0,0,0,0,0,1,0,0,0,1,0,1,0,0
0,10,3,2,14,2013,27.0,1.5555555555555556,5,1,0,0,0,0,0,0,1,0,0,1,0,0
0,6,0,0,2,2013,22.0,0.5,0,0,0,1,0,1,1,0,0,0,0,0,1,0
0,10,0,0,6,2014,22.0,1.5,0,0,0,1,0,1,0,1,0,0,0,1,0,0
0,1,0,0,1,2013,31.0,0.07692307692307693,0,0,0,0,0,1,0,0,0,1,0,0,0,1
0,4,0,0,2,2013,23.0,0.4,0,0,0,1,0,1,1,0,0,0,1,1,0,0
0,1,0,0,0,2013,57.0,0.0,0,0,1,0,0,1,0,0,1,0,0,0,0,1
0,5,0,0,0,2014,18.0,0.0,0,0,1,0,0,0,0,0,0,1,0,1,0,0
0,3,0,0,0,2014,21.0,0.0,0,0,1,1,0,1,0,0,1,0,0,0,1,0
0,7,0,0,5,2013,23.0,1.0,0,0,0,1,0,1,0,0,1,0,0,1,0,0
0,1,0,0,4,2014,38.0,0.2,0,0,0,0,0,1,1,0,0,0,0,0,1,0
0,3,0,0,1,2014,26.0,0.125,0,0,0,0,0,1,0,0,0,0,0,0,0,0
0,1,0,0,1,2013,45.0,0.037037037037037035,0,0,0,0,0,1,0,0,0,1,0,0,0,1
0,10,1,0,1,2014,17.0,1.0,1,1,0,1,0,1,0,0,1,0,0,1,0,0
0,1,0,0,1,2014,51.0,0.030303030303030304,0,0,0,0,0,1,0,0,1,0,0,0,1,0
0,3,0,0,0,2013,21.0,0.0,0,0,1,0,0,0,0,0,0,1,0,1,0,0
0,1,0,0,0,2013,28.0,0.0,0,0,1,0,0,1,0,0,1,0,0,0,0,1
0,3,0,0,2,2013,30.0,0.16666666666666666,0,0,0,0,0,0,0,1,0,0,0,0,1,0
0,10,3,0,8,2013,23.0,1.6,3,1,0,1,1,1,0,0,0,0,1,0,1,0
0,2,0,0,2,2013,29.0,0.18181818181818182,0,0,0,0,0,1,0,1,0,0,0,0,1,0
0,2,0,0,0,2014,24.0,0.0,0,0,1,1,0,1,0,0,1,0,0,0,1,0
0,2,0,0,1,2013,18.0,1.0,0,0,0,1,0,1,0,0,0,1,0,1,0,0
0,5,0,0,3,2013,35.0,0.17647058823529413,0,0,0,0,0,1,0,0,0,0,1,1,0,0
0,2,0,0,0,2013,21.0,0.0,0,0,1,1,0,1,0,0,1,0,0,0,1,0
0,6,0,1,0,2014,18.0,0.0,1,1,1,1,0,1,0,0,1,0,0,0,1,0
0,1,0,0,4,2014,37.0,0.21052631578947367,0,0,0,0,0,0,0,0,0,0,1,0,1,0
0,2,0,0,1,2014,22.0,0.25,0,0,0,1,0,1,0,0,0,1,0,1,0,0
0,2,0,0,0,2014,21.0,0.0,0,0,1,1,0,1,0,0,1,0,0,0,0,1
0,4,0,0,3,2013,45.0,0.1111111111111111,0,0,0,0,0,1,0,0,1,0,0,1,0,0
0,7,0,0,7,2013,28.0,0.7,0,0,0,0,0,1,0,0,1,0,0,1,0,0
0,6,0,0,1,2014,18.0,1.0,0,0,0,1,0,1,0,0,0,1,0,1,0,0
0,3,0,0,0,2014,26.0,0.0,0,0,1,0,0,1,1,0,0,0,1,0,1,0
0,1,0,0,3,2013,63.0,0.06666666666666667,0,0,0,0,0,1,0,0,1,0,0,0,1,0
0,1,0,0,0,2013,30.0,0.0,0,0,1,0,0,1,0,0,0,0,1,0,0,1
0,1,0,0,0,2013,49.0,0.0,0,0,1,0,0,1,0,0,1,0,0,1,0,0
0,7,0,0,17,2013,43.0,0.68,0,0,0,0,0,1,0,0,0,1,0,1,0,0
0,7,0,1,8,2013,23.0,1.6,1,1,0,1,0,1,0,1,0,0,0,1,0,0
0,9,0,0,1,2013,19.0,1.0,0,0,0,1,0,1,0,0,0,1,0,0,1,0
0,1,0,0,0,2014,39.0,0.0,0,0,1,0,0,1,1,0,0,0,1,0,1,0
0,8,0,0,1,2013,27.0,0.1111111111111111,0,0,0,0,0,1,1,0,1,0,0,0,1,0
0,1,0,0,1,2013,40.0,0.045454545454545456,0,0,0,0,0,1,0,0,1,0,0,1,0,0
0,3,0,1,2,2013,21.0,0.6666666666666666,1,1,0,1,0,1,0,0,1,0,0,1,0,0
0,2,0,0,4,2013,42.0,0.16666666666666666,0,0,0,0,0,1,0,0,1,0,0,0,1,0
0,3,0,0,4,2014,36.0,0.2222222222222222,0,0,0,0,0,1,0,0,1,0,0,1,0,0
0,3,0,0,0,2014,30.0,0.0,0,0,1,0,0,0,1,0,1,0,0,0,0,1
0,5,0,0,0,2014,24.0,0.0,0,0,1,1,0,1,1,0,0,1,0,0,1,0
0,1,0,0,1,2014,52.0,0.029411764705882353,0,0,0,0,0,1,1,0,0,0,1,0,1,0
0,3,0,0,2,2013,24.0,0.3333333333333333,0,0,0,1,0,1,0,0,0,0,1,0,0,1
0,4,0,0,1,2013,59.0,0.024390243902439025,0,0,0,0,0,1,0,0,1,0,0,0,1,0
0,4,0,0,1,2014,49.0,0.03225806451612903,0,0,0,0,0,1,1,0,1,0,0,1,0,0
0,1,0,0,0,2013,54.0,0.0,0,0,1,0,0,1,0,0,0,0,1,0,1,0
0,5,0,3,3,2013,21.0,1.0,3,1,0,1,0,1,1,0,0,0,1,0,1,0
0,1,0,0,1,2013,31.0,0.07692307692307693,0,0,0,0,0,1,0,0,1,0,0,1,0,0
0,2,0,0,1,2013,24.0,0.16666666666666666,0,0,0,1,0,1,0,0,1,0,0,0,0,1
0,7,0,0,10,2013,25.0,1.4285714285714286,0,0,0,0,0,0,1,0,0,0,0,1,0,0
0,8,0,0,10,2013,32.0,0.7142857142857143,0,0,0,0,0,1,1,0,1,0,0,1,0,0
0,6,0,0,6,2013,27.0,0.6666666666666666,0,0,0,0,0,1,0,0,0,0,0,1,0,0
0,1,0,0,0,2013,42.0,0.0,0,0,1,0,0,1,0,0,0,0,1,1,0,0
0,6,0,0,10,2013,58.0,0.25,0,0,0,0,0,1,0,0,0,1,0,0,1,0
0,9,0,0,1,2013,24.0,0.16666666666666666,0,0,0,1,0,1,0,0,1,0,0,1,0,0
1,7,0,0,10,2014,47.0,0.3448275862068966,1,1,0,0,0,1,0,0,0,0,0,1,0,0
0,1,0,0,4,2008,34.0,0.25,0,0,0,0,0,1,1,0,0,0,0,1,0,0
0,8,0,0,10,2014,36.0,0.5555555555555556,0,0,0,0,0,1,0,1,0,0,0,0,1,0
0,1,0,0,0,2013,50.0,0.0,0,0,1,0,0,0,1,0,0,0,1,0,1,0
0,10,0,0,3,2013,23.0,0.6,0,0,0,1,0,1,1,0,1,0,0,1,0,0
0,7,0,0,1,2013,19.0,1.0,0,0,0,1,0,1,0,0,0,1,0,1,0,0
0,7,0,0,0,2014,48.0,0.0,0,0,1,0,0,1,0,0,0,1,0,0,1,0
3,7,0,0,16,2013,40.0,0.7272727272727273,3,1,0,0,0,1,1,0,0,0,0,0,1,0
0,6,1,3,4,2014,23.0,0.8,4,1,0,1,0,1,0,0,0,0,1,1,0,0
0,7,0,0,0,2013,18.0,0.0,0,0,1,1,0,1,0,0,0,1,0,1,0,0
0,1,0,0,0,2013,47.0,0.0,0,0,1,0,0,1,0,1,0,0,0,0,1,0
0,1,0,0,0,2014,33.0,0.0,0,0,1,0,0,0,1,0,0,0,1,0,1,0
0,3,0,0,0,2013,36.0,0.0,0,0,1,0,0,1,0,0,1,0,0,0,1,0
0,6,0,0,7,2013,51.0,0.21212121212121213,0,0,0,0,0,0,0,0,0,1,0,1,0,0
0,2,0,0,0,2013,26.0,0.0,0,0,1,0,0,1,1,0,1,0,0,1,0,0
0,6,0,0,0,2014,24.0,0.0,0,0,1,1,0,1,1,0,0,0,1,0,1,0
0,4,0,0,3,2014,38.0,0.15,0,0,0,0,0,1,0,0,0,0,0,1,0,0
0,6,0,0,1,2014,21.0,0.3333333333333333,0,0,0,1,0,1,0,0,0,1,0,1,0,0
0,1,0,0,0,2013,32.0,0.0,0,0,1,0,0,1,1,0,0,0,1,0,1,0
0,7,0,0,11,2014,30.0,0.9166666666666666,0,0,0,0,0,1,0,0,1,0,0,0,1,0
0,3,0,0,0,2013,18.0,0.0,0,0,1,1,0,1,0,0,0,1,0,1,0,0
0,6,0,0,10,2014,47.0,0.3448275862068966,0,0,0,0,0,1,0,0,1,0,0,1,0,0
0,8,0,0,4,2014,24.0,0.6666666666666666,0,0,0,1,0,1,0,1,0,0,0,1,0,0
0,4,0,0,1,2014,25.0,0.14285714285714285,0,0,0,0,0,1,0,1,0,0,0,1,0,0
0,2,0,0,0,2013,22.0,0.0,0,0,1,1,0,1,0,0,0,1,0,1,0,0
0,4,0,0,1,2013,52.0,0.029411764705882353,0,0,0,0,0,1,0,1,0,0,0,1,0,0
0,9,0,0,0,2013,19.0,0.0,0,0,1,1,0,1,1,0,1,0,0,1,0,0
0,4,0,0,0,2014,24.0,0.0,0,0,1,0,0,0,1,0,1,0,0,1,0,0
0,1,0,0,0,2013,53.0,0.0,0,0,1,0,0,1,1,0,0,0,1,0,0,0
0,3,0,0,2,2013,43.0,0.08,0,0,0,0,0,1,0,1,0,0,0,0,0,0
0,6,0,0,16,2014,56.0,0.42105263157894735,0,0,0,0,0,1,0,0,1,0,0,1,0,0
0,7,0,0,4,2013,25.0,0.5714285714285714,0,0,0,0,0,1,0,0,0,0,1,1,0,0
0,6,0,0,8,2013,30.0,0.6666666666666666,0,0,0,0,0,1,0,1,0,0,0,1,0,0
0,2,0,0,0,2014,29.0,0.0,0,0,1,0,0,0,1,0,0,0,1,1,0,0
0,5,0,0,1,2013,23.0,0.2,0,0,0,1,0,1,1,0,1,0,0,1,0,0
0,1,0,0,0,2013,31.0,0.0,0,0,1,0,0,1,1,0,0,0,1,0,1,0
0,1,0,0,0,2013,30.0,0.0,0,0,1,0,0,1,0,0,1,0,0,0,0,0
0,2,0,0,0,2014,30.0,0.0,0,0,1,0,0,0,0,0,0,0,0,1,0,0
0,6,0,0,9,2013,34.0,0.5625,0,0,0,0,0,1,0,1,0,0,0,1,0,0
0,5,0,0,1,2013,47.0,0.034482758620689655,0,0,0,0,0,1,0,1,0,0,0,1,0,0
0,2,0,0,1,2013,32.0,0.07142857142857142,0,0,0,0,0,1,0,0,1,0,0,0,1,0
0,3,0,0,0,2013,45.0,0.0,0,0,1,0,0,0,1,0,1,0,0,0,1,0
0,9,0,0,8,2013,49.0,0.25806451612903225,0,0,0,0,0,0,0,0,1,0,0,1,0,0
0,7,1,2,5,2013,24.0,0.8333333333333334,3,1,0,1,0,1,0,0,1,0,0,1,0,0
0,1,0,0,13,2014,43.0,0.52,0,0,0,0,0,1,0,0,0,0,0,1,0,0
0,9,0,0,0,2014,18.0,0.0,0,0,1,1,0,1,1,0,0,0,1,0,0,0
0,2,0,0,8,2013,38.0,0.4,0,0,0,0,0,1,0,0,0,0,0,1,0,0
0,2,0,0,0,2014,22.0,0.0,0,0,1,1,0,1,1,0,0,0,1,1,0,0
0,9,1,0,1,2013,18.0,1.0,1,1,0,1,0,1,0,0,0,0,1,1,0,0
0,1,0,0,0,2013,51.0,0.0,0,0,1,0,0,1,1,0,0,0,1,0,1,0
0,1,0,0,0,2013,47.0,0.0,0,0,1,0,0,1,0,0,0,1,0,0,1,0
0,2,0,0,1,2013,39.0,0.047619047619047616,0,0,0,0,0,1,0,0,1,0,0,0,1,0
0,4,0,0,1,2014,19.0,1.0,0,0,0,1,0,1,0,1,0,0,0,1,0,0
0,8,0,0,5,2013,43.0,0.2,0,0,0,0,0,1,0,0,0,0,1,0,1,0
0,1,0,0,0,2013,71.0,0.0,0,0,1,0,0,1,1,0,0,0,0,0,1,0
0,1,0,0,0,2013,34.0,0.0,0,0,1,0,0,0,0,1,0,0,0,0,0,1
0,1,0,0,1,2013,36.0,0.05555555555555555,0,0,0,0,0,0,0,0,1,0,0,1,0,0
0,1,0,0,0,2013,35.0,0.0,0,0,1,0,0,0,0,0,1,0,0,1,0,0
1,7,0,1,1,2014,18.0,1.0,2,1,0,1,0,1,0,0,1,0,0,1,0,0
0,2,0,0,0,2013,25.0,0.0,0,0,1,0,0,1,0,0,0,1,0,0,1,0
0,6,0,0,1,2013,22.0,0.25,0,0,0,1,0,1,0,0,1,0,0,1,0,0
0,1,0,0,1,2013,50.0,0.03125,0,0,0,0,0,1,1,0,0,0,0,0,1,0
0,9,1,0,2,2013,19.0,2.0,1,1,0,1,0,1,0,0,0,1,0,1,0,0
0,9,0,0,33,2013,52.0,0.9705882352941176,0,0,0,0,0,1,0,0,0,1,0,0,1,0
0,1,0,0,1,2013,62.0,0.022727272727272728,0,0,0,0,0,0,0,0,1,0,0,0,1,0
0,7,0,0,1,2014,21.0,0.3333333333333333,0,0,0,1,0,1,1,0,0,0,1,1,0,0
0,8,0,2,4,2013,21.0,1.3333333333333333,2,1,0,1,0,1,0,1,0,0,0,1,0,0
0,1,0,0,0,2014,39.0,0.0,0,0,1,0,0,0,0,0,0,1,0,0,0,1
0,1,0,0,0,2013,50.0,0.0,0,0,1,0,0,1,1,0,0,0,0,0,0,0
0,1,0,0,0,2013,31.0,0.0,0,0,1,0,0,1,0,0,0,0,1,1,0,0
0,1,0,0,0,2014,22.0,0.0,0,0,1,1,0,1,0,0,0,0,1,0,0,1
0,1,0,0,1,2013,23.0,0.2,0,0,0,1,0,1,1,0,1,0,0,1,0,0
0,2,0,0,4,2013,42.0,0.16666666666666666,0,0,0,0,0,1,0,0,0,0,0,0,1,0
0,2,0,0,0,2014,25.0,0.0,0,0,1,0,0,0,0,0,0,0,1,0,1,0
0,9,0,0,14,2013,26.0,1.75,0,0,0,0,0,1,0,0,1,0,0,0,1,0
0,1,0,0,1,2013,53.0,0.02857142857142857,0,0,0,0,0,1,1,0,0,0,0,0,1,0
0,5,0,0,15,2014,33.0,1.0,0,0,0,0,0,1,0,0,1,0,0,1,0,0
0,4,0,0,1,2013,20.0,0.5,0,0,0,1,0,1,0,0,1,0,0,1,0,0
0,1,0,0,1,2013,53.0,0.02857142857142857,0,0,0,0,0,1,1,0,0,0,0,1,0,0
0,6,0,0,2,2013,24.0,0.3333333333333333,0,0,0,1,0,1,0,1,0,0,0,0,1,0
0,6,0,0,1,2013,35.0,0.058823529411764705,0,0,0,0,0,1,1,0,0,0,1,0,1,0
0,8,0,0,1,2013,29.0,0.09090909090909091,0,0,0,0,0,1,0,0,1,0,0,1,0,0
2,10,0,0,18,2013,38.0,0.9,2,1,0,0,0,1,1,0,1,0,0,1,0,0
0,6,0,0,1,2014,20.0,0.5,0,0,0,1,0,1,0,0,0,0,1,1,0,0
0,2,0,0,1,2014,36.0,0.05555555555555555,0,0,0,0,0,1,0,1,0,0,0,0,1,0
0,2,0,0,3,2014,43.0,0.12,0,0,0,0,0,1,1,0,1,0,0,1,0,0
0,8,0,0,14,2013,28.0,1.4,0,0,0,0,1,0,0,0,0,0,1,1,0,0
0,5,0,0,7,2014,40.0,0.3181818181818182,0,0,0,0,0,1,0,0,0,0,1,1,0,0
0,9,2,2,20,2014,24.0,3.3333333333333335,4,1,0,1,0,1,0,0,0,1,0,1,0,0
0,9,0,0,0,2013,31.0,0.0,0,0,1,0,0,1,0,0,1,0,0,0,1,0
0,2,0,0,0,2014,20.0,0.0,0,0,1,1,0,1,1,0,0,0,0,0,1,0
0,1,0,0,1,2013,32.0,0.07142857142857142,0,0,0,0,0,0,1,0,0,0,1,1,0,0
0,1,0,0,0,2013,51.0,0.0,0,0,1,0,0,1,1,0,1,0,0,0,1,0
0,9,1,2,5,2013,22.0,1.25,3,1,0,1,0,1,0,0,1,0,0,1,0,0
0,5,0,0,3,2014,22.0,0.75,0,0,0,1,0,1,0,0,0,1,0,0,1,0
0,7,0,0,0,2013,21.0,0.0,0,0,1,1,0,1,1,0,1,0,0,0,0,1
0,1,0,0,0,2013,58.0,0.0,0,0,1,0,0,1,1,0,0,0,1,0,1,0
0,1,0,0,0,2013,39.0,0.0,0,0,1,0,0,0,1,0,0,0,0,0,1,0
0,2,0,0,1,2013,24.0,0.16666666666666666,0,0,0,1,0,1,1,0,0,0,0,0,1,0
0,5,0,0,1,2014,25.0,0.14285714285714285,0,0,0,0,0,1,1,0,1,0,0,1,0,0
0,3,0,0,2,2013,21.0,0.6666666666666666,0,0,0,1,0,1,1,0,0,0,1,0,1,0
0,10,0,0,16,2014,30.0,1.3333333333333333,0,0,0,0,0,1,0,0,0,0,0,1,0,0
0,1,0,0,0,2013,36.0,0.0,0,0,1,0,0,1,0,0,0,0,1,0,1,0
0,3,1,1,1,2013,18.0,1.0,2,1,0,1,0,1,1,0,1,0,0,0,1,0
0,7,0,0,1,2013,24.0,0.16666666666666666,0,0,0,1,0,1,0,1,0,0,0,1,0,0
0,4,0,0,0,2013,36.0,0.0,0,0,1,0,0,1,0,1,0,0,0,0,1,0
0,1,0,0,0,2013,26.0,0.0,0,0,1,0,0,1,0,0,1,0,0,0,1,0
0,3,0,0,1,2013,26.0,0.125,0,0,0,0,0,1,0,1,0,0,0,0,1,0
0,4,0,0,1,2013,34.0,0.0625,0,0,0,0,0,1,0,1,0,0,0,0,1,0
0,7,0,0,0,2014,44.0,0.0,0,0,1,0,0,1,0,0,1,0,0,1,0,0
1,6,0,0,7,2013,41.0,0.30434782608695654,1,1,0,0,0,1,0,1,0,0,0,1,0,0
0,2,0,0,0,2013,24.0,0.0,0,0,1,1,0,1,1,0,1,0,0,1,0,0
0,7,0,0,8,2013,24.0,1.3333333333333333,0,0,0,1,1,1,0,0,0,0,1,1,0,0
0,1,0,0,0,2013,58.0,0.0,0,0,1,0,0,1,1,0,0,0,1,0,1,0
0,1,0,0,0,2014,46.0,0.0,0,0,1,0,0,1,1,0,0,0,1,1,0,0
0,1,0,0,1,2013,25.0,0.14285714285714285,0,0,0,0,0,1,1,0,0,0,1,1,0,0
0,2,0,0,0,2014,26.0,0.0,0,0,1,0,0,1,0,0,0,1,0,0,1,0
0,5,0,0,1,2014,29.0,0.09090909090909091,0,0,0,0,0,0,1,0,0,0,1,0,1,0
0,4,0,0,9,2014,25.0,1.2857142857142858,0,0,0,0,0,1,1,0,1,0,0,0,1,0
0,2,0,0,2,2014,51.0,0.06060606060606061,0,0,0,0,0,1,0,0,1,0,0,1,0,0
0,5,0,0,1,2013,22.0,0.25,0,0,0,1,0,1,0,0,1,0,0,1,0,0
0,4,0,0,2,2013,22.0,0.5,0,0,0,1,0,1,0,0,1,0,0,1,0,0
0,10,0,0,5,2013,20.0,2.5,0,0,0,1,0,1,1,0,1,0,0,0,0,0
0,8,3,1,4,2012,18.0,4.0,4,1,0,0,0,0,1,0,1,0,0,1,0,0
0,4,0,0,1,2013,20.0,0.5,0,0,0,1,0,1,1,0,1,0,0,1,0,0
0,1,1,1,3,2013,27.0,0.3333333333333333,2,1,0,0,0,1,1,0,0,0,1,0,0,0
0,3,0,0,2,2013,42.0,0.08333333333333333,0,0,0,0,0,0,0,0,1,0,0,1,0,0
0,5,0,0,2,2013,25.0,0.2857142857142857,0,0,0,0,0,1,1,0,0,0,1,1,0,0
0,2,0,0,0,2013,24.0,0.0,0,0,1,0,0,0,1,0,0,0,1,1,0,0
0,8,0,0,0,2013,18.0,0.0,0,0,1,1,0,1,0,0,1,0,0,0,1,0
0,1,0,0,0,2013,60.0,0.0,0,0,1,0,0,0,1,0,1,0,0,0,1,0
0,3,0,0,0,2013,45.0,0.0,0,0,1,0,0,1,0,1,0,0,0,0,1,0
0,1,0,0,1,2012,49.0,0.03225806451612903,0,0,0,0,0,1,1,0,1,0,0,1,0,0
0,3,0,0,3,2013,59.0,0.07317073170731707,0,0,0,0,0,1,1,0,0,0,0,1,0,0
1,10,1,0,5,2013,25.0,0.7142857142857143,2,1,0,0,0,1,0,0,1,0,0,1,0,0
0,2,0,0,1,2013,53.0,0.02857142857142857,0,0,0,0,0,1,0,0,1,0,0,0,1,0
0,1,0,0,2,2013,32.0,0.14285714285714285,0,0,0,0,0,1,0,0,1,0,0,0,0,1
0,1,0,0,2,2014,54.0,0.05555555555555555,0,0,0,0,0,0,1,0,1,0,0,0,0,1
1,7,0,0,2,2013,19.0,2.0,1,1,0,1,0,1,0,0,1,0,0,1,0,0
0,8,0,0,5,2013,22.0,1.25,0,0,0,1,1,1,0,0,0,0,1,1,0,0
0,5,0,0,4,2012,31.0,0.3076923076923077,0,0,0,0,0,1,1,0,0,0,0,1,0,0
0,3,0,0,1,2013,19.0,1.0,0,0,0,1,0,1,0,0,0,1,0,1,0,0
1,3,0,0,7,2013,34.0,0.4375,1,1,0,0,0,0,0,1,0,0,0,1,0,0
0,2,0,0,0,2013,29.0,0.0,0,0,1,0,0,0,0,0,1,0,0,1,0,0
0,6,0,0,3,2014,31.0,0.23076923076923078,0,0,0,0,0,0,0,0,0,0,1,1,0,0
0,3,0,0,2,2014,36.0,0.1111111111111111,0,0,0,0,0,1,0,0,0,0,0,0,0,0
0,1,0,0,0,2013,50.0,0.0,0,0,1,0,0,1,1,0,0,0,1,0,1,0
0,1,0,0,0,2014,30.0,0.0,0,0,1,0,0,1,1,0,0,0,1,0,1,0
0,2,0,0,0,2013,23.0,0.0,0,0,1,1,0,1,1,0,1,0,0,0,1,0
0,1,0,0,0,2014,59.0,0.0,0,0,1,0,0,1,1,0,0,0,0,0,1,0
0,10,0,0,0,2014,18.0,0.0,0,0,1,1,0,1,1,0,0,0,1,1,0,0
0,5,0,0,22,2014,66.0,0.4583333333333333,0,0,0,0,0,1,1,0,0,0,1,1,0,0
0,4,0,0,0,2013,23.0,0.0,0,0,1,1,0,1,1,0,0,0,0,1,0,0
0,10,0,0,9,2014,28.0,0.9,0,0,0,0,0,1,0,0,1,0,0,1,0,0
0,4,0,0,1,2014,19.0,1.0,0,0,0,1,0,1,0,0,1,0,0,0,1,0
0,2,0,0,0,2014,38.0,0.0,0,0,1,0,0,1,1,0,0,0,0,0,1,0
0,6,0,0,0,2013,42.0,0.0,0,0,1,0,0,1,0,0,0,0,0,1,0,0
0,5,1,3,10,2013,28.0,1.0,4,1,0,0,0,1,0,0,0,0,0,1,0,0
0,3,0,0,0,2013,19.0,0.0,0,0,1,1,0,1,0,0,0,0,1,0,1,0
0,3,0,0,0,2013,52.0,0.0,0,0,1,0,0,0,0,0,0,0,1,0,1,0
0,1,0,0,2,2014,48.0,0.06666666666666667,0,0,0,0,0,1,1,0,0,0,1,0,1,0
2,3,0,0,11,2013,35.0,0.6470588235294118,2,1,0,0,0,1,0,0,1,0,0,0,0,0
0,8,0,0,0,2013,18.0,0.0,0,0,1,0,0,0,0,1,0,0,0,1,0,0
0,7,0,0,6,2013,21.0,2.0,0,0,0,1,0,1,1,0,1,0,0,0,0,1
0,3,0,0,0,2014,28.0,0.0,0,0,1,0,0,1,0,0,1,0,0,0,1,0
0,8,0,0,11,2013,27.0,1.2222222222222223,0,0,0,0,0,1,0,0,1,0,0,1,0,0
0,4,0,0,5,2014,24.0,0.8333333333333334,0,0,0,1,0,1,1,0,1,0,0,0,1,0
0,2,0,0,0,2013,56.0,0.0,0,0,1,0,0,0,1,0,0,0,1,1,0,0
0,8,0,0,13,2013,26.0,1.625,0,0,0,0,0,1,0,0,0,0,0,1,0,0
0,1,0,0,0,2013,63.0,0.0,0,0,1,0,0,1,0,0,1,0,0,0,0,1
0,8,0,0,13,2014,29.0,1.1818181818181819,0,0,0,0,0,1,0,0,1,0,0,0,1,0
0,5,0,0,5,2014,23.0,1.0,0,0,0,1,0,1,1,0,0,0,1,1,0,0
0,6,0,0,8,2013,42.0,0.3333333333333333,0,0,0,0,0,1,0,0,0,1,0,0,0,1
0,3,0,1,0,2013,19.0,0.0,1,1,1,1,0,1,0,0,1,0,0,1,0,0
0,1,0,0,8,2014,40.0,0.36363636363636365,0,0,0,0,0,1,0,0,0,0,0,1,0,0
0,5,0,0,3,2013,43.0,0.12,0,0,0,0,0,1,0,1,0,0,0,0,0,0
0,5,0,0,0,2013,24.0,0.0,0,0,1,1,0,1,1,0,0,0,1,0,0,0
0,6,0,0,13,2013,33.0,0.8666666666666667,0,0,0,0,0,0,0,0,0,0,0,1,0,0
0,3,0,2,0,2014,20.0,0.0,2,1,1,1,0,1,0,0,0,1,0,1,0,0
0,4,0,0,0,2014,18.0,0.0,0,0,1,1,0,1,0,0,1,0,0,1,0,0
0,2,0,0,2,2013,42.0,0.08333333333333333,0,0,0,0,0,1,1,0,1,0,0,0,1,0
0,9,0,0,5,2014,31.0,0.38461538461538464,0,0,0,0,0,0,0,1,0,0,0,1,0,0
0,5,0,0,7,2013,48.0,0.23333333333333334,0,0,0,0,0,1,0,0,0,1,0,1,0,0
0,6,0,0,0,2013,18.0,0.0,0,0,1,0,0,0,0,1,0,0,0,1,0,0
0,10,0,0,6,2014,41.0,0.2608695652173913,0,0,0,0,0,1,1,0,1,0,0,1,0,0
0,6,0,0,3,2013,30.0,0.25,0,0,0,0,0,1,0,0,1,0,0,0,1,0
1,10,0,0,3,2013,23.0,0.6,1,1,0,1,0,1,0,0,0,0,1,1,0,0
0,3,0,0,0,2014,35.0,0.0,0,0,1,0,0,1,1,0,0,0,1,0,1,0
0,1,0,0,1,2013,36.0,0.05555555555555555,0,0,0,0,0,1,0,0,1,0,0,1,0,0
0,1,0,0,1,2014,33.0,0.06666666666666667,0,0,0,0,0,1,1,0,0,0,1,0,0,1
0,2,0,0,1,2014,25.0,0.14285714285714285,0,0,0,0,0,1,0,0,0,0,0,1,0,0
0,1,0,0,1,2013,38.0,0.05,0,0,0,0,0,1,0,0,0,0,1,0,0,0
1,5,0,0,1,2013,17.0,1.0,1,1,0,1,0,1,0,0,1,0,0,1,0,0
0,9,0,0,3,2013,36.0,0.16666666666666666,0,0,0,0,0,1,0,1,0,0,0,0,1,0
0,4,0,0,0,2013,33.0,0.0,0,0,1,0,0,1,1,0,0,0,0,0,1,0
0,1,0,0,0,2013,42.0,0.0,0,0,1,0,0,1,0,0,1,0,0,0,1,0
0,2,0,0,0,2013,28.0,0.0,0,0,1,0,0,1,0,1,0,0,0,1,0,0
0,1,0,0,0,2013,38.0,0.0,0,0,1,0,0,1,0,0,0,0,1,0,0,1
0,1,0,0,1,2014,46.0,0.03571428571428571,0,0,0,0,0,1,0,0,1,0,0,0,1,0
0,1,0,0,0,2014,65.0,0.0,0,0,1,0,0,1,1,0,0,0,0,0,1,0
0,8,0,0,14,2014,57.0,0.358974358974359,0,0,0,0,0,1,0,1,0,0,0,1,0,0
1,10,0,0,1,2013,18.0,1.0,1,1,0,1,0,1,0,0,1,0,0,1,0,0
0,7,0,0,6,2013,29.0,0.5454545454545454,0,0,0,0,0,1,1,0,0,0,0,0,1,0
0,1,0,0,2,2013,47.0,0.06896551724137931,0,0,0,0,0,0,0,1,0,0,0,0,1,0
0,3,0,0,7,2013,28.0,0.7,0,0,0,0,0,1,0,0,0,0,0,1,0,0
0,2,0,0,1,2013,25.0,0.14285714285714285,0,0,0,0,0,1,1,0,0,0,1,0,1,0
0,7,0,0,7,2014,46.0,0.25,0,0,0,0,0,1,0,1,0,0,0,1,0,0
0,1,0,0,0,2013,53.0,0.0,0,0,1,0,0,1,1,0,0,0,0,0,1,0
0,3,0,0,0,2013,39.0,0.0,0,0,1,0,0,1,1,0,0,0,1,0,1,0
0,7,0,0,0,2013,31.0,0.0,0,0,1,0,0,1,1,0,0,0,1,1,0,0
0,5,0,0,4,2014,41.0,0.17391304347826086,0,0,0,0,0,1,1,0,1,0,0,1,0,0
0,1,0,0,0,2013,41.0,0.0,0,0,1,0,0,1,0,0,1,0,0,1,0,0
0,6,1,0,17,2014,27.0,1.8888888888888888,1,1,0,0,1,1,0,0,0,0,1,0,0,1
0,5,0,0,2,2014,24.0,0.3333333333333333,0,0,0,1,0,1,0,0,1,0,0,0,1,0
0,3,0,0,0,2013,29.0,0.0,0,0,1,0,0,0,1,0,0,0,1,1,0,0
0,2,0,0,2,2014,94.0,0.02631578947368421,0,0,0,0,0,1,0,0,0,0,1,0,0,1
0,2,0,0,0,2013,26.0,0.0,0,0,1,0,0,1,1,0,0,0,1,0,0,1
0,5,1,1,8,2013,24.0,1.3333333333333333,2,1,0,1,0,1,0,1,0,0,0,0,0,1
0,5,0,0,0,2014,28.0,0.0,0,0,1,0,0,1,1,0,0,1,0,0,0,1
0,3,0,0,1,2013,21.0,0.3333333333333333,0,0,0,1,0,1,0,0,0,0,1,1,0,0
0,7,0,0,0,2014,32.0,0.0,0,0,1,0,0,1,0,0,1,0,0,1,0,0
0,1,0,0,2,2014,46.0,0.07142857142857142,0,0,0,0,0,1,0,0,0,1,0,1,0,0
0,1,0,0,1,2013,38.0,0.05,0,0,0,0,0,1,0,0,0,1,0,1,0,0
0,9,0,1,12,2014,24.0,2.0,1,1,0,1,0,1,1,0,0,0,1,1,0,0
0,5,0,0,0,2014,40.0,0.0,0,0,1,0,0,1,0,0,1,0,0,1,0,0
0,5,0,0,0,2013,26.0,0.0,0,0,1,0,0,1,1,0,1,0,0,1,0,0
0,2,0,0,0,2013,24.0,0.0,0,0,1,1,0,1,1,0,0,0,1,0,1,0
0,3,0,0,1,2013,25.0,0.14285714285714285,0,0,0,0,0,0,0,0,1,0,0,1,0,0
0,2,0,0,4,2013,32.0,0.2857142857142857,0,0,0,0,0,1,1,0,0,0,1,0,1,0
0,1,0,0,1,2013,51.0,0.030303030303030304,0,0,0,0,0,1,0,0,0,1,0,0,1,0
0,6,0,0,0,2014,18.0,0.0,0,0,1,1,0,1,0,0,0,1,0,1,0,0
0,6,0,0,0,2013,24.0,0.0,0,0,1,1,0,1,0,0,1,0,0,0,1,0
0,7,0,0,1,2013,18.0,1.0,0,0,0,1,0,1,0,0,0,1,0,1,0,0
0,9,1,1,7,2014,25.0,1.0,2,1,0,0,0,1,1,0,0,0,1,0,1,0
1,8,0,0,11,2014,32.0,0.7857142857142857,1,1,0,0,0,1,0,0,1,0,0,1,0,0
0,1,0,0,0,2013,51.0,0.0,0,0,1,0,0,1,1,0,0,1,0,1,0,0
0,2,0,0,2,2013,26.0,0.25,0,0,0,0,0,1,0,0,0,0,0,0,0,0
0,1,0,0,1,2013,36.0,0.05555555555555555,0,0,0,0,0,1,0,0,1,0,0,1,0,0
0,1,0,0,0,2013,30.0,0.0,0,0,1,0,0,0,1,0,1,0,0,0,1,0
0,2,0,0,7,2014,38.0,0.35,0,0,0,0,0,0,0,0,1,0,0,0,0,1
0,4,0,0,0,2013,33.0,0.0,0,0,1,0,0,0,1,0,0,0,1,1,0,0
0,2,0,0,0,2013,25.0,0.0,0,0,1,0,0,1,1,0,0,0,1,0,0,1
0,1,0,0,0,2013,51.0,0.0,0,0,1,0,0,1,1,0,0,0,1,1,0,0
0,4,0,1,2,2013,25.0,0.2857142857142857,1,1,0,0,0,1,1,0,1,0,0,0,1,0
0,8,0,0,0,2013,23.0,0.0,0,0,1,1,0,1,0,0,0,1,0,1,0,0
0,5,1,0,3,2013,28.0,0.3,1,1,0,0,0,1,0,0,0,0,1,1,0,0
0,8,0,0,3,2014,22.0,0.75,0,0,0,1,0,1,1,0,0,0,1,0,1,0
0,6,0,0,19,2014,43.0,0.76,0,0,0,0,0,1,0,0,0,1,0,0,1,0
0,4,0,0,1,2014,31.0,0.07692307692307693,0,0,0,0,0,1,1,0,0,0,0,0,0,1
0,7,0,0,1,2014,26.0,0.125,0,0,0,0,0,1,0,1,0,0,0,1,0,0
0,3,0,0,1,2013,42.0,0.041666666666666664,0,0,0,0,0,0,0,1,0,0,0,0,1,0
0,8,0,0,3,2013,30.0,0.25,0,0,0,0,0,1,0,0,1,0,0,0,1,0
0,6,0,4,4,2014,22.0,1.0,4,1,0,1,0,1,0,0,1,0,0,0,1,0
0,5,0,0,6,2013,33.0,0.4,0,0,0,0,0,1,0,0,1,0,0,1,0,0
0,3,0,0,0,2013,18.0,0.0,0,0,1,1,0,1,0,0,1,0,0,1,0,0
0,5,0,0,2,2013,25.0,0.2857142857142857,0,0,0,0,0,1,0,0,0,1,0,1,0,0
0,2,0,0,3,2013,34.0,0.1875,0,0,0,0,0,1,1,0,0,0,1,1,0,0
0,1,0,0,0,2013,48.0,0.0,0,0,1,0,0,0,1,0,0,0,0,0,1,0
0,2,0,0,0,2013,24.0,0.0,0,0,1,1,0,1,0,0,0,0,1,0,1,0
0,4,0,0,4,2014,27.0,0.4444444444444444,0,0,0,0,0,1,0,1,0,0,0,0,1,0
0,4,0,0,2,2014,31.0,0.15384615384615385,0,0,0,0,0,0,0,0,1,0,0,0,1,0
0,4,0,1,3,2013,20.0,1.5,1,1,0,1,0,1,0,0,1,0,0,0,1,0
0,4,0,1,3,2014,29.0,0.2727272727272727,1,1,0,0,0,1,1,0,0,0,0,0,1,0
0,1,0,0,0,2013,52.0,0.0,0,0,1,0,0,0,1,0,0,0,0,0,1,0
0,4,0,2,3,2013,22.0,0.75,2,1,0,1,0,1,0,0,1,0,0,0,1,0
0,1,0,0,2,2013,34.0,0.125,0,0,0,0,0,1,1,0,0,0,0,1,0,0
0,1,0,0,0,2013,39.0,0.0,0,0,1,0,0,1,0,0,0,0,1,1,0,0
0,2,0,0,0,2013,23.0,0.0,0,0,1,1,0,1,1,0,0,0,0,0,1,0
0,5,0,0,13,2013,37.0,0.6842105263157895,0,0,0,0,0,1,0,0,0,0,1,1,0,0
0,6,0,0,6,2013,30.0,0.5,0,0,0,0,0,1,0,0,1,0,0,1,0,0
0,1,0,0,0,2014,45.0,0.0,0,0,1,0,0,1,1,0,1,0,0,0,0,1
0,5,0,0,0,2013,21.0,0.0,0,0,1,1,0,1,0,0,0,1,0,1,0,0
0,3,0,0,1,2014,25.0,0.14285714285714285,0,0,0,0,0,1,0,0,1,0,0,0,1,0
0,5,0,0,0,2014,22.0,0.0,0,0,1,1,0,1,0,0,1,0,0,0,1,0
0,9,1,0,10,2013,27.0,1.1111111111111112,1,1,0,0,0,1,0,0,1,0,0,1,0,0
0,3,0,0,1,2013,52.0,0.029411764705882353,0,0,0,0,0,1,0,1,0,0,0,0,1,0
0,10,0,0,13,2014,24.0,2.1666666666666665,0,0,0,1,0,1,1,0,0,0,1,1,0,0
0,3,0,0,0,2013,31.0,0.0,0,0,1,0,0,1,0,0,0,0,1,1,0,0
0,4,0,0,1,2014,18.0,1.0,0,0,0,1,0,1,1,0,1,0,0,1,0,0
0,8,0,0,3,2013,21.0,1.0,0,0,0,1,0,1,1,0,1,0,0,0,1,0
0,10,2,0,8,2013,28.0,0.8,2,1,0,0,0,1,1,0,0,0,1,1,0,0
0,1,0,0,0,2014,53.0,0.0,0,0,1,0,0,1,0,0,1,0,0,1,0,0
0,9,0,0,7,2014,31.0,0.5384615384615384,0,0,0,0,0,1,0,0,1,0,0,0,1,0
0,6,0,0,6,2014,42.0,0.25,0,0,0,0,0,1,0,0,1,0,0,0,1,0
0,9,0,0,25,2013,38.0,1.25,0,0,0,0,0,1,0,1,0,0,0,1,0,0
0,8,0,0,9,2006,46.0,0.32142857142857145,0,0,0,0,0,1,1,0,1,0,0,1,0,0
0,3,0,0,1,2013,18.0,1.0,0,0,0,1,0,1,0,0,0,1,0,1,0,0
0,1,0,0,1,2013,45.0,0.037037037037037035,0,0,0,0,0,0,1,0,0,0,0,0,1,0
0,6,0,0,7,2013,53.0,0.2,0,0,0,0,0,1,0,0,0,0,1,0,1,0
0,1,0,0,2,2013,37.0,0.10526315789473684,0,0,0,0,0,1,1,0,0,0,1,0,1,0
0,2,0,0,0,2013,28.0,0.0,0,0,1,0,0,1,0,0,1,0,0,0,0,1
0,6,0,0,0,2013,22.0,0.0,0,0,1,0,0,0,0,0,1,0,0,0,1,0
0,5,0,0,3,2013,26.0,0.375,0,0,0,0,0,0,0,0,0,0,1,1,0,0
0,2,0,0,0,2013,28.0,0.0,0,0,1,0,0,1,0,1,0,0,0,1,0,0
0,8,0,0,0,2014,18.0,0.0,0,0,1,0,0,0,1,0,1,0,0,1,0,0
0,4,0,0,0,2013,18.0,0.0,0,0,1,1,0,1,1,0,0,0,1,1,0,0
0,1,0,0,0,2014,55.0,0.0,0,0,1,0,0,1,0,0,0,0,1,0,1,0
0,6,0,0,8,2013,48.0,0.26666666666666666,0,0,0,0,0,1,1,0,0,1,0,1,0,0
0,3,0,0,5,2014,25.0,0.7142857142857143,0,0,0,0,0,1,0,1,0,0,0,1,0,0
0,5,0,2,0,2014,24.0,0.0,2,1,1,1,0,1,0,0,0,0,0,1,0,0
0,8,0,0,3,2013,20.0,1.5,0,0,0,1,0,1,1,0,0,1,0,0,1,0
0,8,1,0,14,2014,33.0,0.9333333333333333,1,1,0,0,0,1,1,0,0,0,1,1,0,0
0,6,0,0,5,2013,34.0,0.3125,0,0,0,0,0,1,0,1,0,0,0,1,0,0
0,1,0,0,0,2013,46.0,0.0,0,0,1,0,0,1,0,0,0,0,1,1,0,0
0,9,0,1,0,2013,18.0,0.0,1,1,1,1,0,1,0,0,0,1,0,1,0,0
0,1,0,0,1,2013,49.0,0.03225806451612903,0,0,0,0,0,1,1,0,1,0,0,1,0,0
0,4,0,0,0,2014,20.0,0.0,0,0,1,1,0,1,0,1,0,0,0,1,0,0
0,2,0,0,1,2014,39.0,0.047619047619047616,0,0,0,0,0,1,0,0,0,1,0,0,1,0
0,5,0,0,1,2013,22.0,0.25,0,0,0,0,0,0,1,0,0,0,1,0,1,0
0,1,0,0,0,2013,51.0,0.0,0,0,1,0,0,1,1,0,0,0,1,1,0,0
4,10,0,0,13,2014,24.0,2.1666666666666665,4,1,0,1,0,1,0,0,1,0,0,1,0,0
0,4,0,0,4,2013,37.0,0.21052631578947367,0,0,0,0,0,0,0,1,0,0,0,0,1,0
0,7,0,0,0,2013,19.0,0.0,0,0,1,1,0,1,0,0,1,0,0,1,0,0
0,4,0,0,10,2013,47.0,0.3448275862068966,0,0,0,0,0,1,0,0,1,0,0,0,1,0
0,3,0,0,2,2013,31.0,0.15384615384615385,0,0,0,0,0,1,1,0,0,0,1,0,1,0
0,9,0,0,7,2013,25.0,1.0,0,0,0,0,0,1,0,0,0,0,1,0,1,0
0,7,0,0,0,2014,19.0,0.0,0,0,1,1,0,1,0,0,1,0,0,1,0,0
0,3,0,0,0,2013,24.0,0.0,0,0,1,1,0,1,0,0,0,1,0,0,1,0
0,3,0,0,0,2013,19.0,0.0,0,0,1,1,0,1,0,0,0,0,1,1,0,0
0,9,0,0,20,2013,35.0,1.1764705882352942,0,0,0,0,1,0,0,0,0,0,1,0,0,1
0,5,0,0,0,2013,29.0,0.0,0,0,1,0,0,1,0,1,0,0,0,0,1,0
0,1,0,0,0,2013,57.0,0.0,0,0,1,0,0,1,0,0,0,1,0,0,1,0
0,6,0,0,0,2014,18.0,0.0,0,0,1,1,0,1,1,0,0,0,1,0,0,0
0,1,0,0,0,2013,56.0,0.0,0,0,1,0,0,1,0,1,0,0,0,0,1,0
0,1,0,0,1,2014,42.0,0.041666666666666664,0,0,0,0,0,0,0,0,0,0,1,0,1,0
0,10,1,1,9,2013,23.0,1.8,2,1,0,1,0,1,1,0,1,0,0,1,0,0
0,6,1,0,9,2013,27.0,1.0,1,1,0,0,0,1,0,0,0,0,0,1,0,0
0,8,1,1,3,2013,22.0,0.75,2,1,0,1,0,1,1,0,1,0,0,1,0,0
0,1,0,0,0,2013,42.0,0.0,0,0,1,0,0,1,1,0,0,0,1,0,0,1
0,6,0,0,0,2013,28.0,0.0,0,0,1,0,0,0,1,0,0,0,1,1,0,0
0,3,0,0,0,2014,30.0,0.0,0,0,1,0,0,0,0,0,0,1,0,1,0,0
0,9,0,0,22,2013,34.0,1.375,0,0,0,0,0,1,0,0,1,0,0,1,0,0
1,4,0,0,2,2013,19.0,2.0,1,1,0,1,0,1,0,0,1,0,0,0,1,0
0,6,0,0,8,2014,36.0,0.4444444444444444,0,0,0,0,0,1,1,0,1,0,0,1,0,0
0,4,0,0,2,2014,32.0,0.14285714285714285,0,0,0,0,0,1,0,0,1,0,0,0,1,0
0,3,1,0,7,2013,28.0,0.7,1,1,0,0,0,1,0,0,1,0,0,1,0,0
0,4,0,0,0,2014,36.0,0.0,0,0,1,0,0,0,0,0,1,0,0,0,1,0
0,10,0,0,10,2013,33.0,0.6666666666666666,0,0,0,0,0,1,0,1,0,0,0,1,0,0
0,1,0,0,0,2013,44.0,0.0,0,0,1,0,0,1,0,0,0,1,0,0,0,0
0,5,0,0,2,2014,33.0,0.13333333333333333,0,0,0,0,0,1,0,0,0,0,1,0,1,0
0,1,0,0,0,2013,32.0,0.0,0,0,1,0,0,1,0,0,1,0,0,1,0,0
0,6,0,0,1,2014,18.0,1.0,0,0,0,1,0,1,0,1,0,0,0,0,0,0
0,9,0,0,9,2013,27.0,1.0,0,0,0,0,0,0,0,0,0,1,0,1,0,0
0,9,0,0,16,2013,31.0,1.2307692307692308,0,0,0,0,0,1,0,0,1,0,0,1,0,0
0,4,0,0,3,2013,28.0,0.3,0,0,0,0,0,1,0,1,0,0,0,0,1,0
0,1,0,0,0,2013,30.0,0.0,0,0,1,0,0,1,1,0,0,0,0,0,0,1
0,8,1,1,4,2013,28.0,0.4,2,1,0,0,0,1,0,0,1,0,0,0,1,0
0,8,1,1,2,2013,19.0,2.0,2,1,0,1,0,1,0,1,0,0,0,0,1,0
0,10,0,0,0,2013,28.0,0.0,0,0,1,0,0,1,0,0,0,1,0,0,0,1
0,5,0,0,5,2013,33.0,0.3333333333333333,0,0,0,0,0,1,1,0,0,0,1,1,0,0
0,1,0,0,2,2012,36.0,0.1111111111111111,0,0,0,0,0,1,1,0,0,0,0,1,0,0
0,9,0,0,9,2014,50.0,0.28125,0,0,0,0,0,1,0,1,0,0,0,1,0,0
0,2,0,0,7,2014,33.0,0.4666666666666667,0,0,0,0,0,1,0,0,0,0,0,1,0,0
0,3,0,1,0,2013,32.0,0.0,1,1,1,0,0,1,0,1,0,0,0,0,0,1
0,2,0,0,0,2013,20.0,0.0,0,0,1,1,0,1,0,0,0,0,0,0,0,1
0,3,0,0,0,2013,35.0,0.0,0,0,1,0,0,1,1,0,1,0,0,1,0,0
0,6,0,2,3,2010,20.0,1.5,2,1,0,1,0,1,1,0,1,0,0,1,0,0
0,3,0,0,0,2013,24.0,0.0,0,0,1,0,0,0,0,0,0,1,0,1,0,0
0,1,0,0,2,2013,45.0,0.07407407407407407,0,0,0,0,0,1,1,0,0,0,1,0,1,0
0,6,0,0,12,2013,44.0,0.46153846153846156,0,0,0,0,0,1,1,0,1,0,0,1,0,0
0,5,0,0,0,2013,24.0,0.0,0,0,1,1,0,1,0,0,1,0,0,0,1,0
0,9,0,0,0,2013,32.0,0.0,0,0,1,0,0,1,0,0,0,0,1,1,0,0
0,2,0,0,0,2014,23.0,0.0,0,0,1,1,0,1,1,0,0,0,0,0,1,0
0,5,1,0,5,2013,23.0,1.0,1,1,0,1,0,1,1,0,1,0,0,1,0,0
0,4,0,0,1,2013,22.0,0.25,0,0,0,1,0,1,0,1,0,0,0,1,0,0
0,8,0,0,9,2014,58.0,0.225,0,0,0,0,0,1,0,1,0,0,0,1,0,0
0,1,0,0,0,2013,46.0,0.0,0,0,1,0,0,1,1,0,0,0,1,0,0,0
0,9,0,0,12,2013,27.0,1.3333333333333333,0,0,0,0,0,1,0,0,0,0,0,1,0,0
0,4,0,0,0,2013,19.0,0.0,0,0,1,1,0,1,0,0,0,1,0,1,0,0
0,8,0,0,4,2013,23.0,0.8,0,0,0,1,0,1,0,1,0,0,0,1,0,0
0,4,0,0,0,2014,20.0,0.0,0,0,1,1,0,1,0,0,0,0,1,1,0,0
0,9,0,0,1,2013,27.0,0.1111111111111111,0,0,0,0,0,1,1,0,1,0,0,0,0,1
0,4,0,0,4,2013,27.0,0.4444444444444444,0,0,0,0,0,1,1,0,0,0,1,1,0,0
0,3,0,0,0,2014,19.0,0.0,0,0,1,1,0,1,1,0,0,0,1,0,0,1
0,1,0,0,4,2013,50.0,0.125,0,0,0,0,0,1,1,0,1,0,0,0,0,0
0,1,0,0,2,2013,48.0,0.06666666666666667,0,0,0,0,0,1,0,0,0,0,1,0,1,0
0,1,0,0,1,2013,26.0,0.125,0,0,0,0,0,1,1,0,1,0,0,1,0,0
0,5,0,0,0,2013,21.0,0.0,0,0,1,0,0,0,0,0,1,0,0,0,0,0
0,10,1,9,2,2013,21.0,0.6666666666666666,10,1,0,1,0,1,0,1,0,0,0,0,0,0
0,2,0,0,5,2013,34.0,0.3125,0,0,0,0,0,1,0,0,0,0,0,0,0,1
0,9,0,0,0,2014,18.0,0.0,0,0,1,1,0,1,0,0,1,0,0,0,1,0
0,1,0,0,1,2014,51.0,0.030303030303030304,0,0,0,0,0,1,0,0,1,0,0,0,1,0
0,8,0,0,5,2013,22.0,1.25,0,0,0,1,0,1,0,1,0,0,0,1,0,0
0,1,0,0,0,2013,35.0,0.0,0,0,1,0,0,1,1,0,0,0,0,0,0,1
0,10,1,1,3,2013,19.0,3.0,2,1,0,1,0,1,0,0,1,0,0,1,0,0
0,8,0,0,1,2013,18.0,1.0,0,0,0,1,0,1,0,1,0,0,0,1,0,0
0,5,0,0,1,2013,19.0,1.0,0,0,0,1,0,1,0,0,1,0,0,0,1,0
2,8,0,0,6,2014,25.0,0.8571428571428571,2,1,0,0,0,1,1,0,0,0,0,1,0,0
0,7,1,0,14,2013,26.0,1.75,1,1,0,0,0,1,1,0,1,0,0,1,0,0
0,4,0,0,6,2014,47.0,0.20689655172413793,0,0,0,0,0,1,1,0,0,0,1,1,0,0
0,9,0,0,7,1998,34.0,0.4375,0,0,0,0,0,1,0,1,0,0,0,1,0,0
0,6,0,0,1,2013,22.0,0.25,0,0,0,1,0,1,1,0,1,0,0,1,0,0
0,4,0,0,2,2013,54.0,0.05555555555555555,0,0,0,0,0,1,0,0,0,0,0,0,1,0
0,9,0,0,22,2013,31.0,1.6923076923076923,0,0,0,0,0,1,0,0,0,0,0,1,0,0
0,7,0,0,7,2013,33.0,0.4666666666666667,0,0,0,0,0,1,0,0,1,0,0,0,0,1
0,3,0,0,1,2013,21.0,0.3333333333333333,0,0,0,1,0,1,1,0,1,0,0,1,0,0
0,5,0,2,0,2013,19.0,0.0,2,1,1,1,0,1,0,1,0,0,0,0,1,0
0,8,0,0,0,2013,20.0,0.0,0,0,1,1,0,1,0,0,0,1,0,1,0,0
0,10,0,0,4,2013,28.0,0.4,0,0,0,0,0,1,1,0,1,0,0,1,0,0
0,6,0,0,1,2014,40.0,0.045454545454545456,0,0,0,0,0,1,1,0,1,0,0,1,0,0
0,8,0,2,24,2013,46.0,0.8571428571428571,2,1,0,0,0,1,1,0,1,0,0,1,0,0
0,1,0,0,4,2013,34.0,0.25,0,0,0,0,0,1,1,0,1,0,0,0,0,0
0,9,0,0,0,2013,34.0,0.0,0,0,1,0,0,1,0,1,0,0,0,1,0,0
0,4,0,0,1,2013,21.0,0.3333333333333333,0,0,0,1,0,1,0,1,0,0,0,1,0,0
0,1,0,0,0,2013,38.0,0.0,0,0,1,0,0,1,0,0,0,0,1,0,1,0
1,2,0,0,5,2013,47.0,0.1724137931034483,1,1,0,0,0,1,0,1,0,0,0,1,0,0
0,10,0,0,19,2014,40.0,0.8636363636363636,0,0,0,0,0,1,0,0,0,1,0,0,0,1
0,2,0,0,2,2014,24.0,0.3333333333333333,0,0,0,1,0,1,0,0,0,1,0,1,0,0
0,7,0,0,8,2013,37.0,0.42105263157894735,0,0,0,0,0,1,0,1,0,0,0,0,0,0
0,8,0,0,2,2013,20.0,1.0,0,0,0,1,0,1,0,0,1,0,0,1,0,0
0,2,0,0,1,2014,53.0,0.02857142857142857,0,0,0,0,0,1,0,0,1,0,0,0,1,0
0,6,0,0,0,2014,23.0,0.0,0,0,1,1,0,1,0,0,0,1,0,1,0,0
0,1,1,0,5,2014,31.0,0.38461538461538464,1,1,0,0,0,1,1,0,0,0,1,0,1,0
0,2,0,0,0,2013,21.0,0.0,0,0,1,1,0,1,0,0,1,0,0,0,1,0
0,7,0,0,1,2014,35.0,0.058823529411764705,0,0,0,0,0,1,1,0,0,0,0,1,0,0
0,1,0,0,0,2013,62.0,0.0,0,0,1,0,0,0,0,0,0,1,0,0,0,0
0,1,0,0,0,2013,49.0,0.0,0,0,1,0,0,1,1,0,0,0,1,0,1,0
0,1,0,0,4,2013,37.0,0.21052631578947367,0,0,0,0,0,1,0,0,0,0,1,0,0,0
0,6,0,0,3,2013,32.0,0.21428571428571427,0,0,0,0,0,0,1,0,0,0,1,1,0,0
0,4,0,0,1,2014,21.0,0.3333333333333333,0,0,0,1,0,1,0,0,0,1,0,0,0,1
0,9,0,0,2,2013,26.0,0.25,0,0,0,0,0,1,0,0,1,0,0,1,0,0
0,1,0,0,0,2014,54.0,0.0,0,0,1,0,0,1,1,0,1,0,0,0,1,0
0,5,1,2,1,2013,18.0,1.0,3,1,0,1,0,1,1,0,0,0,1,1,0,0
0,5,0,0,0,2014,21.0,0.0,0,0,1,0,0,0,1,0,0,0,1,0,0,0
0,8,0,0,3,2014,22.0,0.75,0,0,0,1,0,1,0,0,1,0,0,1,0,0
0,4,0,0,9,2008,28.0,0.9,0,0,0,0,0,1,1,0,1,0,0,0,1,0
0,1,0,0,1,2013,53.0,0.02857142857142857,0,0,0,0,0,1,1,0,1,0,0,0,1,0
0,7,0,0,18,2013,50.0,0.5625,0,0,0,0,0,1,1,0,1,0,0,1,0,0
0,9,0,0,1,2014,19.0,1.0,0,0,0,1,0,1,0,0,1,0,0,1,0,0
0,3,0,0,3,2013,25.0,0.42857142857142855,0,0,0,0,0,1,1,0,0,0,1,1,0,0
0,9,1,0,6,2013,26.0,0.75,1,1,0,0,0,1,0,0,0,1,0,1,0,0
0,3,0,0,1,2013,23.0,0.2,0,0,0,1,0,1,0,0,1,0,0,0,1,0
0,6,0,0,1,2014,23.0,0.2,0,0,0,1,0,1,0,0,1,0,0,0,1,0
0,1,0,0,0,2014,64.0,0.0,0,0,1,0,0,1,0,0,0,1,0,0,1,0
0,2,0,0,3,2013,25.0,0.42857142857142855,0,0,0,0,0,1,1,0,1,0,0,1,0,0
0,5,0,0,0,2013,22.0,0.0,0,0,1,1,0,1,1,0,1,0,0,1,0,0
0,2,0,0,18,2014,58.0,0.45,0,0,0,0,0,1,1,0,0,0,0,0,1,0
0,4,0,0,2,2014,35.0,0.11764705882352941,0,0,0,0,0,1,0,0,0,0,0,1,0,0
0,1,0,0,0,2014,71.0,0.0,0,0,1,0,0,1,1,0,0,0,1,0,1,0
0,2,0,0,0,2013,42.0,0.0,0,0,1,0,0,1,0,0,1,0,0,1,0,0
0,1,0,0,0,2013,40.0,0.0,0,0,1,0,0,1,1,0,0,0,0,0,0,1
0,7,0,0,6,2014,38.0,0.3,0,0,0,0,0,1,0,1,0,0,0,1,0,0
0,10,0,0,0,2013,18.0,0.0,0,0,1,1,0,1,0,0,0,1,0,0,0,1
0,1,0,0,0,2012,53.0,0.0,0,0,1,0,0,1,1,0,0,0,1,0,1,0
0,1,0,0,3,2013,39.0,0.14285714285714285,0,0,0,0,0,1,0,1,0,0,0,1,0,0
0,3,0,0,1,2013,47.0,0.034482758620689655,0,0,0,0,0,1,0,0,1,0,0,0,1,0
0,2,0,0,0,2014,32.0,0.0,0,0,1,0,0,1,1,0,0,0,1,0,1,0
0,1,0,0,1,2014,45.0,0.037037037037037035,0,0,0,0,0,1,1,0,0,0,1,1,0,0
0,2,0,0,3,2013,56.0,0.07894736842105263,0,0,0,0,0,1,0,0,0,0,1,0,1,0
0,4,0,0,3,2013,45.0,0.1111111111111111,0,0,0,0,0,1,0,1,0,0,0,0,1,0
0,3,0,0,0,2014,18.0,0.0,0,0,1,0,0,0,0,0,0,1,0,0,1,0
0,2,0,0,10,2013,50.0,0.3125,0,0,0,0,0,0,0,0,0,0,1,1,0,0
0,9,0,0,0,2013,26.0,0.0,0,0,1,0,0,1,0,0,0,0,0,1,0,0
0,1,0,0,1,2013,35.0,0.058823529411764705,0,0,0,0,0,1,1,0,0,0,1,0,0,0
0,2,0,0,0,2014,41.0,0.0,0,0,1,0,0,0,1,0,0,1,0,0,1,0
0,3,0,0,2,2013,22.0,0.5,0,0,0,1,0,1,1,0,0,0,1,0,0,1
0,1,0,0,1,2013,50.0,0.03125,0,0,0,0,0,1,1,0,0,0,1,0,1,0
0,7,0,3,0,2009,15.0,0.0,3,1,1,1,0,1,1,0,1,0,0,0,1,0
0,2,0,0,1,2014,30.0,0.08333333333333333,0,0,0,0,0,0,1,0,0,1,0,0,0,1
0,7,0,0,9,2013,23.0,1.8,0,0,0,1,0,1,1,0,1,0,0,0,1,0
0,1,0,0,0,2013,45.0,0.0,0,0,1,0,0,0,0,0,0,0,1,0,0,0
0,10,0,0,4,2013,20.0,2.0,0,0,0,1,0,1,0,0,1,0,0,1,0,0
0,1,0,0,1,2013,68.0,0.02,0,0,0,0,0,1,1,0,0,0,0,0,1,0
0,1,0,0,0,2013,57.0,0.0,0,0,1,0,0,0,1,0,1,0,0,0,1,0
0,5,0,0,2,2013,20.0,1.0,0,0,0,0,0,0,1,0,1,0,0,0,1,0
0,2,0,0,1,2013,51.0,0.030303030303030304,0,0,0,0,0,0,1,0,1,0,0,0,1,0
0,9,2,0,6,2013,22.0,1.5,2,1,0,1,0,1,0,0,1,0,0,0,1,0
0,5,0,0,0,2013,25.0,0.0,0,0,1,0,0,0,0,0,0,0,1,0,1,0
0,10,0,0,2,2013,22.0,0.5,0,0,0,0,0,0,0,0,1,0,0,0,1,0
0,5,0,0,1,2013,19.0,1.0,0,0,0,0,0,0,0,0,0,0,1,1,0,0
0,3,0,0,2,2013,21.0,0.6666666666666666,0,0,0,1,0,1,0,0,1,0,0,1,0,0
0,4,0,0,0,2014,33.0,0.0,0,0,1,0,0,1,0,0,1,0,0,1,0,0
0,3,0,0,0,2014,19.0,0.0,0,0,1,1,0,1,0,0,0,0,1,1,0,0
0,1,0,0,1,2013,45.0,0.037037037037037035,0,0,0,0,0,1,1,0,0,0,1,0,1,0
0,9,0,0,6,2013,23.0,1.2,0,0,0,1,1,1,0,0,0,0,1,1,0,0
0,9,1,0,7,2013,27.0,0.7777777777777778,1,1,0,0,0,1,0,0,0,1,0,1,0,0
0,4,0,0,5,2013,27.0,0.5555555555555556,0,0,0,0,0,1,0,0,0,0,1,1,0,0
0,1,0,0,8,2013,61.0,0.18604651162790697,0,0,0,0,0,1,0,0,0,0,0,0,1,0
0,2,1,0,7,2014,43.0,0.28,1,1,0,0,0,0,0,0,1,0,0,0,1,0
0,2,0,0,3,2013,34.0,0.1875,0,0,0,0,0,1,1,0,0,0,1,1,0,0
0,7,0,0,1,2013,31.0,0.07692307692307693,0,0,0,0,0,0,0,0,1,0,0,1,0,0
0,1,0,0,4,2013,57.0,0.10256410256410256,0,0,0,0,0,1,0,0,0,1,0,0,0,1
0,1,0,0,0,2013,55.0,0.0,0,0,1,0,0,1,1,0,1,0,0,0,1,0
0,1,0,0,0,2013,25.0,0.0,0,0,1,0,0,1,0,0,1,0,0,0,1,0
0,1,0,0,0,2013,27.0,0.0,0,0,1,0,0,1,1,0,0,0,0,1,0,0
0,2,0,2,0,2013,22.0,0.0,2,1,1,1,0,1,1,0,0,0,0,1,0,0
0,8,0,0,19,2014,58.0,0.475,0,0,0,0,0,1,0,1,0,0,0,1,0,0
0,8,0,0,24,2013,53.0,0.6857142857142857,0,0,0,0,0,1,0,0,0,1,0,1,0,0
0,1,0,0,2,2013,30.0,0.16666666666666666,0,0,0,0,0,1,1,0,0,0,1,1,0,0
0,9,1,0,9,2013,22.0,2.25,1,1,0,1,0,1,0,0,0,1,0,0,1,0
0,7,0,0,6,2013,29.0,0.5454545454545454,0,0,0,0,0,1,0,0,0,1,0,1,0,0
0,3,0,0,3,2013,22.0,0.75,0,0,0,1,0,1,0,0,1,0,0,1,0,0
0,8,1,0,2,2014,21.0,0.6666666666666666,1,1,0,1,0,1,0,0,1,0,0,0,1,0
0,6,0,0,3,2014,21.0,1.0,0,0,0,1,0,1,0,0,0,1,0,0,0,1
0,4,0,0,1,2013,22.0,0.25,0,0,0,1,0,1,0,1,0,0,0,1,0,0
0,4,0,0,0,2014,18.0,0.0,0,0,1,0,0,0,0,0,0,1,0,1,0,0
0,9,0,4,9,2014,30.0,0.75,4,1,0,0,0,1,0,0,0,1,0,1,0,0
0,1,0,0,0,2013,46.0,0.0,0,0,1,0,0,0,0,0,0,0,1,1,0,0
0,3,0,0,1,2013,19.0,1.0,0,0,0,1,0,1,0,0,0,1,0,1,0,0
0,3,0,0,0,2013,21.0,0.0,0,0,1,1,0,1,0,1,0,0,0,1,0,0
0,7,0,0,10,2014,25.0,1.4285714285714286,0,0,0,0,0,1,0,0,0,0,0,0,1,0
0,2,0,0,1,2014,27.0,0.1111111111111111,0,0,0,0,0,1,1,0,0,0,1,1,0,0
0,6,0,0,0,2013,19.0,0.0,0,0,1,1,0,1,0,0,1,0,0,0,1,0
0,5,0,0,3,2013,23.0,0.6,0,0,0,0,0,0,0,0,0,0,1,1,0,0
0,7,0,0,0,2013,19.0,0.0,0,0,1,1,0,1,0,0,0,1,0,1,0,0
0,1,0,0,2,2013,50.0,0.0625,0,0,0,0,0,1,1,0,0,0,1,0,1,0
0,1,0,0,1,2013,56.0,0.02631578947368421,0,0,0,0,0,1,0,1,0,0,0,1,0,0
0,8,0,1,0,2014,20.0,0.0,1,1,1,1,0,1,0,0,1,0,0,1,0,0
0,4,0,0,1,2013,21.0,0.3333333333333333,0,0,0,1,0,1,0,0,0,0,1,0,0,0
0,7,0,0,20,2013,62.0,0.45454545454545453,0,0,0,0,0,1,0,0,0,0,0,1,0,0
0,1,0,0,1,2013,43.0,0.04,0,0,0,0,0,1,1,0,0,0,0,0,1,0
0,4,0,0,0,2013,20.0,0.0,0,0,1,0,0,0,0,0,0,1,0,1,0,0
0,3,0,0,5,2014,21.0,1.6666666666666667,0,0,0,1,0,1,0,0,0,0,0,1,0,0
0,6,0,0,3,2013,27.0,0.3333333333333333,0,0,0,0,0,0,0,0,0,0,0,1,0,0
0,5,0,0,0,2013,24.0,0.0,0,0,1,0,0,0,0,0,1,0,0,0,1,0
0,4,0,2,0,2013,18.0,0.0,2,1,1,1,0,1,0,0,0,1,0,0,1,0
0,5,0,0,0,2013,25.0,0.0,0,0,1,0,0,1,0,1,0,0,0,0,0,1
0,5,0,0,5,2013,25.0,0.7142857142857143,0,0,0,0,0,1,0,0,1,0,0,0,1,0
0,1,0,0,0,2014,35.0,0.0,0,0,1,0,0,1,1,0,0,0,1,0,0,0
0,2,0,0,2,2013,23.0,0.4,0,0,0,1,0,1,0,0,1,0,0,0,0,0
0,6,0,1,3,2012,19.0,3.0,1,1,0,1,0,1,0,0,1,0,0,0,1,0
0,2,0,0,0,2014,30.0,0.0,0,0,1,0,0,0,1,0,0,0,1,1,0,0
0,1,0,0,1,2013,42.0,0.041666666666666664,0,0,0,0,0,0,0,0,0,1,0,0,1,0
0,4,0,0,8,2013,37.0,0.42105263157894735,0,0,0,0,0,1,0,0,0,0,1,1,0,0
0,2,0,0,3,2009,23.0,0.6,0,0,0,1,0,1,0,0,0,0,1,0,1,0
0,5,0,0,2,2013,24.0,0.3333333333333333,0,0,0,1,0,1,1,0,0,0,1,1,0,0
0,1,0,0,0,2014,30.0,0.0,0,0,1,0,0,1,0,1,0,0,0,1,0,0
0,8,1,1,24,2014,38.0,1.2,2,1,0,0,0,1,1,0,0,0,1,1,0,0
0,3,0,0,2,2013,31.0,0.15384615384615385,0,0,0,0,0,1,1,0,0,0,0,0,0,1
0,4,0,0,3,2014,31.0,0.23076923076923078,0,0,0,0,0,0,1,0,0,0,1,1,0,0
0,1,0,0,0,2014,31.0,0.0,0,0,1,0,0,1,0,0,1,0,0,0,1,0
0,1,0,0,1,2013,35.0,0.058823529411764705,0,0,0,0,0,1,1,0,0,0,1,0,0,1
0,5,0,0,9,2013,25.0,1.2857142857142858,0,0,0,0,0,1,1,0,0,0,1,1,0,0
0,5,0,0,0,2013,22.0,0.0,0,0,1,0,0,0,0,0,0,0,1,1,0,0
0,4,0,0,1,2013,27.0,0.1111111111111111,0,0,0,0,0,0,1,0,0,0,0,1,0,0
0,2,0,0,0,2013,44.0,0.0,0,0,1,0,0,0,1,0,1,0,0,1,0,0
0,2,0,0,0,2014,21.0,0.0,0,0,1,1,0,1,0,0,0,1,0,0,1,0
0,8,0,0,9,2013,28.0,0.9,0,0,0,0,0,1,0,0,1,0,0,0,1,0
0,4,0,0,0,2013,49.0,0.0,0,0,1,0,0,1,0,0,1,0,0,1,0,0
0,10,0,1,5,2013,22.0,1.25,1,1,0,1,0,1,0,0,1,0,0,1,0,0
0,8,0,0,7,2013,43.0,0.28,0,0,0,0,0,0,1,0,0,0,1,1,0,0
0,1,0,0,3,2013,59.0,0.07317073170731707,0,0,0,0,0,1,1,0,0,0,1,0,1,0
0,7,0,0,0,2014,35.0,0.0,0,0,1,0,0,1,1,0,0,0,1,0,1,0
0,3,0,1,2,2014,22.0,0.5,1,1,0,1,0,1,0,0,1,0,0,1,0,0
0,2,0,0,3,2014,36.0,0.16666666666666666,0,0,0,0,0,1,1,0,0,0,1,0,0,1
0,9,2,1,9,2013,21.0,3.0,3,1,0,1,0,1,0,0,1,0,0,0,1,0
0,10,0,1,0,2013,18.0,0.0,1,1,1,1,0,1,1,0,0,0,1,1,0,0
0,1,0,0,0,2013,34.0,0.0,0,0,1,0,0,1,1,0,0,0,1,0,0,0
0,7,0,0,5,2013,26.0,0.625,0,0,0,0,0,1,0,1,0,0,0,1,0,0
0,1,0,0,0,2013,49.0,0.0,0,0,1,0,0,1,1,0,0,0,1,1,0,0
0,10,0,0,5,2013,27.0,0.5555555555555556,0,0,0,0,0,1,0,1,0,0,0,1,0,0
0,2,0,0,13,2014,57.0,0.3333333333333333,0,0,0,0,0,1,0,0,0,1,0,1,0,0
0,3,0,0,2,2013,36.0,0.1111111111111111,0,0,0,0,0,1,0,1,0,0,0,1,0,0
0,1,0,0,1,2013,45.0,0.037037037037037035,0,0,0,0,0,1,1,0,0,0,0,0,0,1
0,1,0,0,3,2013,28.0,0.3,0,0,0,0,0,1,1,0,0,0,1,0,0,0
0,10,1,1,1,2013,18.0,1.0,2,1,0,1,0,1,0,0,0,1,0,1,0,0
0,1,0,0,0,2013,48.0,0.0,0,0,1,0,0,1,1,0,0,0,0,0,1,0
0,9,0,0,7,2013,23.0,1.4,0,0,0,1,0,1,0,0,0,1,0,1,0,0
0,1,0,0,0,2013,25.0,0.0,0,0,1,0,0,1,1,0,0,0,1,1,0,0
0,7,0,0,4,2014,29.0,0.36363636363636365,0,0,0,0,0,1,0,0,0,1,0,0,1,0
0,6,0,0,2,2013,21.0,0.6666666666666666,0,0,0,0,0,0,1,0,1,0,0,1,0,0
0,9,0,0,4,2013,20.0,2.0,0,0,0,1,0,1,0,0,0,1,0,1,0,0
0,2,0,0,0,2013,27.0,0.0,0,0,1,0,0,1,1,0,1,0,0,0,1,0
0,2,0,0,0,2013,38.0,0.0,0,0,1,0,0,1,0,1,0,0,0,0,1,0
0,3,0,0,1,2013,35.0,0.058823529411764705,0,0,0,0,0,1,0,0,1,0,0,0,0,0
0,8,0,0,2,2014,30.0,0.16666666666666666,0,0,0,0,0,1,0,1,0,0,0,1,0,0
0,1,0,0,0,2013,67.0,0.0,0,0,1,0,0,1,1,0,0,0,0,0,1,0
0,9,0,0,1,2013,21.0,0.3333333333333333,0,0,0,1,0,1,0,1,0,0,0,0,1,0
0,1,0,0,0,2013,52.0,0.0,0,0,1,0,0,1,1,0,0,0,1,0,1,0
1,10,0,0,7,2014,26.0,0.875,1,1,0,0,0,1,0,0,0,1,0,1,0,0
0,4,0,0,0,2013,24.0,0.0,0,0,1,1,0,1,1,0,0,0,0,0,1,0
0,6,0,0,1,2014,18.0,1.0,0,0,0,0,0,0,0,0,0,0,1,1,0,0
0,1,0,0,2,2013,33.0,0.13333333333333333,0,0,0,0,0,1,0,0,0,0,0,1,0,0
0,4,0,2,10,2014,36.0,0.5555555555555556,2,1,0,0,0,0,0,0,0,0,1,0,0,1
0,10,1,1,10,2014,24.0,1.6666666666666667,2,1,0,1,0,1,0,1,0,0,0,1,0,0
0,4,0,0,1,2013,31.0,0.07692307692307693,0,0,0,0,0,0,1,0,0,0,1,0,1,0
0,10,1,3,12,2013,29.0,1.0909090909090908,4,1,0,0,0,1,1,0,0,0,1,1,0,0
0,1,0,0,0,2013,66.0,0.0,0,0,1,0,0,1,1,0,0,0,1,0,0,0
0,6,0,1,1,2013,19.0,1.0,1,1,0,1,0,1,1,0,1,0,0,0,1,0
0,1,0,0,1,2013,38.0,0.05,0,0,0,0,0,1,0,0,1,0,0,0,1,0
0,5,0,0,0,2013,18.0,0.0,0,0,1,1,0,1,0,0,0,1,0,0,0,1
0,8,0,0,0,2013,35.0,0.0,0,0,1,0,0,1,0,0,0,0,0,1,0,0
0,9,0,0,1,2014,19.0,1.0,0,0,0,1,0,1,0,0,1,0,0,1,0,0
0,2,0,0,2,2013,32.0,0.14285714285714285,0,0,0,0,0,1,1,0,1,0,0,0,1,0
0,6,0,0,5,2013,31.0,0.38461538461538464,0,0,0,0,0,1,1,0,0,0,1,1,0,0
0,1,0,0,0,2013,50.0,0.0,0,0,1,0,0,1,1,0,0,0,1,0,1,0
0,8,0,0,0,2013,18.0,0.0,0,0,1,1,0,1,0,0,1,0,0,1,0,0
0,2,0,0,8,2014,40.0,0.36363636363636365,0,0,0,0,0,1,1,0,0,0,1,1,0,0
0,2,0,0,0,2013,29.0,0.0,0,0,1,0,0,0,0,0,0,1,0,0,1,0
0,6,0,0,5,2013,46.0,0.17857142857142858,0,0,0,0,0,1,0,0,0,0,1,0,1,0
0,4,0,0,0,2013,19.0,0.0,0,0,1,0,0,0,1,0,0,0,1,1,0,0
0,5,0,0,5,2013,25.0,0.7142857142857143,0,0,0,0,0,1,0,0,1,0,0,1,0,0
0,1,0,0,1,2013,63.0,0.022222222222222223,0,0,0,0,0,0,0,0,1,0,0,0,1,0
0,3,0,0,0,2013,24.0,0.0,0,0,1,0,0,0,1,0,0,0,1,0,1,0
0,8,0,0,20,2013,45.0,0.7407407407407407,0,0,0,0,0,1,0,1,0,0,0,0,1,0
0,3,0,0,0,2013,18.0,0.0,0,0,1,1,0,1,1,0,0,0,1,1,0,0
0,6,0,0,7,2013,46.0,0.25,0,0,0,0,0,1,0,0,1,0,0,0,0,0
0,3,0,0,6,2013,40.0,0.2727272727272727,0,0,0,0,0,1,1,0,0,0,1,0,0,0
0,3,0,0,6,2013,60.0,0.14285714285714285,0,0,0,0,0,1,0,0,1,0,0,1,0,0
0,2,0,0,0,2013,38.0,0.0,0,0,1,0,0,1,1,0,0,0,0,0,1,0
0,2,0,0,0,2013,31.0,0.0,0,0,1,0,0,1,0,0,0,0,1,0,0,1
0,10,0,0,1,2013,18.0,1.0,0,0,0,1,0,1,0,0,0,1,0,1,0,0
0,2,0,0,1,2013,25.0,0.14285714285714285,0,0,0,0,0,1,1,0,0,0,1,0,1,0
0,1,0,0,0,2014,27.0,0.0,0,0,1,0,0,1,1,0,0,0,1,0,0,1
0,10,0,0,0,2014,33.0,0.0,0,0,1,0,0,1,1,0,0,0,1,0,1,0
0,1,0,0,0,2013,47.0,0.0,0,0,1,0,0,0,1,0,0,0,1,1,0,0
0,1,0,0,0,2013,44.0,0.0,0,0,1,0,0,1,1,0,0,0,1,0,1,0
0,4,0,0,2,2014,42.0,0.08333333333333333,0,0,0,0,0,1,1,0,0,0,1,0,1,0
0,1,0,0,0,2013,53.0,0.0,0,0,1,0,0,1,0,1,0,0,0,0,0,1
0,3,0,0,0,2013,21.0,0.0,0,0,1,1,0,1,1,0,0,0,1,1,0,0
0,6,0,0,10,2013,51.0,0.30303030303030304,0,0,0,0,0,1,0,1,0,0,0,1,0,0
0,10,0,0,17,2013,36.0,0.9444444444444444,0,0,0,0,0,1,0,0,0,1,0,0,1,0
0,2,0,0,0,2013,22.0,0.0,0,0,1,1,0,1,0,0,1,0,0,0,0,1
0,3,0,0,2,2013,41.0,0.08695652173913043,0,0,0,0,0,1,0,0,0,1,0,0,1,0
0,3,0,0,3,2013,49.0,0.0967741935483871,0,0,0,0,0,1,1,0,1,0,0,1,0,0
0,2,0,0,0,2014,50.0,0.0,0,0,1,0,0,0,0,0,0,1,0,0,1,0
0,9,0,0,0,2013,18.0,0.0,0,0,1,1,0,1,1,0,1,0,0,1,0,0
0,4,0,0,9,2014,28.0,0.9,0,0,0,0,0,0,0,0,1,0,0,0,1,0
0,2,0,0,6,2014,54.0,0.16666666666666666,0,0,0,0,0,1,0,1,0,0,0,1,0,0
0,8,0,0,12,2013,31.0,0.9230769230769231,0,0,0,0,0,1,0,1,0,0,0,1,0,0
0,1,0,0,1,2013,36.0,0.05555555555555555,0,0,0,0,0,1,0,0,0,0,1,0,1,0
0,1,0,0,0,2013,27.0,0.0,0,0,1,0,0,1,1,0,0,0,1,0,1,0
0,5,0,0,2,2014,21.0,0.6666666666666666,0,0,0,1,0,1,0,0,0,1,0,1,0,0
0,5,0,0,0,2013,24.0,0.0,0,0,1,1,0,1,1,0,1,0,0,0,1,0
0,1,0,0,1,2014,63.0,0.022222222222222223,0,0,0,0,0,0,1,0,1,0,0,1,0,0
0,1,0,0,0,2014,56.0,0.0,0,0,1,0,0,0,0,0,1,0,0,0,0,0
0,2,0,2,1,2014,18.0,1.0,2,1,0,1,0,1,0,0,0,1,0,0,1,0
0,5,0,0,0,2013,18.0,0.0,0,0,1,1,0,1,0,0,0,1,0,1,0,0
0,5,0,0,0,2013,18.0,0.0,0,0,1,1,0,1,0,0,0,1,0,1,0,0
0,7,0,0,0,2013,20.0,0.0,0,0,1,1,0,1,0,0,0,1,0,1,0,0
0,4,0,0,3,2013,43.0,0.12,0,0,0,0,0,1,0,0,1,0,0,1,0,0
0,9,13,1,21,2013,22.0,5.25,14,1,0,1,0,1,0,0,0,0,0,1,0,0
0,7,0,0,5,2013,32.0,0.35714285714285715,0,0,0,0,0,1,0,1,0,0,0,0,0,1
0,3,0,0,0,2014,28.0,0.0,0,0,1,0,0,0,1,0,0,0,1,1,0,0
0,1,0,0,1,2014,45.0,0.037037037037037035,0,0,0,0,0,1,0,0,0,1,0,0,1,0
0,4,0,0,4,2013,27.0,0.4444444444444444,0,0,0,0,0,1,0,0,1,0,0,0,1,0
0,1,0,0,1,2013,44.0,0.038461538461538464,0,0,0,0,0,1,0,1,0,0,0,1,0,0
0,2,0,0,1,2013,36.0,0.05555555555555555,0,0,0,0,0,1,0,1,0,0,0,1,0,0
0,2,0,0,2,2013,27.0,0.2222222222222222,0,0,0,0,0,1,1,0,1,0,0,0,0,1
0,3,0,2,1,2013,20.0,0.5,2,1,0,1,0,1,0,1,0,0,0,0,1,0
0,1,0,0,3,2013,42.0,0.125,0,0,0,0,0,1,0,0,1,0,0,0,1,0
0,9,0,0,2,2014,24.0,0.3333333333333333,0,0,0,1,0,1,0,0,0,1,0,0,1,0
0,2,0,0,3,2013,36.0,0.16666666666666666,0,0,0,0,0,1,0,1,0,0,0,0,1,0
0,3,0,0,1,2013,37.0,0.05263157894736842,0,0,0,0,0,1,0,0,0,1,0,0,1,0
0,10,0,0,0,2013,21.0,0.0,0,0,1,1,0,1,0,1,0,0,0,1,0,0
0,7,0,1,1,2012,19.0,1.0,1,1,0,1,0,1,0,1,0,0,0,1,0,0
0,1,0,0,0,2013,58.0,0.0,0,0,1,0,0,1,1,0,0,0,0,0,1,0
0,5,0,0,3,2013,39.0,0.14285714285714285,0,0,0,0,0,1,0,0,1,0,0,0,1,0
0,2,0,0,3,2013,35.0,0.17647058823529413,0,0,0,0,0,1,0,0,0,0,1,1,0,0
0,1,0,0,0,2013,64.0,0.0,0,0,1,0,0,1,0,0,0,1,0,0,1,0
0,6,0,0,2,2013,20.0,1.0,0,0,0,1,0,1,0,0,0,0,1,0,1,0
0,4,0,0,1,2014,29.0,0.09090909090909091,0,0,0,0,0,1,0,1,0,0,0,0,1,0
1,8,0,0,15,2013,37.0,0.7894736842105263,1,1,0,0,0,1,0,0,1,0,0,1,0,0
0,2,0,0,0,2013,41.0,0.0,0,0,1,0,0,1,0,0,1,0,0,1,0,0
0,7,0,0,10,2013,34.0,0.625,0,0,0,0,0,1,0,0,1,0,0,1,0,0
0,9,1,0,3,2013,19.0,3.0,1,1,0,0,0,0,1,0,0,1,0,1,0,0
0,3,0,0,6,2013,28.0,0.6,0,0,0,0,0,1,1,0,0,0,1,0,1,0
0,7,0,0,9,2014,26.0,1.125,0,0,0,0,0,1,0,0,0,1,0,1,0,0
0,6,0,0,5,2013,21.0,1.6666666666666667,0,0,0,1,0,1,1,0,1,0,0,0,0,0
0,4,0,0,9,2013,30.0,0.75,0,0,0,0,0,1,0,1,0,0,0,0,1,0
0,10,3,2,10,2014,28.0,1.0,5,1,0,0,0,0,0,1,0,0,0,1,0,0
0,1,1,0,5,2013,28.0,0.5,1,1,0,0,0,1,0,0,1,0,0,0,0,0
0,7,0,0,0,2013,32.0,0.0,0,0,1,0,0,1,0,0,1,0,0,1,0,0
0,8,0,0,23,2013,54.0,0.6388888888888888,0,0,0,0,0,1,0,0,1,0,0,1,0,0
0,7,0,0,8,2014,38.0,0.4,0,0,0,0,0,0,0,0,1,0,0,0,1,0
0,2,0,0,3,2013,62.0,0.06818181818181818,0,0,0,0,0,1,0,0,0,1,0,0,1,0
0,9,0,0,0,2013,19.0,0.0,0,0,1,0,0,0,1,0,0,0,1,0,1,0
0,6,0,0,2,2013,32.0,0.14285714285714285,0,0,0,0,0,0,0,0,1,0,0,1,0,0
0,3,1,0,2,2013,26.0,0.25,1,1,0,0,0,1,1,0,0,0,1,1,0,0
0,8,0,0,13,2014,61.0,0.3023255813953488,0,0,0,0,0,1,0,0,0,1,0,1,0,0
0,3,0,0,0,2013,20.0,0.0,0,0,1,1,0,1,1,0,1,0,0,1,0,0
0,3,0,0,8,2013,28.0,0.8,0,0,0,0,0,1,0,0,0,0,0,0,0,1
0,1,0,0,1,2013,53.0,0.02857142857142857,0,0,0,0,0,0,0,1,0,0,0,1,0,0
0,6,0,0,2,2013,22.0,0.5,0,0,0,1,0,1,0,0,1,0,0,0,1,0
0,4,0,0,10,2013,30.0,0.8333333333333334,0,0,0,0,0,1,1,0,0,0,1,0,1,0
0,5,0,0,2,2013,22.0,0.5,0,0,0,1,0,1,0,0,0,1,0,0,1,0
0,5,0,0,3,2013,25.0,0.42857142857142855,0,0,0,0,0,0,0,0,0,0,1,1,0,0
0,10,0,0,1,2013,34.0,0.0625,0,0,0,0,0,1,0,0,0,1,0,1,0,0
0,1,0,0,2,2013,38.0,0.1,0,0,0,0,0,1,1,0,1,0,0,0,1,0
0,8,0,1,5,2013,33.0,0.3333333333333333,1,1,0,0,0,1,0,0,0,0,1,1,0,0
0,7,0,0,1,2014,24.0,0.16666666666666666,0,0,0,1,0,1,1,0,0,0,1,0,0,1
0,1,0,0,0,2014,53.0,0.0,0,0,1,0,0,1,1,0,0,0,1,0,1,0
0,2,0,0,2,2013,23.0,0.4,0,0,0,1,0,1,0,0,0,1,0,1,0,0
0,3,0,0,7,2013,32.0,0.5,0,0,0,0,0,1,0,0,1,0,0,1,0,0
0,4,0,0,3,2013,46.0,0.10714285714285714,0,0,0,0,0,1,1,0,0,0,0,0,1,0
0,6,0,0,3,2013,22.0,0.75,0,0,0,1,0,1,0,1,0,0,0,1,0,0
0,1,0,0,1,2014,63.0,0.022222222222222223,0,0,0,0,0,0,1,0,1,0,0,0,1,0
0,5,0,0,0,2013,28.0,0.0,0,0,1,0,0,0,0,0,0,0,0,1,0,0
0,2,0,0,0,2014,22.0,0.0,0,0,1,0,0,0,1,0,0,0,1,1,0,0
0,8,0,0,6,2013,30.0,0.5,0,0,0,0,0,1,0,0,1,0,0,1,0,0
0,8,0,0,3,2014,22.0,0.75,0,0,0,1,0,1,1,0,0,0,1,0,0,0
0,6,1,0,4,2013,27.0,0.4444444444444444,1,1,0,0,0,0,0,1,0,0,0,1,0,0
0,2,0,0,0,2013,32.0,0.0,0,0,1,0,0,0,1,0,0,0,1,0,0,1
0,6,0,0,14,2013,28.0,1.4,0,0,0,0,0,1,0,0,1,0,0,1,0,0
0,2,0,0,1,2013,21.0,0.3333333333333333,0,0,0,1,0,1,1,0,1,0,0,0,1,0
0,3,0,0,3,2013,48.0,0.1,0,0,0,0,0,1,0,0,1,0,0,0,1,0
0,3,0,0,3,2013,26.0,0.375,0,0,0,0,0,0,0,0,0,1,0,1,0,0
0,6,0,0,4,2014,25.0,0.5714285714285714,0,0,0,0,0,0,0,0,1,0,0,1,0,0
0,3,0,0,2,2014,20.0,1.0,0,0,0,1,0,1,0,1,0,0,0,0,1,0
0,4,0,0,2,2013,26.0,0.25,0,0,0,0,0,1,0,0,0,0,0,1,0,0
0,6,0,0,0,2013,29.0,0.0,0,0,1,0,0,1,0,1,0,0,0,1,0,0
0,1,0,0,0,2013,28.0,0.0,0,0,1,0,0,1,1,0,1,0,0,0,1,0
0,2,0,0,3,2013,29.0,0.2727272727272727,0,0,0,0,0,0,0,0,1,0,0,1,0,0
0,2,0,0,1,2014,25.0,0.14285714285714285,0,0,0,0,0,1,0,0,0,1,0,1,0,0
0,5,0,0,6,2013,26.0,0.75,0,0,0,0,0,1,0,1,0,0,0,0,1,0
0,3,0,0,3,2013,56.0,0.07894736842105263,0,0,0,0,0,1,0,0,1,0,0,1,0,0
0,2,0,0,1,2014,22.0,0.25,0,0,0,1,0,1,1,0,0,0,1,1,0,0
0,10,0,0,0,2013,30.0,0.0,0,0,1,0,0,1,0,0,0,1,0,1,0,0
0,1,0,0,0,2013,32.0,0.0,0,0,1,0,0,0,1,0,0,0,1,0,0,0
0,8,0,0,9,2014,26.0,1.125,0,0,0,0,0,1,0,0,1,0,0,0,1,0
0,1,0,0,0,2013,37.0,0.0,0,0,1,0,0,0,0,0,1,0,0,0,0,0
0,3,0,0,0,2013,42.0,0.0,0,0,1,0,0,1,1,0,0,0,1,0,0,0
1,9,0,1,9,2013,21.0,3.0,2,1,0,1,0,1,1,0,1,0,0,1,0,0
2,9,1,1,16,2013,28.0,1.6,4,1,0,0,0,1,0,0,0,1,0,1,0,0
0,2,0,0,0,2013,22.0,0.0,0,0,1,1,0,1,1,0,0,0,1,0,0,1
0,9,0,0,0,2014,22.0,0.0,0,0,1,1,0,1,0,1,0,0,0,1,0,0
0,8,0,0,6,2013,20.0,3.0,0,0,0,1,0,1,1,0,1,0,0,0,0,1
0,8,1,0,7,2013,20.0,3.5,1,1,0,1,0,1,0,0,1,0,0,1,0,0
0,1,0,0,0,2013,46.0,0.0,0,0,1,0,0,1,1,0,0,0,0,0,0,1
0,1,0,0,0,2013,59.0,0.0,0,0,1,0,0,1,0,0,1,0,0,0,1,0
0,7,0,0,4,2013,23.0,0.8,0,0,0,0,0,0,0,0,1,0,0,1,0,0
0,3,0,0,1,2013,22.0,0.25,0,0,0,1,0,1,0,1,0,0,0,0,0,0
0,7,0,0,1,2013,45.0,0.037037037037037035,0,0,0,0,0,1,1,0,0,0,1,1,0,0
0,1,0,0,0,2014,48.0,0.0,0,0,1,0,0,1,0,0,0,0,1,0,1,0
0,8,0,0,3,2014,45.0,0.1111111111111111,0,0,0,0,0,1,0,0,1,0,0,1,0,0
0,8,0,0,14,2013,34.0,0.875,0,0,0,0,0,1,0,0,0,0,0,1,0,0
0,2,0,0,0,2013,23.0,0.0,0,0,1,1,0,1,1,0,0,0,1,0,1,0
0,10,2,0,21,2013,25.0,3.0,2,1,0,0,0,1,0,0,0,0,0,1,0,0
0,2,0,0,3,2014,24.0,0.5,0,0,0,0,0,0,0,0,1,0,0,1,0,0
0,2,0,0,4,2013,45.0,0.14814814814814814,0,0,0,0,0,1,0,0,0,0,0,0,0,0
0,8,1,0,1,2013,18.0,1.0,1,1,0,1,0,1,0,0,0,1,0,1,0,0
0,10,0,0,9,2013,31.0,0.6923076923076923,0,0,0,0,0,1,0,0,1,0,0,1,0,0
0,1,0,0,1,2013,23.0,0.2,0,0,0,1,0,1,1,0,0,0,0,0,0,1
1,9,0,1,9,2013,43.0,0.36,2,1,0,0,0,1,0,0,0,1,0,1,0,0
0,8,0,1,0,2014,19.0,0.0,1,1,1,1,0,1,0,0,0,1,0,1,0,0
0,5,0,0,2,2013,24.0,0.3333333333333333,0,0,0,0,0,0,0,0,1,0,0,0,1,0
0,8,1,1,3,2013,19.0,3.0,2,1,0,1,0,1,1,0,0,0,1,1,0,0
0,4,0,0,1,2013,26.0,0.125,0,0,0,0,0,1,0,1,0,0,0,0,1,0
0,4,0,0,4,2014,44.0,0.15384615384615385,0,0,0,0,0,1,0,0,1,0,0,0,1,0
0,4,0,0,0,2013,21.0,0.0,0,0,1,1,0,1,0,0,1,0,0,1,0,0
0,1,0,0,2,2014,49.0,0.06451612903225806,0,0,0,0,0,0,1,0,0,0,1,0,0,1
0,4,0,0,8,2014,55.0,0.21621621621621623,0,0,0,0,0,1,1,0,0,0,0,1,0,0
0,2,0,0,4,2014,31.0,0.3076923076923077,0,0,0,0,0,1,0,0,0,0,0,1,0,0
0,9,1,0,4,2014,21.0,1.3333333333333333,1,1,0,1,0,1,0,0,1,0,0,1,0,0
0,8,0,0,5,2013,25.0,0.7142857142857143,0,0,0,0,0,1,0,1,0,0,0,1,0,0
0,4,0,0,0,2013,18.0,0.0,0,0,1,1,0,1,1,0,0,0,1,0,1,0
0,2,0,0,10,2014,54.0,0.2777777777777778,0,0,0,0,0,1,1,0,0,0,1,0,0,1
0,6,0,0,1,2013,31.0,0.07692307692307693,0,0,0,0,0,0,1,0,0,0,1,0,1,0
0,4,0,0,0,2014,26.0,0.0,0,0,1,0,0,1,0,0,1,0,0,0,0,0
0,8,0,0,3,2014,38.0,0.15,0,0,0,0,0,1,0,0,1,0,0,1,0,0
0,1,0,0,0,2013,45.0,0.0,0,0,1,0,0,1,1,0,1,0,0,0,0,0
0,6,3,0,10,2013,29.0,0.9090909090909091,3,1,0,0,0,1,0,0,0,0,1,1,0,0
0,4,0,0,1,2013,21.0,0.3333333333333333,0,0,0,1,0,1,1,0,0,0,1,1,0,0
0,2,0,0,1,2013,29.0,0.09090909090909091,0,0,0,0,0,1,0,0,1,0,0,1,0,0
0,7,1,0,2,2014,18.0,2.0,1,1,0,1,0,1,0,0,0,1,0,1,0,0
0,9,0,0,6,2014,20.0,3.0,0,0,0,1,0,1,0,0,1,0,0,1,0,0
6,7,1,0,17,2013,36.0,0.9444444444444444,7,1,0,0,0,1,0,1,0,0,0,0,1,0
0,3,0,0,1,2013,22.0,0.25,0,0,0,1,0,1,0,0,1,0,0,1,0,0
0,8,0,0,6,2013,39.0,0.2857142857142857,0,0,0,0,0,1,0,0,0,0,1,1,0,0
0,3,0,0,1,2013,27.0,0.1111111111111111,0,0,0,0,0,1,1,0,0,0,0,0,1,0
0,1,0,0,2,2013,35.0,0.11764705882352941,0,0,0,0,0,1,1,0,0,0,1,0,1,0
0,5,2,1,10,2013,29.0,0.9090909090909091,3,1,0,0,0,1,0,0,1,0,0,0,1,0
0,5,0,0,4,2014,22.0,1.0,0,0,0,1,0,1,1,0,0,0,1,0,1,0
0,3,0,0,10,2013,55.0,0.2702702702702703,0,0,0,0,0,1,0,1,0,0,0,1,0,0
0,6,0,0,9,2013,39.0,0.42857142857142855,0,0,0,0,0,1,0,1,0,0,0,1,0,0
0,4,0,0,3,2013,49.0,0.0967741935483871,0,0,0,0,0,1,0,0,0,0,0,0,0,1
0,4,0,0,1,2014,24.0,0.16666666666666666,0,0,0,1,0,1,0,0,0,1,0,0,1,0
0,1,0,0,1,2013,24.0,0.16666666666666666,0,0,0,1,0,1,0,0,1,0,0,0,1,0
0,2,0,0,1,2013,30.0,0.08333333333333333,0,0,0,0,0,1,0,0,1,0,0,0,1,0
0,8,0,0,2,2014,31.0,0.15384615384615385,0,0,0,0,0,1,0,0,0,1,0,1,0,0
0,2,0,0,0,2013,20.0,0.0,0,0,1,1,0,1,1,0,0,0,1,1,0,0
0,8,1,0,4,2014,23.0,0.8,1,1,0,1,0,1,0,0,1,0,0,1,0,0
0,2,0,0,0,2014,30.0,0.0,0,0,1,0,0,1,0,0,1,0,0,1,0,0
0,9,0,0,14,2014,32.0,1.0,0,0,0,0,0,1,0,0,0,1,0,0,0,1
0,2,0,0,0,2013,26.0,0.0,0,0,1,0,0,0,1,0,0,0,1,0,1,0
0,9,0,0,19,2013,35.0,1.1176470588235294,0,0,0,0,0,1,0,0,1,0,0,1,0,0
0,1,0,0,0,2013,26.0,0.0,0,0,1,0,0,1,1,0,1,0,0,0,1,0
0,8,0,0,6,2014,25.0,0.8571428571428571,0,0,0,0,0,1,0,1,0,0,0,1,0,0
0,2,0,0,0,2014,24.0,0.0,0,0,1,1,0,1,1,0,1,0,0,0,1,0
0,5,0,2,2,2013,28.0,0.2,2,1,0,0,0,0,0,0,1,0,0,0,1,0
0,9,0,0,8,2013,27.0,0.8888888888888888,0,0,0,0,0,1,0,0,1,0,0,1,0,0
0,7,0,0,0,2014,39.0,0.0,0,0,1,0,0,1,0,0,0,1,0,1,0,0
0,4,0,0,8,2013,56.0,0.21052631578947367,0,0,0,0,0,1,0,1,0,0,0,1,0,0
0,4,0,0,1,2013,19.0,1.0,0,0,0,1,0,1,1,0,0,0,1,0,1,0
0,4,0,0,6,2014,25.0,0.8571428571428571,0,0,0,0,0,1,0,0,0,1,0,1,0,0
0,1,0,0,0,2014,28.0,0.0,0,0,1,0,0,1,0,0,0,0,1,1,0,0
0,5,0,0,4,2013,40.0,0.18181818181818182,0,0,0,0,0,1,0,0,1,0,0,0,1,0
0,9,0,1,2,2014,22.0,0.5,1,1,0,0,0,0,0,0,0,1,0,0,1,0
0,7,0,0,13,2013,42.0,0.5416666666666666,0,0,0,0,0,1,1,0,1,0,0,1,0,0
0,9,0,1,0,2013,20.0,0.0,1,1,1,1,0,1,0,0,1,0,0,0,1,0
0,10,0,0,5,2012,36.0,0.2777777777777778,0,0,0,0,0,0,0,0,0,1,0,0,1,0
0,7,0,0,0,2013,20.0,0.0,0,0,1,0,0,0,0,0,0,1,0,1,0,0
0,2,0,0,3,2013,36.0,0.16666666666666666,0,0,0,0,0,1,0,0,1,0,0,1,0,0
0,5,0,0,5,2014,24.0,0.8333333333333334,0,0,0,0,0,0,0,0,0,0,1,1,0,0
0,2,0,0,0,2013,24.0,0.0,0,0,1,0,0,0,1,0,0,0,0,0,1,0
0,4,0,0,0,2013,18.0,0.0,0,0,1,1,0,1,1,0,0,0,1,1,0,0
0,3,1,1,3,2013,27.0,0.3333333333333333,2,1,0,0,0,1,0,0,1,0,0,0,1,0
0,4,0,0,0,2013,41.0,0.0,0,0,1,0,0,1,0,0,0,1,0,0,1,0
0,7,0,0,1,2013,18.0,1.0,0,0,0,1,0,1,0,0,0,1,0,1,0,0
0,4,0,0,0,2013,20.0,0.0,0,0,1,1,0,1,1,0,1,0,0,1,0,0
0,1,0,0,1,2014,47.0,0.034482758620689655,0,0,0,0,0,0,0,0,0,0,0,1,0,0
0,10,0,0,3,2014,21.0,1.0,0,0,0,1,0,1,0,0,0,1,0,1,0,0
0,5,0,0,1,2013,21.0,0.3333333333333333,0,0,0,1,0,1,0,1,0,0,0,1,0,0
0,4,0,0,1,2014,19.0,1.0,0,0,0,0,0,0,0,0,1,0,0,1,0,0
0,6,0,0,7,2013,34.0,0.4375,0,0,0,0,0,0,0,0,1,0,0,0,1,0
0,2,0,0,2,2013,26.0,0.25,0,0,0,0,0,1,0,0,1,0,0,0,1,0
0,6,2,0,7,2013,20.0,3.5,2,1,0,1,0,1,0,0,1,0,0,0,0,0
0,6,0,0,2,2014,22.0,0.5,0,0,0,0,0,0,0,0,0,0,0,1,0,0
0,7,0,0,0,2014,29.0,0.0,0,0,1,0,0,1,0,1,0,0,0,0,1,0
1,10,0,0,2,2013,21.0,0.6666666666666666,1,1,0,1,0,1,1,0,1,0,0,1,0,0
0,2,0,0,1,2013,22.0,0.25,0,0,0,1,0,1,0,0,1,0,0,1,0,0
0,1,0,0,1,2013,29.0,0.09090909090909091,0,0,0,0,0,1,1,0,0,0,1,1,0,0
1,10,3,0,24,2013,23.0,4.8,4,1,0,1,0,1,1,0,1,0,0,1,0,0
0,7,0,0,1,2013,24.0,0.16666666666666666,0,0,0,1,0,1,0,0,1,0,0,1,0,0
0,1,0,0,0,2013,43.0,0.0,0,0,1,0,0,1,0,1,0,0,0,0,1,0
0,6,0,0,1,2013,35.0,0.058823529411764705,0,0,0,0,0,0,1,0,0,0,1,0,1,0
0,5,0,0,0,2013,21.0,0.0,0,0,1,0,0,0,1,0,1,0,0,1,0,0
0,4,0,0,0,2014,36.0,0.0,0,0,1,0,0,0,1,0,1,0,0,1,0,0
0,9,0,0,7,2014,25.0,1.0,0,0,0,0,0,1,0,0,0,1,0,1,0,0
0,3,0,0,6,2013,45.0,0.2222222222222222,0,0,0,0,0,1,0,0,1,0,0,1,0,0
0,4,0,0,2,2014,29.0,0.18181818181818182,0,0,0,0,0,0,0,1,0,0,0,0,1,0
0,5,0,0,5,2013,26.0,0.625,0,0,0,0,0,1,1,0,0,0,1,1,0,0
0,9,0,0,7,2013,27.0,0.7777777777777778,0,0,0,0,0,1,0,0,0,0,1,0,0,1
0,5,0,1,6,2014,23.0,1.2,1,1,0,1,0,1,1,0,0,1,0,0,1,0
0,1,0,0,0,2013,52.0,0.0,0,0,1,0,0,1,1,0,0,0,1,0,1,0
0,7,0,0,5,2009,33.0,0.3333333333333333,0,0,0,0,0,1,0,0,1,0,0,1,0,0
0,4,0,0,0,2013,18.0,0.0,0,0,1,1,0,1,0,0,0,1,0,1,0,0
0,7,1,0,10,2013,25.0,1.4285714285714286,1,1,0,0,0,1,0,0,1,0,0,1,0,0
0,9,1,0,2,2013,18.0,2.0,1,1,0,1,0,1,0,1,0,0,0,1,0,0
5,9,0,0,10,2013,28.0,1.0,5,1,0,0,0,1,0,0,1,0,0,1,0,0
0,1,0,0,0,2013,53.0,0.0,0,0,1,0,0,0,1,0,1,0,0,1,0,0
0,2,0,0,0,2013,23.0,0.0,0,0,1,1,0,1,1,0,0,0,1,1,0,0
0,8,4,0,7,2013,19.0,7.0,4,1,0,1,0,1,0,0,1,0,0,1,0,0
0,3,0,0,3,2013,28.0,0.3,0,0,0,0,0,1,0,0,0,0,1,1,0,0
0,4,0,0,7,2014,41.0,0.30434782608695654,0,0,0,0,0,1,0,0,1,0,0,1,0,0
0,4,0,0,0,2013,23.0,0.0,0,0,1,0,0,0,1,0,0,0,0,0,1,0
0,2,0,0,1,2013,35.0,0.058823529411764705,0,0,0,0,0,1,1,0,0,0,1,0,0,1
0,1,0,0,1,2013,37.0,0.05263157894736842,0,0,0,0,0,1,0,0,0,0,0,1,0,0
0,5,0,0,0,2014,18.0,0.0,0,0,1,1,0,1,0,0,0,1,0,1,0,0
0,7,0,0,2,2013,32.0,0.14285714285714285,0,0,0,0,0,1,1,0,1,0,0,1,0,0
0,1,0,0,1,2013,31.0,0.07692307692307693,0,0,0,0,0,1,1,0,1,0,0,1,0,0
0,9,0,1,18,2014,26.0,2.25,1,1,0,0,0,1,0,0,0,1,0,0,1,0
0,1,0,0,3,2014,36.0,0.16666666666666666,0,0,0,0,0,0,0,0,0,0,0,1,0,0
0,7,0,0,0,2014,19.0,0.0,0,0,1,1,0,1,0,1,0,0,0,0,1,0
0,1,0,0,0,2014,23.0,0.0,0,0,1,1,0,1,1,0,0,0,1,1,0,0
0,6,0,0,6,2013,50.0,0.1875,0,0,0,0,0,1,1,0,0,1,0,1,0,0
0,3,0,0,4,2013,48.0,0.13333333333333333,0,0,0,0,0,0,0,0,0,0,1,1,0,0
0,6,0,0,1,2014,21.0,0.3333333333333333,0,0,0,0,0,0,1,0,0,0,1,0,1,0
0,5,0,0,0,2014,20.0,0.0,0,0,1,1,0,1,0,0,0,1,0,0,0,0
0,3,0,0,0,2014,25.0,0.0,0,0,1,0,0,1,1,0,1,0,0,0,1,0
0,8,0,0,5,2013,27.0,0.5555555555555556,0,0,0,0,0,1,0,1,0,0,0,1,0,0
0,1,0,0,1,2013,36.0,0.05555555555555555,0,0,0,0,0,1,1,0,0,0,1,1,0,0
0,2,0,0,2,2013,52.0,0.058823529411764705,0,0,0,0,0,0,0,0,1,0,0,0,1,0
0,10,0,0,1,2013,23.0,0.2,0,0,0,1,0,1,0,0,1,0,0,1,0,0
1,8,8,5,23,2013,35.0,1.3529411764705883,14,1,0,0,0,1,0,1,0,0,0,1,0,0
0,10,2,1,25,2013,33.0,1.6666666666666667,3,1,0,0,0,1,1,0,0,0,1,1,0,0
0,10,0,0,18,2013,25.0,2.5714285714285716,0,0,0,0,0,1,0,0,1,0,0,1,0,0
0,1,0,0,1,2013,46.0,0.03571428571428571,0,0,0,0,0,1,1,0,1,0,0,1,0,0
0,7,0,0,11,2013,33.0,0.7333333333333333,0,0,0,0,0,1,0,0,0,0,0,1,0,0
0,3,0,0,0,2013,38.0,0.0,0,0,1,0,0,0,0,0,0,0,1,0,1,0
0,7,0,1,9,2014,23.0,1.8,1,1,0,1,1,1,0,0,0,0,1,0,0,1
1,9,0,0,9,2013,38.0,0.45,1,1,0,0,0,1,0,0,1,0,0,0,1,0
1,10,0,0,7,2013,19.0,7.0,1,1,0,1,0,1,0,0,1,0,0,1,0,0
0,2,0,0,0,2013,20.0,0.0,0,0,1,1,0,1,0,0,1,0,0,0,0,0
0,1,0,0,0,2013,30.0,0.0,0,0,1,0,0,1,0,1,0,0,0,0,1,0
0,7,0,0,7,2013,23.0,1.4,0,0,0,1,0,1,0,1,0,0,0,1,0,0
0,3,0,0,0,2014,25.0,0.0,0,0,1,0,0,0,1,0,0,0,1,1,0,0
0,2,0,0,1,2013,33.0,0.06666666666666667,0,0,0,0,0,1,0,0,1,0,0,1,0,0
0,2,0,0,3,2013,24.0,0.5,0,0,0,1,0,1,1,0,1,0,0,1,0,0
0,1,0,0,3,2013,34.0,0.1875,0,0,0,0,0,1,1,0,0,0,1,0,0,1
0,5,0,0,3,2013,29.0,0.2727272727272727,0,0,0,0,0,0,0,0,1,0,0,1,0,0
1,8,0,0,26,2013,33.0,1.7333333333333334,1,1,0,0,0,1,0,1,0,0,0,1,0,0
0,2,0,0,0,2013,29.0,0.0,0,0,1,0,0,0,1,0,1,0,0,0,0,0
0,1,0,0,1,2013,47.0,0.034482758620689655,0,0,0,0,0,1,0,0,0,0,1,0,1,0
0,1,0,0,1,2013,49.0,0.03225806451612903,0,0,0,0,0,1,0,0,1,0,0,0,1,0
0,4,0,0,1,2013,21.0,0.3333333333333333,0,0,0,1,0,1,1,0,0,0,1,1,0,0
0,4,0,0,0,2013,35.0,0.0,0,0,1,0,0,1,0,0,0,0,1,1,0,0
0,8,0,0,11,2013,51.0,0.3333333333333333,0,0,0,0,0,1,0,0,1,0,0,1,0,0
0,2,0,0,13,2013,69.0,0.2549019607843137,0,0,0,0,0,1,0,0,0,0,0,0,1,0
0,7,4,4,9,2014,25.0,1.2857142857142858,8,1,0,0,0,1,0,0,1,0,0,1,0,0
0,4,0,0,1,2013,36.0,0.05555555555555555,0,0,0,0,0,0,0,1,0,0,0,0,1,0
0,2,0,0,1,2013,31.0,0.07692307692307693,0,0,0,0,0,1,1,0,0,0,0,0,0,0
0,8,0,0,0,2014,21.0,0.0,0,0,1,1,0,1,1,0,0,0,1,0,0,0
0,6,0,0,5,2013,33.0,0.3333333333333333,0,0,0,0,0,0,0,0,0,0,1,1,0,0
0,1,0,0,0,2013,53.0,0.0,0,0,1,0,0,1,0,0,0,1,0,1,0,0
0,4,0,0,0,2013,24.0,0.0,0,0,1,1,0,1,0,0,0,1,0,0,1,0
0,4,0,3,2,2013,21.0,0.6666666666666666,3,1,0,1,0,1,0,0,1,0,0,1,0,0
1,7,0,0,1,2013,17.0,1.0,1,1,0,1,0,1,0,0,1,0,0,1,0,0
0,8,2,0,10,2014,29.0,0.9090909090909091,2,1,0,0,0,0,0,0,1,0,0,1,0,0
0,9,0,0,8,2013,21.0,2.6666666666666665,0,0,0,1,0,1,0,0,1,0,0,0,1,0
0,8,0,0,2,2014,35.0,0.11764705882352941,0,0,0,0,0,0,0,0,1,0,0,0,1,0
0,3,0,0,0,2013,23.0,0.0,0,0,1,1,0,1,0,1,0,0,0,0,1,0
0,2,0,0,0,2013,26.0,0.0,0,0,1,0,0,1,0,0,0,1,0,0,1,0
0,1,0,0,4,2013,39.0,0.19047619047619047,0,0,0,0,0,1,1,0,0,0,1,1,0,0
0,1,0,0,0,2014,35.0,0.0,0,0,1,0,0,1,0,0,0,0,1,1,0,0
0,3,0,0,2,2013,43.0,0.08,0,0,0,0,0,1,0,1,0,0,0,0,1,0
0,5,0,0,10,2013,53.0,0.2857142857142857,0,0,0,0,0,0,0,1,0,0,0,0,1,0
0,3,0,0,0,2013,20.0,0.0,0,0,1,1,0,1,0,0,0,1,0,1,0,0
0,5,0,0,1,2014,21.0,0.3333333333333333,0,0,0,0,0,0,0,0,1,0,0,1,0,0
0,8,0,0,0,2013,21.0,0.0,0,0,1,1,0,1,0,1,0,0,0,1,0,0
0,7,0,0,1,2014,22.0,0.25,0,0,0,1,0,1,0,1,0,0,0,1,0,0
0,2,0,0,1,2013,23.0,0.2,0,0,0,1,0,1,1,0,0,0,0,0,0,1
0,7,0,0,2,2013,21.0,0.6666666666666666,0,0,0,1,0,1,0,0,0,1,0,0,1,0
0,9,0,0,0,2013,19.0,0.0,0,0,1,1,0,1,0,0,0,1,0,1,0,0
0,1,0,0,2,2013,40.0,0.09090909090909091,0,0,0,0,0,1,0,0,1,0,0,0,1,0
0,1,0,0,0,2013,50.0,0.0,0,0,1,0,0,0,1,0,0,0,0,0,1,0
0,6,0,0,1,2013,21.0,0.3333333333333333,0,0,0,1,0,1,0,0,1,0,0,1,0,0
0,4,0,0,0,2013,25.0,0.0,0,0,1,0,0,1,0,0,1,0,0,1,0,0
0,3,0,0,1,2013,18.0,1.0,0,0,0,1,0,1,0,0,0,1,0,0,1,0
0,2,0,0,0,2013,29.0,0.0,0,0,1,0,0,1,1,0,0,0,1,0,0,0
0,7,0,0,3,2014,31.0,0.23076923076923078,0,0,0,0,0,1,0,0,1,0,0,0,1,0
0,1,0,0,1,2014,33.0,0.06666666666666667,0,0,0,0,0,0,0,0,1,0,0,1,0,0
0,3,0,0,3,2013,52.0,0.08823529411764706,0,0,0,0,0,1,1,0,1,0,0,0,1,0
0,5,0,0,9,2013,48.0,0.3,0,0,0,0,0,1,1,0,0,0,1,0,0,1
0,3,0,0,0,2013,25.0,0.0,0,0,1,0,0,1,1,0,0,0,1,1,0,0
0,1,0,0,0,2014,42.0,0.0,0,0,1,0,0,1,1,0,0,0,1,0,1,0
2,10,1,1,3,2014,17.0,3.0,4,1,0,1,0,1,0,0,1,0,0,1,0,0
0,7,0,0,2,2013,20.0,1.0,0,0,0,1,0,1,1,0,1,0,0,0,0,0
0,8,0,1,3,2013,22.0,0.75,1,1,0,1,0,1,0,0,1,0,0,1,0,0
0,3,0,0,2,2013,47.0,0.06896551724137931,0,0,0,0,0,1,0,1,0,0,0,0,1,0
0,4,0,0,0,2013,28.0,0.0,0,0,1,0,0,1,1,0,0,0,1,1,0,0
0,4,0,0,0,2014,27.0,0.0,0,0,1,0,0,0,0,1,0,0,0,0,1,0
0,1,0,0,0,2013,40.0,0.0,0,0,1,0,0,1,0,0,0,0,1,0,1,0
0,9,0,0,0,2014,19.0,0.0,0,0,1,1,0,1,1,0,0,0,1,1,0,0
0,8,0,0,0,2013,19.0,0.0,0,0,1,1,0,1,0,0,1,0,0,0,1,0
0,4,0,0,0,2013,21.0,0.0,0,0,1,1,0,1,1,1,0,0,0,0,0,0
0,5,0,0,3,2013,27.0,0.3333333333333333,0,0,0,0,0,1,0,0,1,0,0,0,1,0
0,3,0,0,0,2013,19.0,0.0,0,0,1,1,0,1,1,0,0,0,1,0,0,1
0,9,0,0,0,2013,25.0,0.0,0,0,1,0,0,1,0,0,0,0,0,0,1,0
0,2,0,0,0,2013,30.0,0.0,0,0,1,0,0,1,1,0,1,0,0,0,0,0
0,5,0,0,7,2013,25.0,1.0,0,0,0,0,0,1,0,0,1,0,0,1,0,0
0,1,0,0,0,2013,64.0,0.0,0,0,1,0,0,1,1,0,0,0,1,0,1,0
0,7,0,0,11,2013,30.0,0.9166666666666666,0,0,0,0,0,0,0,0,0,0,0,1,0,0
0,4,0,0,7,2013,42.0,0.2916666666666667,0,0,0,0,0,1,0,0,1,0,0,1,0,0
0,4,0,0,1,2013,22.0,0.25,0,0,0,1,0,1,0,0,1,0,0,1,0,0
0,8,0,0,15,2013,28.0,1.5,0,0,0,0,0,0,1,0,0,0,1,1,0,0
0,4,1,0,9,2013,25.0,1.2857142857142858,1,1,0,0,0,1,1,0,0,0,0,0,1,0
0,6,0,0,0,2013,25.0,0.0,0,0,1,0,0,1,0,0,1,0,0,1,0,0
0,2,0,0,8,2013,32.0,0.5714285714285714,0,0,0,0,0,1,1,0,1,0,0,0,0,0
0,4,0,0,0,2013,23.0,0.0,0,0,1,0,0,0,1,0,1,0,0,0,1,0
0,5,0,0,5,2014,28.0,0.5,0,0,0,0,0,1,0,0,0,0,0,0,1,0
0,1,0,0,0,2013,28.0,0.0,0,0,1,0,0,1,1,0,0,0,0,0,1,0
0,2,0,0,4,2013,30.0,0.3333333333333333,0,0,0,0,0,1,0,0,1,0,0,1,0,0
0,1,0,0,0,2013,36.0,0.0,0,0,1,0,0,1,1,0,0,0,1,0,0,1
0,3,0,0,1,2013,23.0,0.2,0,0,0,1,0,1,1,0,0,0,0,1,0,0
0,3,0,0,5,2013,49.0,0.16129032258064516,0,0,0,0,0,1,0,0,0,0,1,0,0,1
0,7,0,0,2,2014,21.0,0.6666666666666666,0,0,0,0,0,0,1,0,0,1,0,0,1,0
0,1,0,0,0,2014,48.0,0.0,0,0,1,0,0,1,0,0,1,0,0,0,1,0
0,1,0,0,1,2013,56.0,0.02631578947368421,0,0,0,0,0,1,0,0,0,0,1,0,1,0
0,4,0,0,3,2013,31.0,0.23076923076923078,0,0,0,0,0,1,1,0,0,0,1,0,1,0
0,1,0,0,1,2014,30.0,0.08333333333333333,0,0,0,0,0,1,0,0,1,0,0,0,1,0
0,1,0,0,0,2014,27.0,0.0,0,0,1,0,0,1,1,0,0,0,0,1,0,0
0,1,0,0,0,2013,25.0,0.0,0,0,1,0,0,1,1,0,0,0,1,1,0,0
0,3,0,0,5,2013,36.0,0.2777777777777778,0,0,0,0,0,1,0,0,0,1,0,0,1,0
0,3,0,0,0,2013,22.0,0.0,0,0,1,1,0,1,0,0,0,0,1,1,0,0
1,7,0,0,8,2013,35.0,0.47058823529411764,1,1,0,0,0,1,1,0,1,0,0,1,0,0
0,2,0,0,7,2013,50.0,0.21875,0,0,0,0,0,1,0,0,1,0,0,0,1,0
0,2,0,0,3,2013,54.0,0.08333333333333333,0,0,0,0,0,1,1,0,0,0,1,1,0,0
0,6,0,0,7,2013,43.0,0.28,0,0,0,0,0,1,0,0,0,1,0,0,1,0
0,1,0,0,5,2013,36.0,0.2777777777777778,0,0,0,0,0,1,0,0,0,0,1,0,1,0
0,5,0,0,3,2013,44.0,0.11538461538461539,0,0,0,0,0,1,1,0,0,1,0,0,1,0
0,1,0,0,0,2013,29.0,0.0,0,0,1,0,0,1,0,0,0,1,0,0,1,0
0,7,1,0,27,2013,31.0,2.076923076923077,1,1,0,0,0,1,1,0,0,0,1,1,0,0
0,6,0,0,5,2013,40.0,0.22727272727272727,0,0,0,0,0,1,0,0,0,0,1,1,0,0
0,1,0,0,0,2014,33.0,0.0,0,0,1,0,0,0,1,0,0,0,1,1,0,0
0,10,0,0,0,2014,18.0,0.0,0,0,1,1,0,1,0,0,0,1,0,0,1,0
0,10,0,0,2,2014,30.0,0.16666666666666666,0,0,0,0,0,0,0,1,0,0,0,0,1,0
0,5,0,1,0,2013,18.0,0.0,1,1,1,1,0,1,1,0,1,0,0,0,1,0
0,2,0,0,0,2014,22.0,0.0,0,0,1,1,0,1,1,0,0,0,0,1,0,0
0,9,0,0,1,2013,21.0,0.3333333333333333,0,0,0,1,0,1,1,0,1,0,0,1,0,0
0,3,0,0,0,2013,23.0,0.0,0,0,1,1,0,1,1,0,1,0,0,1,0,0
0,2,0,0,8,2013,49.0,0.25806451612903225,0,0,0,0,0,1,0,0,1,0,0,0,1,0
0,2,0,0,1,2013,24.0,0.16666666666666666,0,0,0,1,0,1,1,0,0,0,1,1,0,0
0,5,0,0,0,2013,25.0,0.0,0,0,1,0,0,0,1,0,0,0,1,0,1,0
0,1,0,0,0,2014,54.0,0.0,0,0,1,0,0,1,0,0,0,1,0,0,1,0
0,9,0,0,16,2014,50.0,0.5,0,0,0,0,0,1,0,1,0,0,0,0,1,0
0,1,0,0,3,2013,34.0,0.1875,0,0,0,0,0,1,0,0,1,0,0,1,0,0
0,1,0,0,0,2013,42.0,0.0,0,0,1,0,0,1,1,0,1,0,0,1,0,0
0,6,0,0,3,2014,34.0,0.1875,0,0,0,0,0,0,0,0,1,0,0,0,1,0
0,2,0,0,0,2013,26.0,0.0,0,0,1,0,0,0,0,0,0,1,0,1,0,0
0,3,0,0,0,2013,18.0,0.0,0,0,1,1,0,1,0,0,1,0,0,0,0,1
0,2,2,1,3,2014,18.0,3.0,3,1,0,1,0,1,1,0,0,0,1,0,0,0
0,8,1,0,11,2013,24.0,1.8333333333333333,1,1,0,1,1,1,0,0,0,0,1,1,0,0
1,8,0,1,11,2013,25.0,1.5714285714285714,2,1,0,0,0,1,0,1,0,0,0,1,0,0
0,1,0,0,4,2013,35.0,0.23529411764705882,0,0,0,0,0,1,1,0,1,0,0,1,0,0
0,1,0,0,0,2013,27.0,0.0,0,0,1,0,0,1,0,0,0,0,1,0,0,0
0,9,0,0,1,2014,18.0,1.0,0,0,0,0,0,0,0,0,0,1,0,1,0,0
0,1,0,0,1,2013,35.0,0.058823529411764705,0,0,0,0,0,0,0,1,0,0,0,0,1,0
0,1,0,0,0,2013,31.0,0.0,0,0,1,0,0,1,1,0,0,0,1,1,0,0
0,8,0,0,7,2014,35.0,0.4117647058823529,0,0,0,0,0,1,0,0,0,1,0,0,1,0
0,8,0,1,1,2013,18.0,1.0,1,1,0,1,0,1,0,0,1,0,0,1,0,0
0,9,0,0,0,2013,18.0,0.0,0,0,1,1,0,1,0,0,0,0,1,1,0,0
0,4,0,0,3,2013,35.0,0.17647058823529413,0,0,0,0,0,0,0,0,1,0,0,0,1,0
0,4,0,0,1,2014,45.0,0.037037037037037035,0,0,0,0,0,1,1,0,0,0,1,1,0,0
0,2,0,0,3,2013,53.0,0.08571428571428572,0,0,0,0,0,1,0,0,0,0,1,0,1,0
0,7,0,0,2,2013,24.0,0.3333333333333333,0,0,0,1,0,1,0,0,1,0,0,1,0,0
0,8,0,0,0,2013,20.0,0.0,0,0,1,1,0,1,1,0,0,0,0,1,0,0
0,1,0,0,0,2013,54.0,0.0,0,0,1,0,0,1,0,0,0,0,1,0,1,0
0,7,1,0,9,2014,23.0,1.8,1,1,0,1,0,1,0,0,1,0,0,1,0,0
0,10,0,0,2,2013,20.0,1.0,0,0,0,0,0,0,0,0,0,0,1,1,0,0
0,10,0,0,8,2014,31.0,0.6153846153846154,0,0,0,0,0,1,0,0,1,0,0,1,0,0
0,5,0,0,2,2013,33.0,0.13333333333333333,0,0,0,0,0,0,1,0,1,0,0,1,0,0
0,5,0,0,5,2011,36.0,0.2777777777777778,0,0,0,0,0,1,1,0,0,0,0,1,0,0
0,1,0,0,0,2013,36.0,0.0,0,0,1,0,0,0,0,0,0,1,0,0,0,0
0,6,0,0,1,2013,18.0,1.0,0,0,0,1,0,1,0,0,1,0,0,1,0,0
0,4,0,0,2,2013,28.0,0.2,0,0,0,0,0,1,1,0,1,0,0,1,0,0
0,1,0,0,0,2013,34.0,0.0,0,0,1,0,0,1,1,0,0,0,1,0,1,0
0,2,0,0,0,2013,24.0,0.0,0,0,1,1,0,1,0,0,0,1,0,1,0,0
0,4,0,0,2,2014,20.0,1.0,0,0,0,1,0,1,0,1,0,0,0,1,0,0
0,1,0,0,2,2013,57.0,0.05128205128205128,0,0,0,0,0,1,0,1,0,0,0,0,1,0
0,9,0,0,0,2014,32.0,0.0,0,0,1,0,0,0,0,1,0,0,0,1,0,0
0,3,0,0,2,2013,40.0,0.09090909090909091,0,0,0,0,0,0,0,1,0,0,0,1,0,0
0,4,0,0,5,2014,23.0,1.0,0,0,0,1,0,1,0,0,1,0,0,0,1,0
0,5,0,0,3,2014,21.0,1.0,0,0,0,1,0,1,0,0,0,1,0,1,0,0
0,2,0,0,3,2013,40.0,0.13636363636363635,0,0,0,0,0,0,1,0,1,0,0,0,1,0
0,1,0,0,9,2014,55.0,0.24324324324324326,0,0,0,0,0,1,1,0,0,0,1,0,1,0
0,8,0,0,1,2014,18.0,1.0,0,0,0,0,0,0,0,0,0,1,0,1,0,0
0,5,0,0,2,2013,46.0,0.07142857142857142,0,0,0,0,0,1,1,0,1,0,0,1,0,0
0,2,0,0,1,2013,51.0,0.030303030303030304,0,0,0,0,0,0,1,0,0,0,0,0,1,0
0,10,0,0,1,2014,18.0,1.0,0,0,0,1,0,1,0,0,0,1,0,1,0,0
0,4,0,0,3,2013,33.0,0.2,0,0,0,0,0,1,1,0,1,0,0,0,0,0
0,6,0,0,3,2014,35.0,0.17647058823529413,0,0,0,0,0,0,0,0,1,0,0,1,0,0
0,4,0,0,0,2013,53.0,0.0,0,0,1,0,0,1,1,0,1,0,0,1,0,0
1,9,0,0,2,2013,22.0,0.5,1,1,0,1,0,1,0,1,0,0,0,1,0,0
0,3,0,0,1,2013,40.0,0.045454545454545456,0,0,0,0,0,0,0,0,1,0,0,0,1,0
0,6,0,0,4,2014,46.0,0.14285714285714285,0,0,0,0,0,1,0,0,0,1,0,1,0,0
1,10,0,0,21,2013,32.0,1.5,1,1,0,0,0,1,1,0,0,0,1,1,0,0
0,2,0,0,0,2013,25.0,0.0,0,0,1,0,0,1,0,0,0,0,0,0,1,0
0,3,0,0,1,2013,30.0,0.08333333333333333,0,0,0,0,0,1,0,0,0,1,0,0,1,0
0,1,0,0,2,2014,29.0,0.18181818181818182,0,0,0,0,0,0,0,0,0,1,0,0,1,0
0,9,0,0,4,2014,22.0,1.0,0,0,0,0,0,0,0,1,0,0,0,1,0,0
0,4,0,0,0,2013,22.0,0.0,0,0,1,0,0,0,0,1,0,0,0,0,1,0
0,2,0,1,4,2014,30.0,0.3333333333333333,1,1,0,0,0,0,0,0,1,0,0,0,1,0
0,9,0,0,20,2013,34.0,1.25,0,0,0,0,0,1,0,0,0,0,0,1,0,0
0,3,0,0,1,2013,21.0,0.3333333333333333,0,0,0,1,0,1,0,0,0,0,1,1,0,0
0,1,0,0,0,2014,46.0,0.0,0,0,1,0,0,1,1,0,0,0,1,1,0,0
0,2,0,0,1,2013,32.0,0.07142857142857142,0,0,0,0,0,1,0,1,0,0,0,1,0,0
0,4,0,0,1,2013,18.0,1.0,0,0,0,1,0,1,0,0,1,0,0,1,0,0
0,10,0,0,0,2013,18.0,0.0,0,0,1,0,0,0,0,0,0,1,0,1,0,0
0,2,0,0,0,2014,26.0,0.0,0,0,1,0,0,0,0,0,0,1,0,0,1,0
0,2,0,0,0,2014,20.0,0.0,0,0,1,1,0,1,0,0,1,0,0,1,0,0
0,5,0,0,4,2013,25.0,0.5714285714285714,0,0,0,0,0,1,0,0,1,0,0,1,0,0
0,2,0,0,0,2013,23.0,0.0,0,0,1,1,0,1,1,0,0,0,0,1,0,0
0,2,0,0,0,2014,21.0,0.0,0,0,1,1,0,1,1,0,0,0,1,0,0,0
0,2,0,0,0,2013,31.0,0.0,0,0,1,0,0,1,0,1,0,0,0,0,1,0
0,9,0,0,3,2013,19.0,3.0,0,0,0,1,1,1,0,0,0,0,1,1,0,0
0,5,0,0,5,2013,27.0,0.5555555555555556,0,0,0,0,0,1,0,0,1,0,0,0,0,0
0,2,0,0,5,2014,42.0,0.20833333333333334,0,0,0,0,0,1,0,0,1,0,0,0,1,0
0,2,0,0,1,2013,55.0,0.02702702702702703,0,0,0,0,0,1,0,0,0,0,1,0,1,0
0,8,0,1,0,2013,19.0,0.0,1,1,1,1,0,1,0,0,1,0,0,1,0,0
0,8,0,0,7,2014,22.0,1.75,0,0,0,1,1,1,0,0,0,0,1,1,0,0
0,4,0,0,0,2013,18.0,0.0,0,0,1,1,0,1,0,1,0,0,0,0,1,0
0,1,0,0,1,2013,50.0,0.03125,0,0,0,0,0,1,1,0,0,1,0,0,0,1
0,3,0,0,13,2013,57.0,0.3333333333333333,0,0,0,0,0,1,0,1,0,0,0,1,0,0
0,5,0,0,2,2014,20.0,1.0,0,0,0,0,0,0,0,0,0,0,1,1,0,0
0,1,0,0,0,2013,40.0,0.0,0,0,1,0,0,1,1,0,0,0,1,0,0,1
0,4,0,0,7,2013,69.0,0.13725490196078433,0,0,0,0,0,1,0,0,0,0,1,0,1,0
0,5,0,0,3,2014,31.0,0.23076923076923078,0,0,0,0,0,1,0,1,0,0,0,1,0,0
0,4,0,0,1,2013,21.0,0.3333333333333333,0,0,0,1,0,1,0,0,0,1,0,1,0,0
0,1,0,0,0,2013,57.0,0.0,0,0,1,0,0,1,0,0,1,0,0,1,0,0
0,5,0,0,3,2014,22.0,0.75,0,0,0,1,0,1,0,0,0,0,1,0,1,0
0,4,0,0,1,2013,27.0,0.1111111111111111,0,0,0,0,0,1,1,0,0,0,1,1,0,0
0,6,0,0,0,2013,40.0,0.0,0,0,1,0,0,0,1,0,0,0,1,0,1,0
0,1,0,0,1,2013,45.0,0.037037037037037035,0,0,0,0,0,1,1,0,0,0,1,0,0,1
0,1,0,0,0,2013,51.0,0.0,0,0,1,0,0,1,1,0,0,0,1,0,0,0
0,1,0,0,1,2013,43.0,0.04,0,0,0,0,0,1,1,0,0,0,1,1,0,0
0,4,0,0,0,2013,33.0,0.0,0,0,1,0,0,1,0,0,0,0,0,0,0,0
0,1,0,0,1,2013,28.0,0.1,0,0,0,0,0,1,1,0,0,0,0,0,1,0
0,1,0,0,0,2013,37.0,0.0,0,0,1,0,0,1,1,0,0,0,1,1,0,0
0,1,0,0,1,2013,47.0,0.034482758620689655,0,0,0,0,0,1,0,0,1,0,0,0,1,0
0,6,0,0,1,2009,20.0,0.5,0,0,0,0,0,0,1,0,1,0,0,0,0,0
0,4,0,0,7,2013,39.0,0.3333333333333333,0,0,0,0,0,1,0,0,1,0,0,1,0,0
0,6,0,1,5,2013,31.0,0.38461538461538464,1,1,0,0,0,1,0,0,1,0,0,0,1,0
0,6,0,0,0,2013,25.0,0.0,0,0,1,0,0,0,0,1,0,0,0,0,1,0
0,9,0,2,2,2013,20.0,1.0,2,1,0,1,0,1,0,0,1,0,0,0,1,0
0,1,0,0,0,2014,35.0,0.0,0,0,1,0,0,0,1,0,0,0,1,0,0,1
0,2,0,0,5,2013,32.0,0.35714285714285715,0,0,0,0,0,1,1,0,0,0,0,0,0,1
0,6,0,1,1,2014,19.0,1.0,1,1,0,1,0,1,0,0,0,1,0,0,1,0
0,8,1,0,2,2013,19.0,2.0,1,1,0,0,0,0,1,0,0,0,1,1,0,0
0,8,0,0,6,2013,26.0,0.75,0,0,0,0,0,1,0,1,0,0,0,1,0,0
0,2,0,0,0,2013,27.0,0.0,0,0,1,0,0,0,1,0,0,0,1,1,0,0
0,3,0,0,3,2013,42.0,0.125,0,0,0,0,0,1,1,0,0,0,1,0,1,0
0,4,0,0,2,2013,21.0,0.6666666666666666,0,0,0,0,0,0,0,0,1,0,0,1,0,0
0,8,0,0,4,2013,28.0,0.4,0,0,0,0,0,1,0,0,0,0,1,0,1,0
0,1,0,0,0,2013,54.0,0.0,0,0,1,0,0,1,1,0,0,0,1,0,1,0
0,10,4,0,14,2013,21.0,4.666666666666667,4,1,0,1,0,1,0,0,0,1,0,1,0,0
0,6,0,0,11,2013,35.0,0.6470588235294118,0,0,0,0,0,1,0,0,1,0,0,1,0,0
0,9,0,0,22,2013,48.0,0.7333333333333333,0,0,0,0,0,1,0,0,1,0,0,1,0,0
0,3,0,0,0,2013,19.0,0.0,0,0,1,1,0,1,0,0,0,0,1,0,1,0
0,8,0,0,5,2013,25.0,0.7142857142857143,0,0,0,0,0,1,1,0,1,0,0,1,0,0
0,8,0,1,19,2013,44.0,0.7307692307692307,1,1,0,0,0,1,0,1,0,0,0,1,0,0
0,4,0,0,0,2013,49.0,0.0,0,0,1,0,0,1,1,0,1,0,0,1,0,0
0,3,0,0,1,2013,22.0,0.25,0,0,0,1,0,1,1,0,0,0,1,0,1,0
0,1,0,0,1,2013,50.0,0.03125,0,0,0,0,0,1,0,0,0,0,0,0,0,1
0,1,0,0,0,2013,28.0,0.0,0,0,1,0,0,1,0,0,0,1,0,1,0,0
0,6,0,0,0,2013,30.0,0.0,0,0,1,0,0,1,0,1,0,0,0,0,1,0
0,4,0,0,5,2013,32.0,0.35714285714285715,0,0,0,0,0,1,0,0,1,0,0,1,0,0
0,2,0,0,0,2013,31.0,0.0,0,0,1,0,0,0,0,0,1,0,0,1,0,0
0,1,0,0,1,2013,57.0,0.02564102564102564,0,0,0,0,0,1,1,0,0,0,1,0,0,0
0,7,0,0,1,2013,30.0,0.08333333333333333,0,0,0,0,0,0,0,0,1,0,0,0,1,0
0,7,0,0,2,2013,24.0,0.3333333333333333,0,0,0,1,0,1,0,0,1,0,0,1,0,0
0,7,0,0,9,2013,27.0,1.0,0,0,0,0,0,0,0,0,1,0,0,1,0,0
0,10,0,3,3,2013,22.0,0.75,3,1,0,1,0,1,0,0,0,0,1,1,0,0
0,9,0,0,5,2013,40.0,0.22727272727272727,0,0,0,0,0,1,0,0,1,0,0,1,0,0
0,7,0,0,11,2014,35.0,0.6470588235294118,0,0,0,0,0,1,1,0,0,0,1,1,0,0
0,7,0,0,13,2013,50.0,0.40625,0,0,0,0,0,1,0,1,0,0,0,1,0,0
0,8,0,0,4,2014,24.0,0.6666666666666666,0,0,0,1,0,1,0,0,1,0,0,1,0,0
0,3,0,0,1,2013,27.0,0.1111111111111111,0,0,0,0,0,0,1,0,0,1,0,0,1,0
0,7,0,0,6,2013,24.0,1.0,0,0,0,1,0,1,0,0,1,0,0,1,0,0
0,5,0,0,9,2013,36.0,0.5,0,0,0,0,0,1,0,1,0,0,0,0,1,0
0,4,0,0,4,2013,34.0,0.25,0,0,0,0,0,1,1,0,0,0,1,0,1,0
0,10,0,0,3,2014,20.0,1.5,0,0,0,1,0,1,1,0,0,0,1,0,1,0
0,6,0,0,0,2013,22.0,0.0,0,0,1,1,0,1,0,1,0,0,0,0,1,0
0,5,0,0,1,2013,23.0,0.2,0,0,0,1,0,1,0,0,1,0,0,0,0,1
0,6,0,0,0,2013,24.0,0.0,0,0,1,0,0,0,1,0,1,0,0,0,1,0
0,5,0,0,0,2014,23.0,0.0,0,0,1,1,0,1,1,0,0,0,1,1,0,0
0,1,0,0,1,2013,55.0,0.02702702702702703,0,0,0,0,0,1,0,0,1,0,0,0,1,0
0,5,0,0,1,2014,27.0,0.1111111111111111,0,0,0,0,0,0,1,0,0,0,0,0,1,0
0,5,0,0,8,2014,30.0,0.6666666666666666,0,0,0,0,0,1,0,0,0,0,1,1,0,0
0,1,0,0,0,2014,36.0,0.0,0,0,1,0,0,1,0,0,1,0,0,1,0,0
0,3,0,0,2,2013,36.0,0.1111111111111111,0,0,0,0,0,1,0,1,0,0,0,0,1,0
0,6,0,0,22,2013,56.0,0.5789473684210527,0,0,0,0,0,1,0,0,0,1,0,1,0,0
0,5,0,0,4,2013,25.0,0.5714285714285714,0,0,0,0,0,1,1,0,0,0,1,0,0,0
0,2,0,0,0,2014,51.0,0.0,0,0,1,0,0,1,1,0,0,0,1,0,1,0
0,8,0,0,2,2014,31.0,0.15384615384615385,0,0,0,0,0,1,0,0,0,0,1,1,0,0
0,1,0,0,1,2014,56.0,0.02631578947368421,0,0,0,0,0,1,1,0,0,0,1,0,1,0
0,4,0,0,2,2013,50.0,0.0625,0,0,0,0,0,1,0,0,1,0,0,0,1,0
0,6,0,0,0,2014,30.0,0.0,0,0,1,0,0,1,1,0,0,1,0,0,1,0
0,8,0,0,6,2014,33.0,0.4,0,0,0,0,0,1,0,0,1,0,0,1,0,0
0,1,0,0,1,2013,37.0,0.05263157894736842,0,0,0,0,0,1,0,0,1,0,0,0,1,0
0,9,0,0,1,2013,33.0,0.06666666666666667,0,0,0,0,0,1,1,0,1,0,0,0,0,1
0,4,0,0,5,2013,39.0,0.23809523809523808,0,0,0,0,0,0,1,0,1,0,0,0,1,0
0,2,0,0,0,2013,34.0,0.0,0,0,1,0,0,1,1,0,1,0,0,1,0,0
0,1,0,0,0,2013,36.0,0.0,0,0,1,0,0,1,0,0,1,0,0,0,1,0
0,1,0,0,3,2013,50.0,0.09375,0,0,0,0,0,0,1,0,0,0,0,0,1,0
0,1,0,0,1,2014,58.0,0.025,0,0,0,0,0,1,1,0,0,0,1,0,0,0
0,1,0,0,2,2013,34.0,0.125,0,0,0,0,0,1,1,0,0,0,1,0,0,1
0,1,0,0,4,2013,39.0,0.19047619047619047,0,0,0,0,0,1,0,0,0,1,0,0,1,0
0,6,0,0,6,2013,20.0,3.0,0,0,0,1,0,1,0,1,0,0,0,1,0,0
0,1,0,0,0,2014,41.0,0.0,0,0,1,0,0,0,1,0,0,0,0,1,0,0
0,4,0,0,5,2013,26.0,0.625,0,0,0,0,0,1,0,1,0,0,0,1,0,0
0,5,0,0,12,2013,35.0,0.7058823529411765,0,0,0,0,0,1,0,0,0,1,0,0,1,0
0,2,0,0,2,2014,40.0,0.09090909090909091,0,0,0,0,0,0,0,0,0,1,0,1,0,0
0,5,0,0,0,2013,39.0,0.0,0,0,1,0,0,1,0,0,0,0,1,1,0,0
0,3,0,0,0,2014,23.0,0.0,0,0,1,0,0,0,1,0,0,0,1,0,1,0
0,9,0,0,7,2013,29.0,0.6363636363636364,0,0,0,0,0,1,0,0,0,1,0,1,0,0
0,6,0,0,0,2013,18.0,0.0,0,0,1,1,0,1,0,0,1,0,0,1,0,0
0,5,0,0,1,2013,32.0,0.07142857142857142,0,0,0,0,0,0,1,0,0,0,1,0,1,0
0,5,0,0,0,2013,34.0,0.0,0,0,1,0,0,1,0,0,0,1,0,0,1,0
0,2,0,0,2,2013,30.0,0.16666666666666666,0,0,0,0,0,0,0,0,1,0,0,1,0,0
0,3,0,0,4,2013,48.0,0.13333333333333333,0,0,0,0,0,0,0,0,1,0,0,0,1,0
0,4,0,0,3,2013,36.0,0.16666666666666666,0,0,0,0,0,1,0,1,0,0,0,0,1,0
0,6,0,0,5,2013,32.0,0.35714285714285715,0,0,0,0,0,1,1,0,1,0,0,0,0,1
0,7,0,0,3,2013,37.0,0.15789473684210525,0,0,0,0,0,1,0,0,0,0,1,1,0,0
0,8,0,0,17,2014,30.0,1.4166666666666667,0,0,0,0,0,1,0,1,0,0,0,1,0,0
0,6,0,0,3,2013,29.0,0.2727272727272727,0,0,0,0,0,1,0,0,1,0,0,0,1,0
0,1,0,0,0,2013,34.0,0.0,0,0,1,0,0,1,1,0,0,0,1,0,0,0
0,6,0,0,10,2014,31.0,0.7692307692307693,0,0,0,0,0,1,0,0,0,0,0,1,0,0
0,3,0,0,5,2013,45.0,0.18518518518518517,0,0,0,0,0,1,1,0,1,0,0,0,1,0
0,7,0,0,0,2013,19.0,0.0,0,0,1,0,0,0,1,0,1,0,0,0,1,0
0,4,0,0,10,2013,60.0,0.23809523809523808,0,0,0,0,0,1,0,0,1,0,0,0,1,0
0,9,1,0,16,2013,35.0,0.9411764705882353,1,1,0,0,0,1,0,1,0,0,0,1,0,0
0,5,0,0,6,2013,29.0,0.5454545454545454,0,0,0,0,0,1,1,0,0,0,1,1,0,0
0,8,0,0,4,2013,28.0,0.4,0,0,0,0,0,1,0,0,1,0,0,1,0,0
0,3,0,0,0,2013,20.0,0.0,0,0,1,1,0,1,0,0,1,0,0,1,0,0
0,5,0,0,1,2013,35.0,0.058823529411764705,0,0,0,0,0,1,1,0,0,0,0,0,0,1
0,1,0,0,0,2013,45.0,0.0,0,0,1,0,0,0,1,0,0,0,1,0,1,0
0,8,0,0,1,2014,31.0,0.07692307692307693,0,0,0,0,0,1,0,0,1,0,0,0,1,0
0,4,0,0,1,2013,20.0,0.5,0,0,0,1,0,1,0,0,0,1,0,0,1,0
0,1,0,0,0,2013,37.0,0.0,0,0,1,0,0,1,1,0,0,0,1,0,1,0
10,7,0,0,14,2013,33.0,0.9333333333333333,10,1,0,0,0,1,0,0,0,1,0,1,0,0
0,1,0,0,0,2013,62.0,0.0,0,0,1,0,0,0,1,0,0,0,0,0,1,0
0,3,0,0,0,2013,20.0,0.0,0,0,1,0,0,0,1,0,0,0,1,1,0,0
0,1,0,0,0,2013,31.0,0.0,0,0,1,0,0,1,1,0,0,0,0,0,0,1
0,1,0,0,0,2013,35.0,0.0,0,0,1,0,0,0,0,0,0,0,0,0,0,1
0,3,0,0,4,2013,22.0,1.0,0,0,0,0,0,0,0,1,0,0,0,0,1,0
0,4,0,0,0,2014,18.0,0.0,0,0,1,1,0,1,1,0,0,0,1,0,0,1
0,1,0,0,0,2013,46.0,0.0,0,0,1,0,0,1,0,0,1,0,0,0,0,1
0,9,0,0,2,2013,49.0,0.06451612903225806,0,0,0,0,0,1,0,0,0,1,0,0,1,0
0,2,0,0,2,2013,22.0,0.5,0,0,0,1,0,1,1,0,0,0,1,0,0,0
0,1,0,0,5,2014,32.0,0.35714285714285715,0,0,0,0,0,1,0,0,0,0,1,1,0,0
0,1,0,0,1,2014,31.0,0.07692307692307693,0,0,0,0,0,1,1,0,0,0,1,1,0,0
0,7,1,2,1,2014,18.0,1.0,3,1,0,1,0,1,0,0,1,0,0,1,0,0
0,4,0,0,9,2013,44.0,0.34615384615384615,0,0,0,0,0,1,0,0,1,0,0,1,0,0
0,4,0,0,1,2013,54.0,0.027777777777777776,0,0,0,0,0,1,1,0,0,0,0,0,1,0
0,3,0,1,2,2013,19.0,2.0,1,1,0,1,0,1,0,1,0,0,0,1,0,0
0,1,0,0,1,2014,46.0,0.03571428571428571,0,0,0,0,0,0,1,0,0,0,0,0,1,0
0,5,0,0,21,2013,37.0,1.105263157894737,0,0,0,0,1,1,0,0,0,0,1,1,0,0
0,2,0,0,1,2013,27.0,0.1111111111111111,0,0,0,0,0,0,0,0,1,0,0,1,0,0
0,7,1,0,4,2013,18.0,4.0,1,1,0,1,0,1,1,0,0,0,1,0,1,0
0,10,2,0,22,2014,37.0,1.1578947368421053,2,1,0,0,0,0,0,1,0,0,0,1,0,0
0,6,0,0,0,2013,30.0,0.0,0,0,1,0,0,0,1,0,1,0,0,0,1,0
0,3,0,0,0,2013,21.0,0.0,0,0,1,1,0,1,0,0,0,0,1,1,0,0
0,1,0,0,0,2013,40.0,0.0,0,0,1,0,0,1,0,0,1,0,0,1,0,0
0,1,0,0,0,2013,42.0,0.0,0,0,1,0,0,0,1,0,0,0,1,0,1,0
0,3,0,0,3,2013,49.0,0.0967741935483871,0,0,0,0,0,1,0,0,1,0,0,1,0,0
0,7,0,0,9,2014,29.0,0.8181818181818182,0,0,0,0,0,1,1,0,0,0,1,1,0,0
0,2,0,0,0,2013,24.0,0.0,0,0,1,1,0,1,1,0,0,0,1,0,1,0
0,2,0,0,1,2014,30.0,0.08333333333333333,0,0,0,0,0,1,0,0,1,0,0,1,0,0
0,1,0,0,0,2013,47.0,0.0,0,0,1,0,0,1,1,0,0,0,0,0,1,0
0,3,0,0,2,2013,27.0,0.2222222222222222,0,0,0,0,0,1,0,0,0,1,0,1,0,0
0,6,1,0,2,2014,21.0,0.6666666666666666,1,1,0,1,0,1,0,0,0,0,1,1,0,0
0,3,0,0,6,2013,27.0,0.6666666666666666,0,0,0,0,0,1,1,0,0,0,1,0,0,0
0,4,0,0,0,2013,27.0,0.0,0,0,1,0,0,1,1,0,0,0,0,0,1,0
0,4,0,0,13,2014,33.0,0.8666666666666667,0,0,0,0,0,1,0,1,0,0,0,1,0,0
0,6,0,0,4,2013,31.0,0.3076923076923077,0,0,0,0,0,1,0,0,0,0,0,1,0,0
0,2,0,0,1,2013,26.0,0.125,0,0,0,0,0,1,1,0,0,0,1,1,0,0
0,8,0,0,1,2013,26.0,0.125,0,0,0,0,0,1,0,0,1,0,0,1,0,0
0,1,0,0,0,2014,36.0,0.0,0,0,1,0,0,1,1,0,0,0,0,0,1,0
0,3,0,0,0,2014,35.0,0.0,0,0,1,0,0,1,0,0,0,0,1,0,1,0
0,1,0,0,0,2013,31.0,0.0,0,0,1,0,0,0,1,0,0,0,0,0,1,0
0,2,0,0,0,2013,27.0,0.0,0,0,1,0,0,1,0,0,0,0,1,0,0,1
1,9,0,1,19,2013,48.0,0.6333333333333333,2,1,0,0,0,1,0,0,0,1,0,1,0,0
0,5,0,0,7,2013,62.0,0.1590909090909091,0,0,0,0,0,1,1,0,1,0,0,1,0,0
0,1,0,0,1,2013,30.0,0.08333333333333333,0,0,0,0,0,0,1,0,0,0,1,1,0,0
0,7,0,0,5,2013,35.0,0.29411764705882354,0,0,0,0,0,1,0,0,0,1,0,0,1,0
0,4,0,0,1,2013,32.0,0.07142857142857142,0,0,0,0,0,1,0,0,1,0,0,1,0,0
0,1,0,0,1,2013,54.0,0.027777777777777776,0,0,0,0,0,1,0,0,0,0,1,0,1,0
0,3,0,0,1,2013,22.0,0.25,0,0,0,1,0,1,0,0,1,0,0,0,1,0
2,6,0,0,4,2014,34.0,0.25,2,1,0,0,0,0,1,0,0,0,1,1,0,0
0,4,0,0,2,2013,30.0,0.16666666666666666,0,0,0,0,0,0,0,0,1,0,0,0,0,1
0,5,0,0,3,2014,33.0,0.2,0,0,0,0,0,1,0,1,0,0,0,0,1,0
0,1,0,0,0,2013,31.0,0.0,0,0,1,0,0,1,0,0,0,1,0,1,0,0
0,1,0,0,0,2013,44.0,0.0,0,0,1,0,0,1,1,0,0,0,1,0,1,0
0,1,0,0,0,2013,51.0,0.0,0,0,1,0,0,0,1,0,0,0,1,0,0,1
0,4,0,0,1,2014,33.0,0.06666666666666667,0,0,0,0,0,1,1,0,0,0,1,0,1,0
0,3,0,0,1,2014,34.0,0.0625,0,0,0,0,0,0,0,1,0,0,0,1,0,0
0,3,0,0,0,2013,22.0,0.0,0,0,1,0,0,0,1,0,0,0,1,0,1,0
0,6,0,0,10,2013,49.0,0.3225806451612903,0,0,0,0,0,1,0,0,0,0,1,0,0,1
0,3,0,0,6,2014,49.0,0.1935483870967742,0,0,0,0,0,1,0,1,0,0,0,0,1,0
0,8,0,4,8,2014,23.0,1.6,4,1,0,1,0,1,0,0,0,1,0,1,0,0
0,2,0,0,0,2014,30.0,0.0,0,0,1,0,0,1,0,1,0,0,0,0,1,0
0,7,0,0,8,2013,40.0,0.36363636363636365,0,0,0,0,0,1,0,0,0,1,0,1,0,0
1,7,0,1,20,2013,42.0,0.8333333333333334,2,1,0,0,0,1,1,0,1,0,0,1,0,0
0,5,0,0,10,2014,40.0,0.45454545454545453,0,0,0,0,0,1,1,0,0,0,0,1,0,0
0,7,0,0,1,2014,20.0,0.5,0,0,0,1,0,1,0,0,0,1,0,1,0,0
0,4,0,0,4,2013,47.0,0.13793103448275862,0,0,0,0,0,1,0,1,0,0,0,1,0,0
0,1,0,0,0,2014,41.0,0.0,0,0,1,0,0,1,0,1,0,0,0,1,0,0
0,8,0,0,0,2014,39.0,0.0,0,0,1,0,0,1,1,0,0,1,0,0,1,0
0,7,1,0,2,2013,22.0,0.5,1,1,0,1,0,1,0,0,0,0,1,1,0,0
0,5,0,0,0,2013,22.0,0.0,0,0,1,1,0,1,1,0,1,0,0,0,1,0
0,5,0,0,0,2013,20.0,0.0,0,0,1,1,0,1,0,0,0,0,1,1,0,0
0,7,0,0,2,2014,19.0,2.0,0,0,0,1,0,1,0,0,0,0,0,0,1,0
0,5,0,0,3,2014,29.0,0.2727272727272727,0,0,0,0,0,1,1,0,0,0,1,0,1,0
0,2,0,0,0,2013,26.0,0.0,0,0,1,0,0,0,1,0,0,0,1,1,0,0
0,9,0,0,11,2013,21.0,3.6666666666666665,0,0,0,1,0,1,0,0,0,1,0,1,0,0
0,1,0,0,0,2013,41.0,0.0,0,0,1,0,0,1,0,0,1,0,0,0,1,0
0,4,0,0,2,2014,21.0,0.6666666666666666,0,0,0,1,0,1,1,0,0,0,1,1,0,0
0,8,0,0,7,2013,36.0,0.3888888888888889,0,0,0,0,0,1,0,0,0,0,1,1,0,0
0,2,1,0,1,2014,22.0,0.25,1,1,0,1,0,1,0,0,0,1,0,1,0,0
0,1,0,0,1,2013,43.0,0.04,0,0,0,0,0,1,0,0,1,0,0,0,1,0
0,1,0,0,3,2013,44.0,0.11538461538461539,0,0,0,0,0,1,0,0,1,0,0,0,1,0
0,4,0,1,1,2013,19.0,1.0,1,1,0,1,0,1,1,0,1,0,0,1,0,0
0,2,0,0,0,2013,32.0,0.0,0,0,1,0,0,0,1,0,0,0,1,0,1,0
0,1,0,0,0,2013,30.0,0.0,0,0,1,0,0,1,1,0,0,0,0,0,1,0
0,10,0,1,16,2013,27.0,1.7777777777777777,1,1,0,0,0,1,0,0,1,0,0,1,0,0
0,2,0,0,3,2013,31.0,0.23076923076923078,0,0,0,0,0,1,1,0,0,0,1,0,0,1
0,6,0,0,0,2013,26.0,0.0,0,0,1,0,0,1,1,0,0,0,1,1,0,0
0,3,0,0,2,2014,23.0,0.4,0,0,0,0,0,0,1,0,1,0,0,0,1,0
0,6,0,0,16,2014,32.0,1.1428571428571428,0,0,0,0,1,1,0,0,0,0,1,0,1,0
0,1,0,0,1,2013,52.0,0.029411764705882353,0,0,0,0,0,0,0,0,1,0,0,1,0,0
0,4,0,0,0,2013,25.0,0.0,0,0,1,0,0,1,0,0,0,0,1,1,0,0
0,3,0,0,0,2013,23.0,0.0,0,0,1,1,0,1,1,0,1,0,0,1,0,0
2,9,2,1,19,2013,36.0,1.0555555555555556,5,1,0,0,0,1,0,0,0,0,0,1,0,0
0,7,0,0,1,2014,22.0,0.25,0,0,0,1,0,1,0,1,0,0,0,1,0,0
0,2,0,0,0,2013,26.0,0.0,0,0,1,0,0,1,1,0,0,0,1,0,1,0
0,1,0,0,13,2013,47.0,0.4482758620689655,0,0,0,0,0,1,0,0,0,1,0,1,0,0
0,5,0,0,2,2014,23.0,0.4,0,0,0,1,0,1,0,0,0,1,0,0,0,1
0,5,0,0,4,2014,29.0,0.36363636363636365,0,0,0,0,0,1,0,0,1,0,0,1,0,0
0,2,0,0,0,2013,28.0,0.0,0,0,1,0,0,1,1,0,0,0,1,0,0,0
1,6,0,0,2,2013,23.0,0.4,1,1,0,1,0,1,0,1,0,0,0,0,1,0
0,2,0,0,2,2013,51.0,0.06060606060606061,0,0,0,0,0,1,0,0,1,0,0,0,1,0
0,8,0,0,14,2014,31.0,1.0769230769230769,0,0,0,0,0,1,0,1,0,0,0,1,0,0
0,4,0,0,0,2014,20.0,0.0,0,0,1,1,0,1,1,0,0,0,1,1,0,0
0,9,1,0,8,2013,32.0,0.5714285714285714,1,1,0,0,0,1,0,0,0,0,0,1,0,0
0,7,0,0,4,2013,27.0,0.4444444444444444,0,0,0,0,0,0,0,0,1,0,0,0,0,0
0,2,0,0,0,2014,23.0,0.0,0,0,1,1,0,1,0,0,0,0,0,1,0,0
0,5,0,0,0,2013,22.0,0.0,0,0,1,1,0,1,0,0,1,0,0,1,0,0
0,2,0,0,0,2014,43.0,0.0,0,0,1,0,0,1,0,1,0,0,0,1,0,0
0,7,0,0,2,2013,27.0,0.2222222222222222,0,0,0,0,0,0,0,0,1,0,0,0,1,0
0,3,0,0,2,2014,44.0,0.07692307692307693,0,0,0,0,0,1,0,0,1,0,0,0,1,0
0,1,0,0,0,2013,50.0,0.0,0,0,1,0,0,1,1,0,0,0,1,0,1,0
0,7,0,0,2,2014,22.0,0.5,0,0,0,1,0,1,0,0,0,0,0,1,0,0
0,1,0,0,2,2013,50.0,0.0625,0,0,0,0,0,0,0,1,0,0,0,1,0,0
0,2,0,0,0,2014,25.0,0.0,0,0,1,0,0,1,1,0,0,0,1,1,0,0
0,1,0,0,0,2013,39.0,0.0,0,0,1,0,0,1,0,0,0,0,1,0,1,0
0,5,0,0,0,2013,18.0,0.0,0,0,1,0,0,0,0,0,0,1,0,1,0,0
0,4,0,0,1,2013,21.0,0.3333333333333333,0,0,0,1,0,1,0,1,0,0,0,0,1,0
0,2,0,0,0,2013,21.0,0.0,0,0,1,1,0,1,1,0,0,0,1,0,1,0
0,1,0,0,0,2013,39.0,0.0,0,0,1,0,0,1,0,0,0,0,0,1,0,0
5,8,0,0,5,2014,22.0,1.25,5,1,0,1,0,1,0,0,0,1,0,1,0,0
0,8,0,0,4,2014,25.0,0.5714285714285714,0,0,0,0,0,1,0,0,0,1,0,1,0,0
0,3,0,0,9,2013,47.0,0.3103448275862069,0,0,0,0,0,1,0,0,0,1,0,0,1,0
0,6,0,0,3,2014,30.0,0.25,0,0,0,0,0,0,1,0,0,0,1,1,0,0
0,9,0,0,13,2013,38.0,0.65,0,0,0,0,0,1,0,0,1,0,0,1,0,0
0,3,0,0,2,2013,24.0,0.3333333333333333,0,0,0,1,0,1,0,0,0,0,0,1,0,0
0,9,0,0,0,2013,20.0,0.0,0,0,1,1,0,1,0,1,0,0,0,0,1,0
0,9,0,0,22,2014,35.0,1.2941176470588236,0,0,0,0,0,1,1,0,1,0,0,1,0,0
0,4,0,0,1,2013,29.0,0.09090909090909091,0,0,0,0,0,1,1,0,0,0,0,1,0,0
0,3,0,0,4,2013,49.0,0.12903225806451613,0,0,0,0,0,1,1,0,1,0,0,0,1,0
0,2,0,0,2,2013,27.0,0.2222222222222222,0,0,0,0,0,1,0,0,0,0,1,0,1,0
0,1,0,0,0,2013,46.0,0.0,0,0,1,0,0,1,1,0,1,0,0,1,0,0
0,1,0,0,0,2014,48.0,0.0,0,0,1,0,0,1,0,0,1,0,0,0,1,0
0,2,0,0,2,2013,23.0,0.4,0,0,0,1,0,1,0,0,0,0,1,0,1,0
0,8,0,0,0,2014,32.0,0.0,0,0,1,0,0,0,0,0,1,0,0,0,1,0
0,7,0,0,1,2013,25.0,0.14285714285714285,0,0,0,0,0,0,0,0,1,0,0,0,1,0
0,3,0,0,0,2013,27.0,0.0,0,0,1,0,0,1,0,0,0,0,0,1,0,0
0,4,0,0,3,2014,21.0,1.0,0,0,0,1,0,1,0,0,0,1,0,1,0,0
0,2,0,0,0,2014,24.0,0.0,0,0,1,1,0,1,1,0,0,0,1,1,0,0
0,3,0,0,4,2014,23.0,0.8,0,0,0,1,0,1,1,0,0,0,1,1,0,0
0,1,0,0,2,2013,42.0,0.08333333333333333,0,0,0,0,0,1,0,1,0,0,0,0,1,0
0,7,0,0,1,2014,24.0,0.16666666666666666,0,0,0,1,0,1,0,0,1,0,0,0,1,0
0,1,0,0,2,2013,34.0,0.125,0,0,0,0,0,1,0,0,1,0,0,0,0,0
0,2,0,0,0,2014,22.0,0.0,0,0,1,1,0,1,1,0,0,0,1,0,0,1
0,1,0,0,2,2013,37.0,0.10526315789473684,0,0,0,0,0,1,1,0,1,0,0,0,1,0
0,2,0,0,0,2013,30.0,0.0,0,0,1,0,0,0,0,0,0,0,1,0,0,1
0,2,0,0,18,2013,50.0,0.5625,0,0,0,0,0,1,0,0,1,0,0,0,0,1
0,1,0,0,0,2014,53.0,0.0,0,0,1,0,0,1,1,0,1,0,0,0,0,1
0,9,0,0,6,2013,27.0,0.6666666666666666,0,0,0,0,0,1,0,0,0,0,1,0,0,0
0,7,0,0,1,2014,20.0,0.5,0,0,0,1,0,1,0,0,1,0,0,1,0,0
0,1,0,0,0,2013,53.0,0.0,0,0,1,0,0,1,1,0,0,0,1,0,1,0
0,3,0,0,1,2013,19.0,1.0,0,0,0,1,0,1,0,0,1,0,0,0,1,0
0,3,0,0,1,2013,20.0,0.5,0,0,0,0,0,0,0,0,1,0,0,1,0,0
0,4,0,0,9,2014,54.0,0.25,0,0,0,0,0,1,0,1,0,0,0,0,1,0
0,3,0,0,0,2013,31.0,0.0,0,0,1,0,0,1,1,0,1,0,0,0,1,0
0,1,0,0,2,2013,29.0,0.18181818181818182,0,0,0,0,0,1,0,0,0,0,1,0,1,0
0,2,0,0,3,2013,44.0,0.11538461538461539,0,0,0,0,0,1,0,0,1,0,0,0,1,0
0,1,0,0,6,2013,48.0,0.2,0,0,0,0,0,1,1,0,1,0,0,0,1,0
0,6,1,0,1,2013,19.0,1.0,1,1,0,1,0,1,0,0,0,1,0,1,0,0
0,1,0,0,2,2014,45.0,0.07407407407407407,0,0,0,0,0,1,0,0,1,0,0,0,1,0
0,1,0,0,1,2014,26.0,0.125,0,0,0,0,0,1,0,1,0,0,0,0,1,0
0,8,0,0,5,2013,25.0,0.7142857142857143,0,0,0,0,0,1,0,0,0,1,0,1,0,0
0,1,0,0,1,2014,43.0,0.04,0,0,0,0,0,0,1,0,0,0,1,0,1,0
0,4,0,0,0,2013,22.0,0.0,0,0,1,1,0,1,0,0,0,0,1,1,0,0
0,2,0,0,4,2014,32.0,0.2857142857142857,0,0,0,0,0,1,1,0,0,0,1,1,0,0
0,1,0,0,0,2013,61.0,0.0,0,0,1,0,0,1,1,0,0,0,0,0,1,0
0,6,0,0,5,2013,30.0,0.4166666666666667,0,0,0,0,0,1,0,0,0,0,0,0,1,0
0,3,0,0,0,2013,20.0,0.0,0,0,1,0,0,0,1,0,0,0,1,0,1,0
0,1,0,0,0,2014,42.0,0.0,0,0,1,0,0,0,1,0,0,0,1,0,1,0
0,3,0,0,1,2013,21.0,0.3333333333333333,0,0,0,1,0,1,1,0,0,0,1,1,0,0
0,2,0,0,1,2013,49.0,0.03225806451612903,0,0,0,0,0,1,1,0,0,0,1,0,1,0
0,8,0,0,0,2013,18.0,0.0,0,0,1,0,0,0,0,0,0,0,1,1,0,0
0,6,0,0,6,2013,36.0,0.3333333333333333,0,0,0,0,0,1,0,0,1,0,0,0,1,0
0,8,0,0,29,2014,27.0,3.2222222222222223,0,0,0,0,0,1,0,0,1,0,0,1,0,0
0,6,0,0,1,2013,22.0,0.25,0,0,0,1,0,1,0,0,0,0,1,0,1,0
0,5,0,0,0,2013,20.0,0.0,0,0,1,0,0,0,0,1,0,0,0,1,0,0
0,10,0,2,11,2014,30.0,0.9166666666666666,2,1,0,0,0,1,0,0,1,0,0,1,0,0
0,2,0,0,0,2013,33.0,0.0,0,0,1,0,0,0,1,0,0,1,0,1,0,0
0,1,0,0,0,2013,28.0,0.0,0,0,1,0,0,1,0,0,0,1,0,0,0,0
0,6,0,0,4,2013,37.0,0.21052631578947367,0,0,0,0,0,0,0,0,0,0,1,1,0,0
0,1,0,0,0,2013,48.0,0.0,0,0,1,0,0,1,1,0,0,0,0,0,1,0
0,7,0,1,1,2013,19.0,1.0,1,1,0,1,0,1,0,0,1,0,0,0,1,0
0,2,0,0,2,2013,27.0,0.2222222222222222,0,0,0,0,0,1,0,0,1,0,0,0,1,0
0,2,0,0,6,2013,29.0,0.5454545454545454,0,0,0,0,0,1,0,0,1,0,0,0,1,0
0,4,0,0,3,2013,29.0,0.2727272727272727,0,0,0,0,0,1,1,0,0,0,1,0,1,0
0,3,0,0,5,2014,56.0,0.13157894736842105,0,0,0,0,0,1,0,0,0,1,0,0,1,0
0,1,0,0,0,2013,51.0,0.0,0,0,1,0,0,1,0,0,0,0,1,0,0,0
0,9,0,0,2,2013,30.0,0.16666666666666666,0,0,0,0,0,1,0,0,0,0,1,1,0,0
0,4,0,0,10,2013,45.0,0.37037037037037035,0,0,0,0,0,1,0,0,0,1,0,1,0,0
0,8,0,0,0,2013,21.0,0.0,0,0,1,1,0,1,1,0,0,0,1,1,0,0
0,7,0,0,2,2013,20.0,1.0,0,0,0,1,0,1,0,0,0,1,0,0,1,0
0,1,0,0,1,2013,45.0,0.037037037037037035,0,0,0,0,0,1,1,0,0,0,1,0,0,0
0,4,0,0,0,2013,18.0,0.0,0,0,1,1,0,1,0,0,0,1,0,0,0,0
0,9,0,0,0,2014,28.0,0.0,0,0,1,0,0,1,1,0,0,0,1,1,0,0
0,1,0,0,2,2014,46.0,0.07142857142857142,0,0,0,0,0,1,0,0,1,0,0,0,1,0
0,4,0,0,4,2013,34.0,0.25,0,0,0,0,0,1,1,0,0,0,1,0,1,0
0,3,0,0,3,2013,46.0,0.10714285714285714,0,0,0,0,0,1,0,0,0,0,1,0,1,0
0,8,0,0,3,2014,18.0,3.0,0,0,0,1,0,1,0,0,0,1,0,1,0,0
2,3,0,0,13,2013,46.0,0.4642857142857143,2,1,0,0,0,1,0,0,0,0,0,1,0,0
0,5,0,0,2,2014,56.0,0.05263157894736842,0,0,0,0,0,1,0,0,1,0,0,0,1,0
0,8,0,0,6,2013,29.0,0.5454545454545454,0,0,0,0,0,1,0,1,0,0,0,1,0,0
0,7,0,2,1,2013,20.0,0.5,2,1,0,1,0,1,1,0,0,0,1,1,0,0
0,3,0,0,0,2014,21.0,0.0,0,0,1,0,0,0,0,0,0,0,1,1,0,0
0,8,0,0,17,2014,30.0,1.4166666666666667,0,0,0,0,0,1,0,1,0,0,0,0,1,0
0,1,0,0,0,2013,29.0,0.0,0,0,1,0,0,1,0,0,1,0,0,0,0,0
0,2,0,0,6,2013,55.0,0.16216216216216217,0,0,0,0,0,1,0,0,0,1,0,0,1,0
0,2,0,0,0,2013,29.0,0.0,0,0,1,0,0,0,1,0,0,0,1,0,1,0
0,6,0,0,19,2013,54.0,0.5277777777777778,0,0,0,0,0,1,0,1,0,0,0,1,0,0
0,5,0,0,12,2013,55.0,0.32432432432432434,0,0,0,0,0,1,1,0,0,0,0,0,1,0
0,7,0,0,6,2014,27.0,0.6666666666666666,0,0,0,0,0,1,1,0,0,0,1,1,0,0
0,1,0,0,0,2013,28.0,0.0,0,0,1,0,0,1,1,0,0,0,1,1,0,0
0,3,0,0,11,2013,42.0,0.4583333333333333,0,0,0,0,0,1,0,0,0,0,1,1,0,0
0,5,0,0,0,2013,40.0,0.0,0,0,1,0,0,1,0,0,1,0,0,0,1,0
0,2,0,0,7,2013,45.0,0.25925925925925924,0,0,0,0,0,1,0,0,1,0,0,0,0,0
0,8,2,0,12,2013,26.0,1.5,2,1,0,0,0,1,0,0,1,0,0,1,0,0
0,2,0,0,0,2013,26.0,0.0,0,0,1,0,0,0,0,0,0,0,0,0,1,0
0,2,0,0,1,2013,22.0,0.25,0,0,0,1,0,1,1,0,0,0,1,1,0,0
0,5,0,0,3,2013,31.0,0.23076923076923078,0,0,0,0,0,0,1,0,0,0,1,0,1,0
0,2,0,0,0,2013,25.0,0.0,0,0,1,0,0,1,0,0,1,0,0,1,0,0
0,4,0,0,4,2013,37.0,0.21052631578947367,0,0,0,0,0,1,0,0,0,0,1,1,0,0
0,5,0,0,4,2013,24.0,0.6666666666666666,0,0,0,1,0,1,0,0,1,0,0,1,0,0
0,10,0,1,7,2014,28.0,0.7,1,1,0,0,0,1,0,0,1,0,0,0,1,0
3,10,0,1,15,2013,28.0,1.5,4,1,0,0,0,1,1,0,0,0,1,1,0,0
0,9,0,1,1,2014,19.0,1.0,1,1,0,1,0,1,1,0,0,0,1,1,0,0
0,9,0,0,2,2014,24.0,0.3333333333333333,0,0,0,1,0,1,0,0,0,0,1,0,1,0
0,1,0,0,0,2013,31.0,0.0,0,0,1,0,0,1,0,0,1,0,0,0,1,0
0,2,0,0,0,2013,24.0,0.0,0,0,1,1,0,1,1,0,0,0,1,0,1,0
0,2,0,0,4,2013,26.0,0.5,0,0,0,0,0,1,0,0,0,0,0,1,0,0
0,6,0,0,7,2013,25.0,1.0,0,0,0,0,0,1,0,0,0,0,0,1,0,0
0,8,0,0,0,2013,22.0,0.0,0,0,1,0,0,0,0,0,1,0,0,0,1,0
0,5,0,0,0,2013,27.0,0.0,0,0,1,0,0,1,0,0,0,0,0,1,0,0
0,3,0,0,0,2013,18.0,0.0,0,0,1,1,0,1,0,0,1,0,0,0,1,0
0,3,0,0,0,2013,21.0,0.0,0,0,1,0,0,0,0,1,0,0,0,0,1,0
0,1,0,0,0,2013,45.0,0.0,0,0,1,0,0,0,1,0,0,0,0,1,0,0
0,1,0,0,0,2014,32.0,0.0,0,0,1,0,0,1,1,0,0,0,0,1,0,0
0,6,0,0,1,2013,43.0,0.04,0,0,0,0,0,1,1,0,0,0,1,1,0,0
0,5,0,0,3,2013,38.0,0.15,0,0,0,0,0,0,0,0,0,0,0,0,1,0
0,6,0,0,3,2013,23.0,0.6,0,0,0,1,0,1,0,0,1,0,0,1,0,0
0,8,0,0,11,2013,34.0,0.6875,0,0,0,0,0,1,0,0,0,0,0,1,0,0
0,3,0,0,2,2013,19.0,2.0,0,0,0,0,0,0,0,0,1,0,0,0,1,0
0,1,0,0,7,2014,30.0,0.5833333333333334,0,0,0,0,0,1,0,0,0,0,0,1,0,0
0,1,0,0,0,2013,42.0,0.0,0,0,1,0,0,1,1,0,0,0,0,1,0,0
0,1,0,0,3,2013,57.0,0.07692307692307693,0,0,0,0,0,1,1,0,0,0,0,1,0,0
0,1,0,0,0,2013,46.0,0.0,0,0,1,0,0,1,0,1,0,0,0,0,1,0
0,4,0,0,10,2013,27.0,1.1111111111111112,0,0,0,0,0,1,1,0,0,0,1,1,0,0
0,1,0,0,0,2013,48.0,0.0,0,0,1,0,0,1,0,0,1,0,0,0,1,0
0,10,0,0,0,2014,32.0,0.0,0,0,1,0,0,1,0,0,1,0,0,1,0,0
0,4,0,0,5,2013,52.0,0.14705882352941177,0,0,0,0,0,1,0,0,0,0,1,1,0,0
0,7,0,0,0,2013,30.0,0.0,0,0,1,0,0,1,1,0,1,0,0,1,0,0
0,6,0,0,0,2013,19.0,0.0,0,0,1,1,0,1,0,1,0,0,0,1,0,0
0,2,0,0,0,2013,24.0,0.0,0,0,1,0,0,0,1,0,0,0,1,1,0,0
0,5,0,2,0,2014,18.0,0.0,2,1,1,1,0,1,0,0,1,0,0,1,0,0
0,2,0,0,0,2013,30.0,0.0,0,0,1,0,0,1,0,0,0,0,1,0,1,0
0,2,0,0,0,2014,24.0,0.0,0,0,1,1,0,1,1,0,0,0,1,1,0,0
0,5,0,0,0,2013,26.0,0.0,0,0,1,0,0,1,1,0,1,0,0,1,0,0
0,3,0,0,1,2013,29.0,0.09090909090909091,0,0,0,0,0,1,1,0,0,0,0,1,0,0
0,1,0,0,4,2013,34.0,0.25,0,0,0,0,0,1,1,0,0,0,1,0,1,0
0,10,0,0,15,2013,28.0,1.5,0,0,0,0,0,1,0,0,1,0,0,1,0,0
0,8,0,0,6,2013,26.0,0.75,0,0,0,0,0,1,0,0,0,0,0,1,0,0
0,4,0,0,6,2013,28.0,0.6,0,0,0,0,0,1,0,0,1,0,0,1,0,0
0,3,0,0,2,2013,33.0,0.13333333333333333,0,0,0,0,0,0,0,0,0,0,1,0,1,0
0,1,0,0,1,2014,35.0,0.058823529411764705,0,0,0,0,0,0,0,0,0,0,1,1,0,0
0,2,0,0,5,2013,31.0,0.38461538461538464,0,0,0,0,0,1,1,0,0,1,0,0,1,0
0,5,0,0,1,2014,19.0,1.0,0,0,0,1,0,1,1,0,0,0,1,0,1,0
0,9,0,2,8,2013,21.0,2.6666666666666665,2,1,0,1,0,1,0,0,0,1,0,0,1,0
0,9,1,0,8,2014,28.0,0.8,1,1,0,0,0,1,1,0,0,0,1,1,0,0
0,1,0,0,1,2013,42.0,0.041666666666666664,0,0,0,0,0,0,0,0,0,0,0,1,0,0
0,7,0,0,2,2013,31.0,0.15384615384615385,0,0,0,0,0,1,0,0,1,0,0,0,1,0
0,1,0,0,0,2013,67.0,0.0,0,0,1,0,0,1,1,0,0,0,0,1,0,0
1,9,0,0,4,2014,21.0,1.3333333333333333,1,1,0,1,0,1,0,0,1,0,0,1,0,0
0,4,0,0,5,2013,24.0,0.8333333333333334,0,0,0,1,0,1,1,0,0,0,0,0,1,0
0,6,0,0,6,2013,41.0,0.2608695652173913,0,0,0,0,0,1,0,0,0,1,0,0,1,0
0,5,0,0,0,2013,23.0,0.0,0,0,1,1,0,1,1,0,0,0,1,1,0,0
0,6,0,0,2,2013,20.0,1.0,0,0,0,0,0,0,1,0,0,0,1,0,1,0
0,9,0,0,3,2013,25.0,0.42857142857142855,0,0,0,0,0,1,0,0,1,0,0,1,0,0
0,2,0,0,1,2013,43.0,0.04,0,0,0,0,0,0,0,0,1,0,0,0,1,0
1,5,0,0,1,2013,24.0,0.16666666666666666,1,1,0,0,0,0,0,0,1,0,0,1,0,0
0,2,0,0,7,2013,42.0,0.2916666666666667,0,0,0,0,0,1,0,0,0,0,1,0,1,0
0,5,0,0,1,2013,39.0,0.047619047619047616,0,0,0,0,0,1,1,0,1,0,0,1,0,0
0,5,1,0,3,2013,21.0,1.0,1,1,0,0,0,0,1,0,0,0,1,0,1,0
1,8,1,1,2,2014,18.0,2.0,3,1,0,1,0,1,0,0,1,0,0,1,0,0
0,4,0,0,3,2013,46.0,0.10714285714285714,0,0,0,0,0,1,0,1,0,0,0,0,1,0
0,2,0,0,0,2013,26.0,0.0,0,0,1,0,0,1,0,0,1,0,0,0,0,1
0,1,0,0,1,2013,49.0,0.03225806451612903,0,0,0,0,0,0,0,0,0,0,1,0,1,0
0,1,0,0,4,2014,35.0,0.23529411764705882,0,0,0,0,0,1,1,0,0,0,1,0,0,1
0,3,0,0,1,2013,22.0,0.25,0,0,0,1,0,1,1,0,0,0,1,1,0,0
0,1,0,0,15,2013,50.0,0.46875,0,0,0,0,0,1,0,0,0,0,0,1,0,0
0,1,0,0,1,2013,45.0,0.037037037037037035,0,0,0,0,0,1,0,0,1,0,0,0,0,1
0,8,0,0,0,2013,35.0,0.0,0,0,1,0,0,1,1,0,1,0,0,1,0,0
0,6,0,0,1,2013,21.0,0.3333333333333333,0,0,0,1,0,1,0,1,0,0,0,1,0,0
1,10,0,0,1,2014,20.0,0.5,1,1,0,1,0,1,0,0,0,1,0,1,0,0
0,1,0,0,0,2013,45.0,0.0,0,0,1,0,0,1,1,0,0,0,1,1,0,0
0,3,0,0,0,2013,21.0,0.0,0,0,1,0,0,0,0,0,1,0,0,0,0,0
0,4,0,0,0,2013,19.0,0.0,0,0,1,1,0,1,0,0,0,1,0,1,0,0
0,2,0,0,2,2013,35.0,0.11764705882352941,0,0,0,0,0,1,1,0,0,0,1,0,1,0
0,3,0,0,0,2014,21.0,0.0,0,0,1,1,0,1,0,0,0,0,1,0,0,0
0,1,0,0,2,2013,52.0,0.058823529411764705,0,0,0,0,0,1,1,0,0,0,1,0,0,0
0,4,0,0,1,2013,21.0,0.3333333333333333,0,0,0,1,0,1,0,0,1,0,0,0,0,1
0,1,0,0,0,2013,41.0,0.0,0,0,1,0,0,0,1,0,1,0,0,0,1,0
0,1,0,0,0,2013,61.0,0.0,0,0,1,0,0,1,1,0,0,0,0,0,1,0
0,5,0,0,5,2013,35.0,0.29411764705882354,0,0,0,0,0,1,1,0,0,0,0,0,1,0
0,1,0,0,0,2013,42.0,0.0,0,0,1,0,0,0,1,0,0,0,1,0,0,0
0,5,0,0,1,2013,47.0,0.034482758620689655,0,0,0,0,0,1,0,0,0,1,0,1,0,0
0,1,0,0,0,2014,31.0,0.0,0,0,1,0,0,1,1,0,0,0,1,0,0,0
0,2,0,0,2,2013,41.0,0.08695652173913043,0,0,0,0,0,1,0,0,1,0,0,0,0,1
0,1,0,0,3,2013,48.0,0.1,0,0,0,0,0,1,0,0,1,0,0,1,0,0
0,1,0,0,0,2013,47.0,0.0,0,0,1,0,0,1,0,1,0,0,0,1,0,0
0,2,2,0,2,2013,30.0,0.16666666666666666,2,1,0,0,0,1,1,0,1,0,0,0,1,0
0,1,0,0,0,2014,51.0,0.0,0,0,1,0,0,0,1,0,0,0,1,0,1,0
0,5,0,0,3,2013,26.0,0.375,0,0,0,0,0,1,0,1,0,0,0,0,0,1
0,7,0,0,17,2013,39.0,0.8095238095238095,0,0,0,0,0,1,1,0,1,0,0,1,0,0
0,1,0,0,3,2013,32.0,0.21428571428571427,0,0,0,0,0,1,0,0,0,0,0,0,1,0
0,3,0,0,2,2013,35.0,0.11764705882352941,0,0,0,0,0,1,0,0,1,0,0,0,1,0
0,9,0,0,1,2013,18.0,1.0,0,0,0,1,0,1,0,0,1,0,0,1,0,0
0,4,0,0,5,2013,30.0,0.4166666666666667,0,0,0,0,0,1,0,0,0,0,0,1,0,0
0,7,0,1,9,2013,29.0,0.8181818181818182,1,1,0,0,0,1,1,0,1,0,0,1,0,0
0,1,0,0,1,2014,43.0,0.04,0,0,0,0,0,1,1,0,0,0,1,0,1,0
0,8,0,0,1,2014,28.0,0.1,0,0,0,0,0,1,0,1,0,0,0,0,1,0
0,10,0,0,0,2014,27.0,0.0,0,0,1,0,0,0,0,0,0,0,1,1,0,0
0,1,0,0,0,2014,49.0,0.0,0,0,1,0,0,0,1,0,0,0,1,0,1,0
0,3,0,0,0,2014,25.0,0.0,0,0,1,0,0,0,0,0,0,0,1,1,0,0
0,3,0,0,1,2013,24.0,0.16666666666666666,0,0,0,1,0,1,0,1,0,0,0,0,1,0
0,10,0,0,16,2014,27.0,1.7777777777777777,0,0,0,0,0,1,0,1,0,0,0,0,0,1
0,2,0,0,0,2014,28.0,0.0,0,0,1,0,0,0,0,0,0,1,0,1,0,0
0,7,0,0,0,2013,29.0,0.0,0,0,1,0,0,1,1,0,0,0,1,1,0,0
0,4,0,0,5,2013,24.0,0.8333333333333334,0,0,0,1,0,1,0,0,0,1,0,0,1,0
0,5,0,0,1,2014,20.0,0.5,0,0,0,1,0,1,0,0,0,0,1,0,0,1
0,5,0,0,0,2013,18.0,0.0,0,0,1,1,0,1,0,0,0,1,0,1,0,0
0,3,0,0,0,2013,31.0,0.0,0,0,1,0,0,0,0,0,1,0,0,0,1,0
0,9,0,0,7,2013,21.0,2.3333333333333335,0,0,0,1,0,1,0,0,1,0,0,1,0,0
0,1,0,0,0,2013,28.0,0.0,0,0,1,0,0,1,1,0,0,0,0,0,1,0
0,6,0,0,5,2013,35.0,0.29411764705882354,0,0,0,0,0,0,0,0,1,0,0,0,1,0
0,1,0,0,3,2014,54.0,0.08333333333333333,0,0,0,0,0,1,1,0,1,0,0,1,0,0
0,1,0,0,0,2013,41.0,0.0,0,0,1,0,0,0,1,0,0,0,1,1,0,0
0,5,0,0,1,2013,28.0,0.1,0,0,0,0,0,1,1,0,1,0,0,1,0,0
0,7,0,0,6,2013,22.0,1.5,0,0,0,0,0,0,0,0,1,0,0,0,1,0
0,5,0,0,0,2013,18.0,0.0,0,0,1,0,0,0,1,0,0,0,1,1,0,0
0,5,0,0,1,2002,21.0,0.3333333333333333,0,0,0,1,0,1,1,0,0,0,1,1,0,0
0,4,0,0,1,2013,30.0,0.08333333333333333,0,0,0,0,0,1,0,0,0,0,1,1,0,0
0,3,0,0,0,2014,21.0,0.0,0,0,1,1,0,1,1,0,0,0,1,1,0,0
0,2,0,0,2,2013,38.0,0.1,0,0,0,0,0,0,1,0,1,0,0,0,0,1
0,9,0,0,9,2014,25.0,1.2857142857142858,0,0,0,0,0,1,0,0,1,0,0,1,0,0
0,5,0,0,9,2014,37.0,0.47368421052631576,0,0,0,0,0,1,0,0,0,1,0,1,0,0
0,6,0,1,0,2013,18.0,0.0,1,1,1,1,0,1,0,0,0,1,0,0,1,0
0,3,0,0,9,2013,28.0,0.9,0,0,0,0,0,1,0,0,0,0,0,1,0,0
0,6,0,0,9,2013,33.0,0.6,0,0,0,0,0,1,0,0,1,0,0,0,1,0
0,9,0,0,2,2014,21.0,0.6666666666666666,0,0,0,1,0,1,1,0,1,0,0,1,0,0
0,10,0,0,21,2014,37.0,1.105263157894737,0,0,0,0,0,1,0,0,0,0,0,1,0,0
0,6,0,0,3,2014,28.0,0.3,0,0,0,0,0,1,0,0,1,0,0,0,1,0
0,1,0,0,2,2013,55.0,0.05405405405405406,0,0,0,0,0,1,1,0,1,0,0,0,1,0
0,7,0,1,2,2013,20.0,1.0,1,1,0,1,0,1,0,0,0,1,0,0,0,1
0,8,0,0,3,2013,19.0,3.0,0,0,0,1,0,1,1,0,0,1,0,0,1,0
0,2,0,0,5,2013,66.0,0.10416666666666667,0,0,0,0,0,0,0,1,0,0,0,1,0,0
0,5,0,0,2,2013,23.0,0.4,0,0,0,0,0,0,1,0,0,0,1,0,1,0
0,4,0,0,0,2014,49.0,0.0,0,0,1,0,0,1,0,1,0,0,0,1,0,0
0,2,0,0,0,2014,22.0,0.0,0,0,1,1,0,1,1,0,0,0,1,1,0,0
0,9,0,0,5,2013,37.0,0.2631578947368421,0,0,0,0,0,1,0,0,0,0,0,1,0,0
0,5,0,0,14,2014,49.0,0.45161290322580644,0,0,0,0,0,1,0,0,1,0,0,1,0,0
0,5,0,0,2,2013,24.0,0.3333333333333333,0,0,0,1,0,1,1,0,1,0,0,1,0,0
0,5,0,0,11,2014,48.0,0.36666666666666664,0,0,0,0,0,1,1,0,1,0,0,1,0,0
0,1,0,0,0,2014,33.0,0.0,0,0,1,0,0,1,1,0,0,0,1,0,0,0
0,3,0,0,0,2013,18.0,0.0,0,0,1,1,0,1,0,0,0,0,1,1,0,0
0,10,0,0,2,2013,18.0,2.0,0,0,0,1,0,1,0,1,0,0,0,1,0,0
0,2,0,0,0,2013,28.0,0.0,0,0,1,0,0,0,0,0,0,0,1,1,0,0
0,1,0,0,0,2013,54.0,0.0,0,0,1,0,0,1,1,0,0,0,1,1,0,0
0,3,0,0,8,2013,58.0,0.2,0,0,0,0,0,0,0,0,1,0,0,0,1,0
0,1,0,0,3,2014,33.0,0.2,0,0,0,0,0,1,0,0,0,1,0,0,0,1
0,6,0,0,3,2013,52.0,0.08823529411764706,0,0,0,0,0,1,0,0,1,0,0,1,0,0
0,3,0,0,0,2014,37.0,0.0,0,0,1,0,0,1,0,1,0,0,0,0,1,0
0,7,1,0,1,2013,20.0,0.5,1,1,0,1,0,1,0,1,0,0,0,1,0,0
0,4,0,0,0,2013,27.0,0.0,0,0,1,0,0,0,0,0,0,0,1,0,0,1
0,9,0,1,8,2013,45.0,0.2962962962962963,1,1,0,0,0,1,0,1,0,0,0,1,0,0
0,7,0,1,6,2013,27.0,0.6666666666666666,1,1,0,0,0,1,1,0,1,0,0,1,0,0
0,10,1,0,10,2013,23.0,2.0,1,1,0,1,0,1,0,1,0,0,0,1,0,0
0,9,0,0,12,2013,33.0,0.8,0,0,0,0,0,1,0,0,1,0,0,1,0,0
0,6,0,0,4,2014,25.0,0.5714285714285714,0,0,0,0,0,1,0,0,0,1,0,1,0,0
0,10,0,0,7,2013,26.0,0.875,0,0,0,0,0,1,1,0,0,1,0,1,0,0
0,6,0,0,1,2013,23.0,0.2,0,0,0,1,0,1,1,0,1,0,0,1,0,0
0,1,0,0,2,2013,58.0,0.05,0,0,0,0,0,1,0,1,0,0,0,1,0,0
0,7,0,0,2,2014,25.0,0.2857142857142857,0,0,0,0,0,1,0,0,1,0,0,0,1,0
0,6,0,1,1,2013,18.0,1.0,1,1,0,1,0,1,0,0,1,0,0,0,1,0
0,7,0,0,3,2013,26.0,0.375,0,0,0,0,0,1,0,0,1,0,0,1,0,0
0,6,0,0,13,2013,30.0,1.0833333333333333,0,0,0,0,0,1,0,0,1,0,0,1,0,0
0,2,0,0,2,2013,25.0,0.2857142857142857,0,0,0,0,0,1,0,0,1,0,0,1,0,0
0,1,0,0,0,2013,53.0,0.0,0,0,1,0,0,1,1,0,0,0,1,0,1,0
0,8,1,0,6,2013,19.0,6.0,1,1,0,1,0,1,0,0,0,1,0,1,0,0
0,3,0,0,2,2013,25.0,0.2857142857142857,0,0,0,0,0,1,0,0,1,0,0,0,0,1
0,2,0,0,0,2014,19.0,0.0,0,0,1,0,0,0,1,0,0,0,1,0,0,1
0,7,0,0,6,2014,28.0,0.6,0,0,0,0,0,0,0,1,0,0,0,0,1,0
0,8,0,0,2,2013,21.0,0.6666666666666666,0,0,0,1,0,1,1,0,1,0,0,1,0,0
0,1,0,0,12,2013,47.0,0.41379310344827586,0,0,0,0,0,1,0,1,0,0,0,1,0,0
0,6,0,0,1,2014,23.0,0.2,0,0,0,1,0,1,1,0,0,0,1,1,0,0
0,2,0,0,1,2013,44.0,0.038461538461538464,0,0,0,0,0,1,0,0,1,0,0,1,0,0
0,1,0,0,6,2013,51.0,0.18181818181818182,0,0,0,0,0,1,0,0,0,0,1,0,1,0
0,2,0,0,0,2013,39.0,0.0,0,0,1,0,0,0,1,0,0,0,1,0,1,0
0,3,0,0,5,2013,32.0,0.35714285714285715,0,0,0,0,0,1,0,0,1,0,0,0,1,0
0,4,0,0,0,2013,28.0,0.0,0,0,1,0,0,1,0,0,0,0,0,1,0,0
0,1,0,0,1,2013,50.0,0.03125,0,0,0,0,0,1,0,0,1,0,0,0,1,0
0,3,0,0,2,2014,28.0,0.2,0,0,0,0,0,0,1,0,1,0,0,1,0,0
0,2,0,0,0,2014,29.0,0.0,0,0,1,0,0,1,0,0,1,0,0,1,0,0
0,10,0,0,4,2013,20.0,2.0,0,0,0,1,0,1,0,0,0,1,0,0,0,0
0,4,0,0,9,2013,44.0,0.34615384615384615,0,0,0,0,0,1,0,0,0,0,1,1,0,0
0,9,1,0,9,2013,21.0,3.0,1,1,0,1,0,1,1,0,0,0,0,1,0,0
0,9,1,0,2,2013,19.0,2.0,1,1,0,0,1,0,0,0,0,0,1,1,0,0
0,1,0,0,1,2013,41.0,0.043478260869565216,0,0,0,0,0,1,1,0,1,0,0,0,0,1
0,2,0,0,2,2014,27.0,0.2222222222222222,0,0,0,0,0,0,0,0,0,1,0,1,0,0
0,8,0,0,5,2012,27.0,0.5555555555555556,0,0,0,0,0,1,1,0,1,0,0,0,0,0
0,10,0,0,22,2014,41.0,0.9565217391304348,0,0,0,0,0,0,1,0,0,1,0,0,1,0
0,1,0,0,0,2013,47.0,0.0,0,0,1,0,0,1,1,0,0,0,1,1,0,0
0,4,0,0,2,2014,22.0,0.5,0,0,0,0,0,0,0,1,0,0,0,0,0,0
0,5,0,0,3,2013,39.0,0.14285714285714285,0,0,0,0,0,0,0,0,1,0,0,0,1,0
0,7,0,0,1,2014,28.0,0.1,0,0,0,0,0,0,0,0,0,1,0,0,1,0
0,1,0,0,0,2013,27.0,0.0,0,0,1,0,0,1,1,0,0,0,1,0,0,1
0,9,0,0,5,2014,23.0,1.0,0,0,0,1,0,1,0,0,1,0,0,1,0,0
0,5,0,0,4,2013,33.0,0.26666666666666666,0,0,0,0,0,1,0,0,0,0,1,1,0,0
0,5,0,0,1,2013,21.0,0.3333333333333333,0,0,0,1,0,1,1,0,1,0,0,1,0,0
0,5,0,0,5,2013,25.0,0.7142857142857143,0,0,0,0,0,1,0,0,0,0,0,0,1,0
0,1,0,0,0,2014,30.0,0.0,0,0,1,0,0,1,1,0,0,0,1,0,1,0
0,4,0,0,0,2013,20.0,0.0,0,0,1,1,0,1,0,0,0,0,1,1,0,0
0,6,0,0,4,2013,26.0,0.5,0,0,0,0,0,1,1,0,1,0,0,0,1,0
0,5,0,0,11,2013,48.0,0.36666666666666664,0,0,0,0,0,1,1,0,0,1,0,1,0,0
0,5,0,0,1,2013,30.0,0.08333333333333333,0,0,0,0,0,1,0,0,1,0,0,1,0,0
0,2,0,0,12,2013,27.0,1.3333333333333333,0,0,0,0,0,1,0,0,0,0,0,1,0,0
0,10,1,0,13,2014,37.0,0.6842105263157895,1,1,0,0,0,1,0,1,0,0,0,1,0,0
0,2,0,0,0,2013,33.0,0.0,0,0,1,0,0,0,1,0,0,1,0,0,0,1
0,6,0,0,15,2014,57.0,0.38461538461538464,0,0,0,0,0,1,1,0,1,0,0,1,0,0
0,8,0,2,3,2013,21.0,1.0,2,1,0,1,0,1,0,0,0,1,0,1,0,0
0,8,0,0,15,2013,28.0,1.5,0,0,0,0,0,1,0,0,0,0,0,1,0,0
0,1,0,0,0,2013,50.0,0.0,0,0,1,0,0,1,1,0,1,0,0,0,1,0
0,7,0,0,12,2014,31.0,0.9230769230769231,0,0,0,0,0,1,0,0,1,0,0,1,0,0
0,1,0,0,1,2013,60.0,0.023809523809523808,0,0,0,0,0,0,0,1,0,0,0,1,0,0
0,4,0,0,0,2013,18.0,0.0,0,0,1,1,0,1,0,0,1,0,0,0,0,0
0,7,0,0,0,2014,19.0,0.0,0,0,1,0,0,0,0,1,0,0,0,1,0,0
0,9,0,0,28,2014,46.0,1.0,0,0,0,0,0,1,0,0,1,0,0,0,1,0
0,5,0,0,7,2014,32.0,0.5,0,0,0,0,0,1,0,1,0,0,0,1,0,0
0,5,0,0,4,2014,56.0,0.10526315789473684,0,0,0,0,0,1,0,0,0,1,0,0,1,0
0,3,0,0,4,2014,38.0,0.2,0,0,0,0,0,0,0,0,0,1,0,0,0,1
3,8,0,0,16,2013,34.0,1.0,3,1,0,0,0,1,0,0,1,0,0,1,0,0
0,4,0,0,0,2013,20.0,0.0,0,0,1,0,0,0,1,0,0,0,1,1,0,0
0,2,0,0,5,2013,31.0,0.38461538461538464,0,0,0,0,0,1,0,1,0,0,0,1,0,0
0,2,0,0,13,2013,53.0,0.37142857142857144,0,0,0,0,0,1,0,0,1,0,0,0,1,0
0,1,0,0,0,2013,50.0,0.0,0,0,1,0,0,0,0,0,0,0,1,0,1,0
0,2,0,0,0,2013,53.0,0.0,0,0,1,0,0,1,0,0,1,0,0,1,0,0
0,1,0,0,0,2014,35.0,0.0,0,0,1,0,0,0,1,0,1,0,0,1,0,0
0,1,0,0,0,2013,48.0,0.0,0,0,1,0,0,0,1,0,0,0,1,0,1,0
0,2,0,0,1,2013,22.0,0.25,0,0,0,1,0,1,0,0,0,1,0,1,0,0
0,5,0,0,0,2013,19.0,0.0,0,0,1,1,0,1,0,1,0,0,0,1,0,0
0,1,0,0,0,2013,41.0,0.0,0,0,1,0,0,0,1,0,0,0,1,0,1,0
0,2,0,0,1,2013,27.0,0.1111111111111111,0,0,0,0,0,1,1,0,0,0,1,0,1,0
0,1,0,0,0,2013,26.0,0.0,0,0,1,0,0,1,0,0,0,0,1,0,0,0
0,2,0,0,0,2013,21.0,0.0,0,0,1,1,0,1,0,0,1,0,0,0,1,0
0,8,0,0,7,2013,26.0,0.875,0,0,0,0,0,1,1,0,0,0,1,1,0,0
0,4,0,0,0,2013,21.0,0.0,0,0,1,0,0,0,0,1,0,0,0,0,1,0
0,1,0,0,0,2013,72.0,0.0,0,0,1,0,0,0,0,0,0,1,0,1,0,0
0,7,0,1,8,2013,25.0,1.1428571428571428,1,1,0,0,0,1,1,0,1,0,0,1,0,0
0,2,0,0,1,2013,34.0,0.0625,0,0,0,0,0,1,0,0,1,0,0,0,0,1
0,2,0,0,5,2013,26.0,0.625,0,0,0,0,0,1,0,0,0,0,0,0,1,0
0,3,0,0,5,2013,32.0,0.35714285714285715,0,0,0,0,0,0,0,0,1,0,0,1,0,0
0,6,0,0,1,2013,27.0,0.1111111111111111,0,0,0,0,0,1,1,0,0,0,1,1,0,0
0,2,0,0,1,2013,34.0,0.0625,0,0,0,0,0,1,0,0,1,0,0,0,1,0
0,4,0,0,2,2013,23.0,0.4,0,0,0,1,0,1,0,0,1,0,0,0,1,0
0,5,0,0,1,2014,24.0,0.16666666666666666,0,0,0,0,0,0,0,0,1,0,0,1,0,0
0,6,1,0,11,2014,37.0,0.5789473684210527,1,1,0,0,0,0,0,0,0,1,0,0,1,0
0,4,1,0,3,2013,19.0,3.0,1,1,0,1,0,1,0,0,0,1,0,1,0,0
0,3,0,0,0,2013,25.0,0.0,0,0,1,0,0,1,0,0,0,1,0,0,1,0
0,1,0,0,1,2013,48.0,0.03333333333333333,0,0,0,0,0,1,0,1,0,0,0,0,1,0
0,2,0,0,0,2014,33.0,0.0,0,0,1,0,0,0,1,0,0,0,1,0,0,1
0,2,0,0,0,2014,21.0,0.0,0,0,1,0,0,0,1,0,0,0,1,1,0,0
1,6,2,0,6,2013,27.0,0.6666666666666666,3,1,0,0,0,1,0,0,1,0,0,1,0,0
0,3,0,0,0,2014,18.0,0.0,0,0,1,1,0,1,0,0,1,0,0,0,0,0
0,9,0,2,1,2013,21.0,0.3333333333333333,2,1,0,1,0,1,1,0,1,0,0,1,0,0
0,4,1,0,2,2013,21.0,0.6666666666666666,1,1,0,0,0,0,1,0,0,0,1,0,0,1
0,7,0,0,5,2013,30.0,0.4166666666666667,0,0,0,0,0,0,0,0,0,0,1,1,0,0
1,3,0,0,1,2013,18.0,1.0,1,1,0,1,0,1,0,0,1,0,0,0,1,0
0,1,0,0,3,2013,56.0,0.07894736842105263,0,0,0,0,0,1,1,0,0,0,1,0,1,0
0,4,0,0,4,2013,23.0,0.8,0,0,0,1,0,1,0,0,1,0,0,0,1,0
0,1,0,0,2,2014,36.0,0.1111111111111111,0,0,0,0,0,1,0,0,0,1,0,0,0,0
0,8,0,0,2,2013,26.0,0.25,0,0,0,0,0,1,0,0,0,1,0,0,0,1
0,5,0,0,2,2014,21.0,0.6666666666666666,0,0,0,1,0,1,0,0,1,0,0,0,0,1
0,5,0,2,1,2014,20.0,0.5,2,1,0,1,0,1,0,0,1,0,0,1,0,0
0,1,0,0,0,2013,49.0,0.0,0,0,1,0,0,1,1,0,0,0,1,1,0,0
0,5,0,0,12,2013,53.0,0.34285714285714286,0,0,0,0,0,1,0,1,0,0,0,1,0,0
0,4,0,0,1,2013,37.0,0.05263157894736842,0,0,0,0,0,1,1,0,0,0,0,0,1,0
0,4,0,0,8,2014,46.0,0.2857142857142857,0,0,0,0,0,0,1,0,0,0,1,0,1,0
0,4,0,0,0,2013,23.0,0.0,0,0,1,0,0,0,0,0,0,1,0,1,0,0
0,1,0,0,1,2014,64.0,0.021739130434782608,0,0,0,0,0,1,0,0,1,0,0,0,1,0
0,4,0,0,6,2013,52.0,0.17647058823529413,0,0,0,0,0,0,0,0,0,1,0,1,0,0
0,7,0,0,4,2014,29.0,0.36363636363636365,0,0,0,0,0,1,1,0,0,0,1,0,1,0
0,3,0,0,0,2013,31.0,0.0,0,0,1,0,0,1,0,0,0,1,0,0,1,0
0,9,0,0,9,2013,22.0,2.25,0,0,0,1,0,1,0,0,1,0,0,1,0,0
0,4,0,0,2,2013,44.0,0.07692307692307693,0,0,0,0,0,1,0,1,0,0,0,0,1,0
0,8,0,1,12,2013,48.0,0.4,1,1,0,0,0,1,0,0,0,0,0,1,0,0
0,3,0,0,1,2013,23.0,0.2,0,0,0,1,0,1,0,0,1,0,0,0,1,0
0,2,0,0,0,2013,22.0,0.0,0,0,1,1,0,1,0,0,0,0,1,0,0,0
0,2,0,0,2,2013,28.0,0.2,0,0,0,0,0,0,0,0,0,0,1,1,0,0
0,2,0,0,1,2013,33.0,0.06666666666666667,0,0,0,0,0,1,0,0,1,0,0,0,1,0
0,1,0,0,0,2013,46.0,0.0,0,0,1,0,0,1,1,0,0,0,0,0,1,0
0,7,0,0,0,2013,28.0,0.0,0,0,1,0,0,1,0,0,0,1,0,1,0,0
0,3,0,1,1,2014,27.0,0.1111111111111111,1,1,0,0,0,1,0,0,1,0,0,0,1,0
1,9,0,0,3,2013,26.0,0.375,1,1,0,0,0,1,0,0,1,0,0,1,0,0
0,5,0,0,6,2014,50.0,0.1875,0,0,0,0,0,0,0,1,0,0,0,0,1,0
0,9,1,0,1,2013,18.0,1.0,1,1,0,1,0,1,0,0,1,0,0,1,0,0
0,4,0,0,0,2013,19.0,0.0,0,0,1,1,0,1,0,0,1,0,0,1,0,0
0,5,0,0,1,2013,24.0,0.16666666666666666,0,0,0,0,0,0,0,0,0,1,0,1,0,0
0,1,0,0,0,2014,63.0,0.0,0,0,1,0,0,0,0,0,0,1,0,1,0,0
0,1,0,0,0,2014,57.0,0.0,0,0,1,0,0,0,1,0,0,0,0,0,1,0
0,1,0,0,0,2013,56.0,0.0,0,0,1,0,0,1,1,0,0,0,0,1,0,0
0,7,0,0,0,2013,21.0,0.0,0,0,1,1,0,1,1,0,0,0,1,1,0,0
0,1,0,0,0,2013,37.0,0.0,0,0,1,0,0,1,0,0,0,0,1,1,0,0
0,1,0,0,0,2014,49.0,0.0,0,0,1,0,0,1,0,0,1,0,0,1,0,0
1,9,0,0,10,2013,31.0,0.7692307692307693,1,1,0,0,0,1,0,1,0,0,0,1,0,0
0,2,0,0,1,2013,27.0,0.1111111111111111,0,0,0,0,0,1,0,0,1,0,0,0,0,1
0,1,0,0,1,2014,50.0,0.03125,0,0,0,0,0,1,0,0,1,0,0,1,0,0
0,3,0,0,2,2013,35.0,0.11764705882352941,0,0,0,0,0,1,0,0,0,0,1,1,0,0
0,8,0,0,0,2013,20.0,0.0,0,0,1,0,0,0,0,0,1,0,0,1,0,0
0,5,0,0,0,2013,40.0,0.0,0,0,1,0,0,1,0,0,1,0,0,1,0,0
0,9,0,0,5,2013,30.0,0.4166666666666667,0,0,0,0,0,1,0,1,0,0,0,0,1,0
0,1,0,0,0,2013,52.0,0.0,0,0,1,0,0,1,0,0,1,0,0,1,0,0
0,2,0,0,2,2013,24.0,0.3333333333333333,0,0,0,1,0,1,0,0,0,1,0,1,0,0
0,2,0,1,1,2013,20.0,0.5,1,1,0,1,0,1,1,0,0,0,0,0,1,0
0,1,0,0,0,2013,44.0,0.0,0,0,1,0,0,0,0,0,0,0,1,0,0,0
0,2,0,0,1,2014,26.0,0.125,0,0,0,0,0,1,1,0,0,0,0,0,1,0
0,2,0,0,0,2013,25.0,0.0,0,0,1,0,0,1,0,0,0,1,0,0,0,1
0,4,0,0,2,2013,57.0,0.05128205128205128,0,0,0,0,0,1,0,0,0,1,0,0,0,1
0,2,0,0,0,2013,23.0,0.0,0,0,1,1,0,1,0,0,1,0,0,1,0,0
0,5,0,0,1,2014,27.0,0.1111111111111111,0,0,0,0,0,0,1,0,0,0,1,0,1,0
0,5,0,0,0,2014,41.0,0.0,0,0,1,0,0,1,0,0,1,0,0,1,0,0
0,7,0,0,21,2014,31.0,1.6153846153846154,0,0,0,0,0,1,1,0,1,0,0,1,0,0
0,3,0,1,0,2013,19.0,0.0,1,1,1,1,0,1,1,0,0,1,0,0,1,0
0,1,0,1,0,2013,29.0,0.0,1,1,1,0,0,0,1,0,0,0,1,0,1,0
0,4,0,0,1,2013,19.0,1.0,0,0,0,1,0,1,0,0,1,0,0,1,0,0
0,1,0,0,3,2013,48.0,0.1,0,0,0,0,0,1,0,1,0,0,0,1,0,0
0,10,0,1,2,2013,18.0,2.0,1,1,0,1,0,1,0,0,1,0,0,1,0,0
0,3,0,0,2,2014,33.0,0.13333333333333333,0,0,0,0,0,1,0,1,0,0,0,0,1,0
0,1,0,0,3,2013,35.0,0.17647058823529413,0,0,0,0,0,0,0,0,1,0,0,1,0,0
0,7,0,0,0,2013,25.0,0.0,0,0,1,0,0,1,1,0,1,0,0,1,0,0
0,5,0,0,3,2013,39.0,0.14285714285714285,0,0,0,0,0,1,1,0,0,0,1,0,1,0
0,8,0,0,0,2013,21.0,0.0,0,0,1,1,0,1,1,0,0,0,1,1,0,0
0,4,0,0,3,2013,29.0,0.2727272727272727,0,0,0,0,0,0,1,0,0,0,1,1,0,0
0,6,0,0,4,2014,28.0,0.4,0,0,0,0,0,0,0,0,1,0,0,0,1,0
0,7,0,0,1,2014,18.0,1.0,0,0,0,1,0,1,0,0,0,1,0,1,0,0
0,1,0,0,1,2013,39.0,0.047619047619047616,0,0,0,0,0,0,0,0,1,0,0,1,0,0
0,7,0,0,15,2014,38.0,0.75,0,0,0,0,0,0,0,0,1,0,0,1,0,0
0,4,0,0,0,2014,37.0,0.0,0,0,1,0,0,1,0,0,1,0,0,1,0,0
0,7,0,0,0,2014,19.0,0.0,0,0,1,1,0,1,0,0,0,1,0,1,0,0
0,2,0,0,2,2013,36.0,0.1111111111111111,0,0,0,0,0,1,0,0,1,0,0,0,1,0
0,2,0,0,0,2013,22.0,0.0,0,0,1,1,0,1,0,1,0,0,0,0,1,0
0,1,0,0,0,2013,38.0,0.0,0,0,1,0,0,1,0,0,0,0,0,1,0,0
0,4,0,0,1,2013,36.0,0.05555555555555555,0,0,0,0,0,1,0,1,0,0,0,1,0,0
0,8,0,0,3,2013,20.0,1.5,0,0,0,0,0,0,0,0,0,1,0,1,0,0
0,4,0,0,1,2013,21.0,0.3333333333333333,0,0,0,0,0,0,0,0,0,1,0,1,0,0
0,2,0,0,0,2013,26.0,0.0,0,0,1,0,0,1,1,0,1,0,0,1,0,0
0,5,0,0,2,2013,23.0,0.4,0,0,0,1,0,1,1,0,1,0,0,0,1,0
0,6,0,0,0,2014,21.0,0.0,0,0,1,0,0,0,0,0,0,1,0,0,1,0
0,10,0,1,1,2013,19.0,1.0,1,1,0,1,0,1,0,0,1,0,0,1,0,0
0,7,0,0,4,2014,24.0,0.6666666666666666,0,0,0,0,0,0,1,0,0,0,1,0,0,0
0,9,3,0,3,2007,17.0,3.0,3,1,0,1,0,1,1,0,0,0,0,1,0,0
0,6,0,0,3,2014,22.0,0.75,0,0,0,0,0,0,1,0,1,0,0,1,0,0
0,5,0,0,0,2013,40.0,0.0,0,0,1,0,0,1,1,0,1,0,0,1,0,0
0,2,0,0,1,2014,34.0,0.0625,0,0,0,0,0,1,0,0,1,0,0,0,1,0
0,8,0,0,10,2013,36.0,0.5555555555555556,0,0,0,0,0,1,0,0,0,1,0,0,1,0
0,4,0,0,0,2013,40.0,0.0,0,0,1,0,0,1,0,1,0,0,0,0,1,0
0,1,0,0,1,2014,43.0,0.04,0,0,0,0,0,1,1,0,0,0,0,0,1,0
0,10,1,0,7,2013,22.0,1.75,1,1,0,1,0,1,0,0,1,0,0,1,0,0
0,2,0,0,0,2013,31.0,0.0,0,0,1,0,0,1,0,0,0,1,0,0,1,0
0,3,0,0,0,2013,22.0,0.0,0,0,1,1,0,1,1,0,0,0,0,0,1,0
0,4,1,0,5,2013,29.0,0.45454545454545453,1,1,0,0,0,1,0,0,1,0,0,1,0,0
0,7,0,0,0,2013,20.0,0.0,0,0,1,1,0,1,0,0,1,0,0,1,0,0
0,5,0,0,0,2013,36.0,0.0,0,0,1,0,0,1,1,0,0,0,1,0,1,0
0,8,0,0,12,2013,24.0,2.0,0,0,0,1,0,1,0,0,0,1,0,1,0,0
0,7,0,0,4,2013,33.0,0.26666666666666666,0,0,0,0,0,0,1,0,0,0,1,0,1,0
0,1,0,0,0,2013,36.0,0.0,0,0,1,0,0,0,1,0,0,0,1,1,0,0
0,2,0,0,4,2013,27.0,0.4444444444444444,0,0,0,0,0,1,0,0,1,0,0,1,0,0
0,5,0,0,1,2013,27.0,0.1111111111111111,0,0,0,0,0,1,0,0,0,1,0,0,1,0
0,8,0,0,0,2013,27.0,0.0,0,0,1,0,0,0,1,0,0,0,1,0,1,0
1,10,1,0,18,2013,23.0,3.6,2,1,0,1,0,1,0,0,0,1,0,1,0,0
0,2,0,0,2,2013,28.0,0.2,0,0,0,0,0,1,0,0,0,1,0,1,0,0
0,2,0,0,0,2013,32.0,0.0,0,0,1,0,0,1,0,0,0,1,0,0,0,0
0,5,0,0,0,2013,22.0,0.0,0,0,1,0,0,0,1,0,0,0,1,1,0,0
0,6,0,0,1,2013,23.0,0.2,0,0,0,0,0,0,0,1,0,0,0,0,1,0
0,7,0,0,2,2013,35.0,0.11764705882352941,0,0,0,0,0,1,0,1,0,0,0,1,0,0
0,1,0,0,0,2013,34.0,0.0,0,0,1,0,0,0,1,0,0,0,1,1,0,0
0,5,0,1,3,2013,31.0,0.23076923076923078,1,1,0,0,0,1,1,0,1,0,0,0,1,0
0,2,0,0,0,2013,35.0,0.0,0,0,1,0,0,0,0,0,0,0,1,0,0,1
0,6,0,0,0,2014,29.0,0.0,0,0,1,0,0,0,1,0,0,0,1,1,0,0
0,2,0,0,0,2013,26.0,0.0,0,0,1,0,0,0,1,0,0,0,0,0,1,0
1,9,0,0,1,2013,18.0,1.0,1,1,0,1,0,1,0,0,1,0,0,0,1,0
0,4,0,0,0,2013,19.0,0.0,0,0,1,1,0,1,0,0,0,1,0,1,0,0
0,1,0,0,0,2014,49.0,0.0,0,0,1,0,0,0,1,0,0,0,1,0,0,1
0,4,0,0,2,2014,22.0,0.5,0,0,0,1,0,1,1,0,0,0,1,1,0,0
0,8,0,0,0,2014,46.0,0.0,0,0,1,0,0,1,0,0,1,0,0,1,0,0
0,5,0,0,1,2013,34.0,0.0625,0,0,0,0,0,0,0,0,0,0,0,1,0,0
0,4,0,0,1,2013,19.0,1.0,0,0,0,1,0,1,1,0,1,0,0,1,0,0
0,10,1,0,3,2013,23.0,0.6,1,1,0,1,0,1,1,0,0,0,1,1,0,0
0,9,0,1,5,2013,20.0,2.5,1,1,0,1,0,1,0,0,0,1,0,1,0,0
0,3,0,0,0,2013,21.0,0.0,0,0,1,1,0,1,1,0,0,0,1,0,0,0
0,10,0,0,0,2013,21.0,0.0,0,0,1,0,0,0,1,0,1,0,0,0,1,0
0,2,0,0,2,2014,32.0,0.14285714285714285,0,0,0,0,0,1,0,0,1,0,0,0,1,0
0,4,0,0,0,2013,20.0,0.0,0,0,1,0,0,0,1,1,0,0,0,0,0,1
0,4,0,0,0,2014,18.0,0.0,0,0,1,0,0,0,1,0,1,0,0,1,0,0
0,1,0,0,0,2014,29.0,0.0,0,0,1,0,0,1,0,0,0,1,0,0,1,0
0,1,0,0,0,2013,36.0,0.0,0,0,1,0,0,0,1,0,1,0,0,0,1,0
4,9,0,0,12,2013,27.0,1.3333333333333333,4,1,0,0,0,1,0,1,0,0,0,1,0,0
0,7,0,0,2,2013,30.0,0.16666666666666666,0,0,0,0,0,1,0,0,1,0,0,1,0,0
0,2,0,0,0,2014,33.0,0.0,0,0,1,0,0,0,1,0,0,0,1,0,1,0
0,8,1,1,8,2014,27.0,0.8888888888888888,2,1,0,0,0,1,0,0,1,0,0,1,0,0
0,2,0,0,0,2013,37.0,0.0,0,0,1,0,0,0,0,1,0,0,0,0,1,0
0,7,0,0,4,2013,50.0,0.125,0,0,0,0,0,1,0,1,0,0,0,1,0,0
0,2,0,0,0,2013,26.0,0.0,0,0,1,0,0,0,1,0,0,0,1,0,1,0
0,2,0,0,2,2009,31.0,0.15384615384615385,0,0,0,0,0,1,1,0,0,0,0,0,0,1
0,9,1,0,9,2013,24.0,1.5,1,1,0,1,0,1,0,1,0,0,0,1,0,0
0,3,0,0,0,2013,53.0,0.0,0,0,1,0,0,1,0,0,0,0,1,0,1,0
1,7,0,0,1,2013,19.0,1.0,1,1,0,1,0,1,1,0,0,0,1,1,0,0
0,1,0,0,1,2013,32.0,0.07142857142857142,0,0,0,0,0,0,0,0,0,1,0,1,0,0
0,2,0,0,1,2013,52.0,0.029411764705882353,0,0,0,0,0,1,1,0,0,0,1,0,1,0
0,8,0,0,2,2013,21.0,0.6666666666666666,0,0,0,1,0,1,0,0,1,0,0,0,0,1
0,9,1,1,21,2014,45.0,0.7777777777777778,2,1,0,0,0,0,1,0,0,0,1,1,0,0
0,1,0,0,0,2013,38.0,0.0,0,0,1,0,0,1,1,0,0,0,1,0,0,0
0,3,0,0,0,2013,38.0,0.0,0,0,1,0,0,1,0,1,0,0,0,0,0,1
0,3,0,0,12,2013,58.0,0.3,0,0,0,0,0,1,0,0,0,0,1,1,0,0
0,1,0,0,3,2013,54.0,0.08333333333333333,0,0,0,0,0,1,0,0,0,0,1,1,0,0
0,3,0,0,2,2013,36.0,0.1111111111111111,0,0,0,0,0,0,1,0,0,0,1,0,1,0
4,4,0,1,13,2014,23.0,2.6,5,1,0,1,0,1,0,0,1,0,0,0,1,0
0,2,0,0,0,2014,22.0,0.0,0,0,1,1,0,1,0,0,1,0,0,1,0,0
0,5,0,0,3,2013,21.0,1.0,0,0,0,1,0,1,0,0,0,0,1,0,1,0
0,3,0,0,0,2013,18.0,0.0,0,0,1,1,0,1,0,0,1,0,0,1,0,0
0,8,0,0,1,2013,42.0,0.041666666666666664,0,0,0,0,0,1,0,1,0,0,0,0,1,0
0,1,0,0,1,2013,36.0,0.05555555555555555,0,0,0,0,0,0,1,0,0,0,0,0,1,0
0,2,0,0,5,2013,53.0,0.14285714285714285,0,0,0,0,0,1,0,0,1,0,0,1,0,0
0,2,0,0,2,2013,40.0,0.09090909090909091,0,0,0,0,0,1,0,0,1,0,0,0,1,0
0,3,0,0,0,2013,19.0,0.0,0,0,1,1,0,1,0,0,0,1,0,1,0,0
0,1,0,0,0,2013,30.0,0.0,0,0,1,0,0,1,0,0,1,0,0,0,0,0
0,6,0,0,0,2013,26.0,0.0,0,0,1,0,0,1,0,0,0,0,0,1,0,0
0,9,0,0,1,2013,19.0,1.0,0,0,0,1,0,1,0,0,0,0,1,1,0,0
0,9,0,0,3,2013,20.0,1.5,0,0,0,1,0,1,0,0,0,1,0,1,0,0
0,4,0,1,1,2013,22.0,0.25,1,1,0,1,0,1,0,1,0,0,0,0,1,0
0,1,0,0,0,2014,43.0,0.0,0,0,1,0,0,1,1,0,0,0,0,0,0,0
0,9,1,0,2,2014,19.0,2.0,1,1,0,1,0,1,0,1,0,0,0,1,0,0
0,2,0,0,0,2013,27.0,0.0,0,0,1,0,0,0,1,0,0,0,1,1,0,0
0,4,0,0,0,2013,47.0,0.0,0,0,1,0,0,0,1,0,1,0,0,0,1,0
1,2,0,0,2,2014,34.0,0.125,1,1,0,0,0,1,1,0,1,0,0,0,0,1
0,3,0,0,1,2013,23.0,0.2,0,0,0,1,0,1,0,0,1,0,0,1,0,0
0,3,0,0,13,2013,42.0,0.5416666666666666,0,0,0,0,0,1,0,0,0,1,0,0,0,1
0,8,0,0,22,2014,60.0,0.5238095238095238,0,0,0,0,0,1,0,1,0,0,0,1,0,0
0,4,0,0,0,2013,21.0,0.0,0,0,1,1,0,1,0,0,1,0,0,1,0,0
0,2,0,0,2,2013,25.0,0.2857142857142857,0,0,0,0,0,1,0,0,0,1,0,0,1,0
0,9,0,0,3,2014,21.0,1.0,0,0,0,0,0,0,0,0,0,1,0,0,1,0
0,1,0,0,1,2014,35.0,0.058823529411764705,0,0,0,0,0,1,0,0,0,0,1,0,0,1
0,3,0,0,0,2014,19.0,0.0,0,0,1,1,0,1,0,0,1,0,0,0,1,0
0,5,0,0,2,2013,36.0,0.1111111111111111,0,0,0,0,0,0,0,1,0,0,0,0,1,0
0,3,0,0,8,2013,40.0,0.36363636363636365,0,0,0,0,0,1,0,0,1,0,0,1,0,0
0,6,0,0,0,2013,19.0,0.0,0,0,1,1,0,1,1,0,0,0,1,1,0,0
0,7,0,0,4,2014,26.0,0.5,0,0,0,0,0,0,0,0,1,0,0,1,0,0
0,9,0,0,0,2014,41.0,0.0,0,0,1,0,0,1,0,0,0,1,0,0,1,0
0,8,0,0,7,2014,26.0,0.875,0,0,0,0,0,1,0,1,0,0,0,0,1,0
0,2,0,0,0,2013,24.0,0.0,0,0,1,1,0,1,0,0,1,0,0,0,0,0
0,2,0,0,1,2014,29.0,0.09090909090909091,0,0,0,0,0,1,0,0,0,1,0,0,1,0
0,2,0,0,0,2013,25.0,0.0,0,0,1,0,0,0,1,0,0,0,1,1,0,0
0,2,0,0,3,2013,56.0,0.07894736842105263,0,0,0,0,0,1,1,0,0,0,0,0,1,0
0,4,0,0,0,2014,20.0,0.0,0,0,1,1,0,1,0,0,1,0,0,0,1,0
0,4,0,0,5,2013,29.0,0.45454545454545453,0,0,0,0,0,1,0,0,1,0,0,1,0,0
0,3,0,0,0,2013,30.0,0.0,0,0,1,0,0,1,0,0,0,0,1,1,0,0
0,10,0,0,6,2013,23.0,1.2,0,0,0,1,0,1,1,0,1,0,0,1,0,0
0,5,1,0,1,2014,20.0,0.5,1,1,0,0,0,0,1,0,0,0,1,1,0,0
0,10,0,0,11,2013,29.0,1.0,0,0,0,0,0,1,0,0,0,0,1,0,1,0
0,8,0,0,0,2013,19.0,0.0,0,0,1,1,0,1,0,0,1,0,0,0,1,0
0,2,0,0,2,2013,32.0,0.14285714285714285,0,0,0,0,0,0,0,0,0,0,1,1,0,0
0,6,0,0,1,2013,44.0,0.038461538461538464,0,0,0,0,0,1,0,0,0,1,0,0,1,0
0,1,0,0,2,2013,32.0,0.14285714285714285,0,0,0,0,0,1,0,0,0,0,1,0,0,1
0,9,0,1,17,2013,26.0,2.125,1,1,0,0,0,1,0,0,0,1,0,1,0,0
0,2,0,0,1,2013,51.0,0.030303030303030304,0,0,0,0,0,0,1,0,0,1,0,0,1,0
0,8,0,0,0,2013,26.0,0.0,0,0,1,0,0,1,0,0,0,0,1,0,1,0
0,4,0,0,0,2014,26.0,0.0,0,0,1,0,0,0,1,0,0,0,1,0,0,0
0,8,0,0,17,2013,48.0,0.5666666666666667,0,0,0,0,0,1,0,1,0,0,0,1,0,0
0,6,0,0,0,2013,33.0,0.0,0,0,1,0,0,0,1,0,1,0,0,1,0,0
0,4,0,0,3,2013,32.0,0.21428571428571427,0,0,0,0,0,1,1,0,1,0,0,0,1,0
0,4,0,1,1,2013,18.0,1.0,1,1,0,1,0,1,0,0,1,0,0,1,0,0
0,5,0,0,0,2013,22.0,0.0,0,0,1,1,0,1,0,0,1,0,0,1,0,0
0,5,0,0,2,2011,24.0,0.3333333333333333,0,0,0,1,0,1,1,0,1,0,0,1,0,0
0,10,0,0,0,2013,28.0,0.0,0,0,1,0,0,1,0,1,0,0,0,0,0,1
0,2,0,0,0,2013,36.0,0.0,0,0,1,0,0,1,1,0,0,0,1,0,1,0
0,4,0,0,1,2013,27.0,0.1111111111111111,0,0,0,0,0,1,0,0,0,1,0,1,0,0
0,7,0,0,0,2014,21.0,0.0,0,0,1,0,0,0,0,1,0,0,0,1,0,0
0,4,0,0,1,2013,20.0,0.5,0,0,0,0,0,0,0,0,1,0,0,1,0,0
0,3,0,0,0,2013,34.0,0.0,0,0,1,0,0,0,1,0,0,0,1,0,0,1
0,7,0,0,21,2014,29.0,1.9090909090909092,0,0,0,0,0,1,0,0,0,0,0,1,0,0
0,9,0,3,18,2013,30.0,1.5,3,1,0,0,0,1,0,0,0,1,0,1,0,0
0,4,0,0,0,2014,18.0,0.0,0,0,1,1,0,1,1,0,1,0,0,0,0,1
0,7,1,0,9,2013,27.0,1.0,1,1,0,0,0,1,0,0,1,0,0,1,0,0
0,6,0,0,1,2013,20.0,0.5,0,0,0,1,0,1,0,0,0,1,0,1,0,0
0,3,0,0,0,2013,24.0,0.0,0,0,1,0,0,0,0,0,1,0,0,1,0,0
0,6,1,0,10,2013,35.0,0.5882352941176471,1,1,0,0,0,1,1,0,1,0,0,1,0,0
0,1,0,0,1,2014,40.0,0.045454545454545456,0,0,0,0,0,1,0,0,1,0,0,1,0,0
0,3,0,0,0,2013,28.0,0.0,0,0,1,0,0,1,0,0,0,1,0,1,0,0
0,9,0,0,2,2013,20.0,1.0,0,0,0,1,0,1,0,0,0,1,0,1,0,0
0,3,0,0,1,2013,27.0,0.1111111111111111,0,0,0,0,0,1,0,1,0,0,0,0,1,0
0,5,0,0,1,2013,41.0,0.043478260869565216,0,0,0,0,0,1,1,0,0,0,1,1,0,0
0,3,0,0,0,2013,36.0,0.0,0,0,1,0,0,1,0,0,0,0,1,0,1,0
0,2,0,0,0,2013,28.0,0.0,0,0,1,0,0,1,1,0,0,0,1,1,0,0
0,7,0,0,3,2013,18.0,3.0,0,0,0,1,0,1,0,0,0,1,0,0,1,0
0,3,0,0,0,2013,31.0,0.0,0,0,1,0,0,0,0,0,0,0,1,1,0,0
0,6,0,0,1,2013,21.0,0.3333333333333333,0,0,0,1,0,1,0,0,0,0,1,1,0,0
0,4,0,0,0,2013,26.0,0.0,0,0,1,0,0,0,0,0,1,0,0,0,1,0
0,1,0,0,2,2013,58.0,0.05,0,0,0,0,0,1,0,1,0,0,0,0,1,0
0,2,0,0,1,2013,52.0,0.029411764705882353,0,0,0,0,0,0,0,1,0,0,0,1,0,0
0,3,0,0,4,2014,22.0,1.0,0,0,0,0,0,0,0,0,0,1,0,1,0,0
0,1,0,0,0,2014,42.0,0.0,0,0,1,0,0,0,1,0,0,0,1,0,1,0
0,7,1,0,2,2013,19.0,2.0,1,1,0,1,0,1,0,0,1,0,0,1,0,0
0,5,0,0,4,2014,26.0,0.5,0,0,0,0,0,0,0,1,0,0,0,1,0,0
0,5,0,0,0,2013,26.0,0.0,0,0,1,0,0,1,0,0,1,0,0,1,0,0
0,1,0,0,1,2014,30.0,0.08333333333333333,0,0,0,0,0,1,1,0,0,0,1,0,1,0
0,6,0,0,3,2013,48.0,0.1,0,0,0,0,0,1,0,0,0,1,0,0,1,0
0,5,0,0,0,2014,19.0,0.0,0,0,1,1,0,1,0,0,0,1,0,1,0,0
0,9,0,0,2,2013,19.0,2.0,0,0,0,1,0,1,0,1,0,0,0,1,0,0
0,9,0,0,3,2013,24.0,0.5,0,0,0,1,0,1,0,0,1,0,0,1,0,0
0,4,0,0,0,2013,25.0,0.0,0,0,1,0,0,1,0,0,1,0,0,0,0,1
0,1,0,0,0,2013,28.0,0.0,0,0,1,0,0,0,0,0,0,0,1,1,0,0
0,8,0,0,0,2014,31.0,0.0,0,0,1,0,0,1,1,0,0,0,1,1,0,0
0,2,0,0,2,2013,46.0,0.07142857142857142,0,0,0,0,0,0,0,1,0,0,0,0,1,0
0,3,0,0,2,2013,38.0,0.1,0,0,0,0,0,0,0,0,1,0,0,0,0,0
0,4,0,5,0,2013,18.0,0.0,5,1,1,1,0,1,1,0,0,0,1,0,1,0
0,6,0,1,10,2013,28.0,1.0,1,1,0,0,0,1,0,1,0,0,0,1,0,0
0,5,0,0,5,2013,21.0,1.6666666666666667,0,0,0,1,0,1,0,0,1,0,0,1,0,0
0,9,1,0,4,2013,20.0,2.0,1,1,0,1,0,1,0,0,1,0,0,1,0,0
0,4,0,0,0,2013,24.0,0.0,0,0,1,1,0,1,1,0,0,0,1,0,1,0
0,3,0,0,6,2014,43.0,0.24,0,0,0,0,0,0,0,0,1,0,0,0,0,0
0,2,0,0,1,2013,25.0,0.14285714285714285,0,0,0,0,0,1,1,0,0,0,1,0,1,0
0,9,0,0,13,2014,26.0,1.625,0,0,0,0,1,0,0,0,0,0,1,1,0,0
0,1,0,0,0,2013,36.0,0.0,0,0,1,0,0,1,0,0,1,0,0,0,1,0
0,2,0,0,1,2013,56.0,0.02631578947368421,0,0,0,0,0,1,0,1,0,0,0,0,0,1
0,1,0,0,4,2013,49.0,0.12903225806451613,0,0,0,0,0,1,1,0,0,0,1,1,0,0
0,5,0,0,1,2013,34.0,0.0625,0,0,0,0,0,1,1,0,1,0,0,0,0,1
0,3,0,0,2,2013,27.0,0.2222222222222222,0,0,0,0,0,1,0,1,0,0,0,1,0,0
0,5,0,0,0,2014,19.0,0.0,0,0,1,0,0,0,1,0,0,0,1,1,0,0
0,4,0,0,2,2013,22.0,0.5,0,0,0,1,0,1,1,0,1,0,0,1,0,0
0,4,0,0,0,2014,20.0,0.0,0,0,1,1,0,1,0,0,0,1,0,1,0,0
0,2,0,0,20,2013,58.0,0.5,0,0,0,0,0,1,1,0,1,0,0,1,0,0
0,6,0,2,2,2013,21.0,0.6666666666666666,2,1,0,1,0,1,0,1,0,0,0,0,1,0
0,9,0,0,2,2014,25.0,0.2857142857142857,0,0,0,0,0,0,0,0,0,1,0,0,1,0
0,3,0,0,6,2013,31.0,0.46153846153846156,0,0,0,0,0,0,0,0,1,0,0,1,0,0
1,8,0,0,12,2013,42.0,0.5,1,1,0,0,0,1,1,0,1,0,0,1,0,0
0,3,0,0,4,2013,51.0,0.12121212121212122,0,0,0,0,0,1,0,1,0,0,0,1,0,0
0,5,0,0,8,2009,45.0,0.2962962962962963,0,0,0,0,0,1,1,0,1,0,0,1,0,0
0,2,0,0,0,2013,26.0,0.0,0,0,1,0,0,1,0,0,1,0,0,1,0,0
0,2,0,0,0,2013,20.0,0.0,0,0,1,1,0,1,0,0,1,0,0,0,1,0
0,2,0,0,0,2014,28.0,0.0,0,0,1,0,0,1,0,0,0,0,1,0,1,0
0,3,0,0,0,2013,23.0,0.0,0,0,1,1,0,1,1,0,0,0,0,1,0,0
0,5,0,0,2,2013,22.0,0.5,0,0,0,1,0,1,0,0,1,0,0,0,1,0
0,7,0,0,2,2013,25.0,0.2857142857142857,0,0,0,0,0,1,0,1,0,0,0,0,1,0
0,1,0,0,0,2014,30.0,0.0,0,0,1,0,0,0,1,0,0,0,1,1,0,0
0,4,0,0,7,2013,33.0,0.4666666666666667,0,0,0,0,0,1,0,0,1,0,0,1,0,0
0,1,0,0,0,2014,46.0,0.0,0,0,1,0,0,1,1,0,0,0,1,1,0,0
0,3,0,0,5,2013,33.0,0.3333333333333333,0,0,0,0,0,1,0,1,0,0,0,0,1,0
0,9,0,0,16,2013,30.0,1.3333333333333333,0,0,0,0,0,1,1,0,1,0,0,1,0,0
0,1,0,0,1,2013,27.0,0.1111111111111111,0,0,0,0,0,1,0,0,0,1,0,0,0,0
0,2,0,0,1,2013,55.0,0.02702702702702703,0,0,0,0,0,0,1,0,0,0,0,0,1,0
0,7,0,0,2,2013,19.0,2.0,0,0,0,1,1,1,0,0,0,0,1,1,0,0
0,3,0,0,2,2013,25.0,0.2857142857142857,0,0,0,0,0,1,0,1,0,0,0,0,1,0
0,1,0,0,0,2013,25.0,0.0,0,0,1,0,0,1,1,0,0,0,1,0,0,1
0,10,1,0,6,2014,25.0,0.8571428571428571,1,1,0,0,0,1,0,0,1,0,0,1,0,0
0,1,0,0,3,2014,34.0,0.1875,0,0,0,0,0,0,0,0,1,0,0,0,1,0
0,9,0,0,0,2013,20.0,0.0,0,0,1,1,0,1,0,0,1,0,0,0,1,0
0,5,0,0,0,2013,18.0,0.0,0,0,1,1,0,1,0,0,0,1,0,1,0,0
0,3,0,0,0,2013,23.0,0.0,0,0,1,1,0,1,0,0,1,0,0,1,0,0
0,5,0,0,1,2013,22.0,0.25,0,0,0,1,0,1,0,0,1,0,0,1,0,0
0,6,0,0,2,2013,37.0,0.10526315789473684,0,0,0,0,0,1,1,0,0,0,1,0,0,0
0,2,0,0,0,2013,25.0,0.0,0,0,1,0,0,1,1,0,1,0,0,1,0,0
0,1,0,0,1,2013,54.0,0.027777777777777776,0,0,0,0,0,1,0,0,0,0,0,1,0,0
0,4,0,0,0,2013,33.0,0.0,0,0,1,0,0,1,0,0,1,0,0,1,0,0
0,1,0,0,0,2013,48.0,0.0,0,0,1,0,0,1,1,0,0,0,1,0,1,0
2,8,0,0,9,2013,32.0,0.6428571428571429,2,1,0,0,0,0,0,0,1,0,0,1,0,0
0,5,0,0,0,2013,20.0,0.0,0,0,1,1,0,1,1,0,0,0,0,0,1,0
0,4,0,0,6,2013,23.0,1.2,0,0,0,1,0,1,1,0,0,0,1,1,0,0
0,9,1,0,2,2013,19.0,2.0,1,1,0,1,0,1,0,0,1,0,0,0,1,0
0,9,0,0,4,2013,21.0,1.3333333333333333,0,0,0,0,0,0,1,0,0,0,1,0,1,0
0,2,0,0,0,2013,25.0,0.0,0,0,1,0,0,0,1,0,0,0,0,0,1,0
0,9,0,0,8,2013,29.0,0.7272727272727273,0,0,0,0,0,1,0,0,0,0,0,1,0,0
0,7,0,1,3,2013,22.0,0.75,1,1,0,1,0,1,0,0,1,0,0,0,1,0
0,1,0,0,0,2013,50.0,0.0,0,0,1,0,0,0,1,0,0,0,1,0,1,0
0,7,0,0,0,2013,32.0,0.0,0,0,1,0,0,1,0,0,0,1,0,0,0,1
0,5,0,0,0,2013,21.0,0.0,0,0,1,0,0,0,0,1,0,0,0,0,1,0
0,1,0,0,0,2013,54.0,0.0,0,0,1,0,0,1,0,0,0,0,1,0,0,0
0,1,0,0,2,2013,35.0,0.11764705882352941,0,0,0,0,0,1,0,0,1,0,0,0,1,0
0,5,0,0,1,2013,23.0,0.2,0,0,0,1,0,1,1,0,0,0,0,0,0,1
0,7,0,0,3,2014,18.0,3.0,0,0,0,1,0,1,0,0,0,1,0,1,0,0
0,2,0,0,2,2013,31.0,0.15384615384615385,0,0,0,0,0,1,0,1,0,0,0,1,0,0
0,9,0,0,11,2013,23.0,2.2,0,0,0,1,0,1,1,0,0,0,1,1,0,0
0,5,0,0,0,2013,22.0,0.0,0,0,1,0,0,0,0,0,1,0,0,0,1,0
0,6,0,0,4,2013,45.0,0.14814814814814814,0,0,0,0,0,1,1,0,0,0,1,0,1,0
0,10,0,0,15,2014,25.0,2.142857142857143,0,0,0,0,1,1,0,0,0,0,1,1,0,0
0,5,0,0,10,2013,26.0,1.25,0,0,0,0,0,1,0,1,0,0,0,1,0,0
0,5,0,0,0,2013,52.0,0.0,0,0,1,0,0,1,0,1,0,0,0,0,1,0
0,3,0,0,3,2013,43.0,0.12,0,0,0,0,0,1,1,0,0,0,1,0,1,0
0,7,0,0,10,2014,54.0,0.2777777777777778,0,0,0,0,0,1,1,0,0,0,1,1,0,0
0,3,0,0,0,2013,19.0,0.0,0,0,1,1,0,1,0,1,0,0,0,1,0,0
0,8,0,0,9,2013,29.0,0.8181818181818182,0,0,0,0,0,1,0,0,0,1,0,1,0,0
0,1,0,0,0,2013,52.0,0.0,0,0,1,0,0,1,0,0,0,0,0,0,1,0
0,5,0,0,3,2013,21.0,1.0,0,0,0,1,0,1,1,0,0,0,1,1,0,0
0,4,0,0,2,2013,50.0,0.0625,0,0,0,0,0,1,0,0,1,0,0,0,1,0
0,1,0,0,0,2013,37.0,0.0,0,0,1,0,0,1,0,1,0,0,0,0,0,0
0,2,0,0,0,2014,25.0,0.0,0,0,1,0,0,1,1,0,0,0,1,1,0,0
0,7,0,0,5,2013,26.0,0.625,0,0,0,0,0,0,0,0,0,0,1,1,0,0
0,1,0,0,0,2014,42.0,0.0,0,0,1,0,0,0,1,0,0,0,1,0,1,0
0,6,0,0,2,2013,22.0,0.5,0,0,0,1,0,1,1,0,1,0,0,0,0,0
0,3,0,0,4,2013,37.0,0.21052631578947367,0,0,0,0,0,1,0,0,1,0,0,0,1,0
0,4,0,0,7,2013,35.0,0.4117647058823529,0,0,0,0,0,1,0,0,1,0,0,1,0,0
0,10,0,0,3,2014,25.0,0.42857142857142855,0,0,0,0,0,1,0,0,0,1,0,1,0,0
0,1,0,0,0,2013,34.0,0.0,0,0,1,0,0,0,0,0,1,0,0,1,0,0
0,1,0,0,1,2014,38.0,0.05,0,0,0,0,0,1,0,0,1,0,0,0,1,0
0,2,0,0,0,2013,31.0,0.0,0,0,1,0,0,0,0,0,1,0,0,0,0,0
0,1,0,0,1,2013,53.0,0.02857142857142857,0,0,0,0,0,1,0,0,1,0,0,1,0,0
0,9,0,0,3,2013,31.0,0.23076923076923078,0,0,0,0,0,1,1,0,1,0,0,1,0,0
0,4,0,0,1,2013,26.0,0.125,0,0,0,0,0,1,0,0,1,0,0,1,0,0
0,7,0,0,8,2013,42.0,0.3333333333333333,0,0,0,0,0,1,0,0,0,0,1,0,0,1
0,4,0,0,1,2013,19.0,1.0,0,0,0,1,0,1,0,0,0,0,1,0,1,0
0,8,0,0,0,2013,19.0,0.0,0,0,1,0,0,0,1,0,1,0,0,1,0,0
0,4,0,0,0,2014,19.0,0.0,0,0,1,1,0,1,1,0,0,0,1,1,0,0
0,1,0,0,1,2013,53.0,0.02857142857142857,0,0,0,0,0,1,1,0,0,0,1,0,1,0
0,3,0,0,4,2013,45.0,0.14814814814814814,0,0,0,0,0,1,0,0,0,0,0,1,0,0
0,2,0,0,1,2014,25.0,0.14285714285714285,0,0,0,0,0,1,1,0,0,0,1,0,0,1
0,6,0,0,2,2013,24.0,0.3333333333333333,0,0,0,1,0,1,0,0,0,1,0,0,1,0
0,2,0,0,1,2013,31.0,0.07692307692307693,0,0,0,0,0,1,0,0,0,0,1,0,0,1
0,6,0,1,5,2014,21.0,1.6666666666666667,1,1,0,1,0,1,0,0,1,0,0,1,0,0
0,5,0,0,3,2013,45.0,0.1111111111111111,0,0,0,0,0,1,0,0,1,0,0,1,0,0
0,3,1,0,6,2013,30.0,0.5,1,1,0,0,0,1,1,0,1,0,0,1,0,0
0,1,0,0,1,2004,46.0,0.03571428571428571,0,0,0,0,0,1,0,1,0,0,0,0,1,0
0,5,0,0,1,2013,31.0,0.07692307692307693,0,0,0,0,0,0,0,0,1,0,0,1,0,0
0,5,0,0,2,2013,37.0,0.10526315789473684,0,0,0,0,0,0,1,0,1,0,0,1,0,0
0,5,0,0,0,2013,18.0,0.0,0,0,1,1,0,1,0,1,0,0,0,0,1,0
0,3,0,0,2,2013,36.0,0.1111111111111111,0,0,0,0,0,1,0,0,1,0,0,0,1,0
0,1,0,1,1,2013,32.0,0.07142857142857142,1,1,0,0,0,1,0,1,0,0,0,0,1,0
0,2,0,0,0,2013,19.0,0.0,0,0,1,1,0,1,1,0,1,0,0,0,0,1
0,6,0,0,7,2014,41.0,0.30434782608695654,0,0,0,0,0,1,0,0,1,0,0,1,0,0
0,4,0,0,4,2013,34.0,0.25,0,0,0,0,0,1,1,0,0,1,0,0,0,1
0,8,0,0,2,2013,23.0,0.4,0,0,0,1,0,1,0,1,0,0,0,1,0,0
0,4,0,0,0,2014,58.0,0.0,0,0,1,0,0,1,0,0,0,1,0,0,0,1
0,4,0,0,1,2014,36.0,0.05555555555555555,0,0,0,0,0,0,0,0,1,0,0,0,1,0
0,8,0,1,16,2014,35.0,0.9411764705882353,1,1,0,0,0,1,1,0,0,0,1,1,0,0
0,4,0,0,0,2013,18.0,0.0,0,0,1,1,0,1,1,0,1,0,0,0,1,0
0,3,0,0,1,2014,27.0,0.1111111111111111,0,0,0,0,0,0,0,0,0,1,0,0,0,1
0,1,0,0,0,2013,67.0,0.0,0,0,1,0,0,0,0,0,0,1,0,0,0,0
0,2,0,0,6,2013,51.0,0.18181818181818182,0,0,0,0,0,1,0,0,1,0,0,1,0,0
0,6,0,0,0,2013,33.0,0.0,0,0,1,0,0,1,0,0,1,0,0,0,1,0
0,6,0,0,1,2014,19.0,1.0,0,0,0,1,0,1,0,0,0,1,0,1,0,0
0,6,0,0,1,2013,25.0,0.14285714285714285,0,0,0,0,0,1,0,0,0,1,0,1,0,0
0,6,0,0,1,2013,18.0,1.0,0,0,0,1,0,1,0,0,1,0,0,1,0,0
0,1,0,0,0,2013,53.0,0.0,0,0,1,0,0,1,0,0,0,0,1,1,0,0
0,3,0,0,3,2014,28.0,0.3,0,0,0,0,0,1,1,0,0,0,1,0,1,0
0,8,0,0,0,2014,25.0,0.0,0,0,1,0,0,1,0,0,0,1,0,0,1,0
0,2,0,0,6,2013,34.0,0.375,0,0,0,0,0,1,0,0,0,0,0,0,0,1
0,8,0,0,1,2013,24.0,0.16666666666666666,0,0,0,1,0,1,0,0,0,1,0,1,0,0
0,7,0,1,7,2013,38.0,0.35,1,1,0,0,0,1,1,0,0,0,1,1,0,0
0,3,0,0,7,2014,28.0,0.7,0,0,0,0,0,0,1,0,0,0,1,1,0,0
0,8,1,3,7,2014,30.0,0.5833333333333334,4,1,0,0,0,1,0,0,0,0,1,1,0,0
0,4,0,0,3,2013,29.0,0.2727272727272727,0,0,0,0,0,1,0,0,0,1,0,1,0,0
0,5,0,0,5,2014,32.0,0.35714285714285715,0,0,0,0,0,0,0,1,0,0,0,0,1,0
0,1,0,0,3,2013,43.0,0.12,0,0,0,0,0,1,0,0,0,0,1,1,0,0
0,3,0,0,1,2014,22.0,0.25,0,0,0,1,0,1,0,0,0,0,1,1,0,0
0,6,0,1,7,2013,29.0,0.6363636363636364,1,1,0,0,0,1,0,0,0,1,0,1,0,0
0,4,0,0,6,2013,41.0,0.2608695652173913,0,0,0,0,0,1,0,1,0,0,0,0,1,0
0,2,0,0,3,2013,48.0,0.1,0,0,0,0,0,1,0,1,0,0,0,0,1,0
3,4,0,0,4,2013,27.0,0.4444444444444444,3,1,0,0,0,1,0,0,0,0,1,0,1,0
0,7,0,0,3,2013,34.0,0.1875,0,0,0,0,0,1,1,0,0,0,1,1,0,0
0,5,0,0,1,2014,35.0,0.058823529411764705,0,0,0,0,0,1,0,0,0,1,0,0,0,1
0,4,0,0,3,2014,38.0,0.15,0,0,0,0,0,1,1,0,0,0,0,0,1,0
0,1,0,0,0,2013,50.0,0.0,0,0,1,0,0,0,1,0,0,0,0,0,1,0
0,2,0,0,6,2013,29.0,0.5454545454545454,0,0,0,0,0,1,1,0,0,0,1,0,0,0
0,3,0,0,4,2014,31.0,0.3076923076923077,0,0,0,0,0,1,1,0,0,0,1,1,0,0
0,4,0,0,0,2013,19.0,0.0,0,0,1,0,0,0,1,0,0,0,1,1,0,0
0,3,0,0,2,2013,24.0,0.3333333333333333,0,0,0,1,0,1,1,0,0,0,1,1,0,0
0,8,0,0,5,2013,22.0,1.25,0,0,0,1,0,1,1,0,0,0,1,1,0,0
0,2,0,0,2,2013,22.0,0.5,0,0,0,1,0,1,0,0,1,0,0,0,1,0
0,5,0,0,2,2013,22.0,0.5,0,0,0,0,0,0,0,0,0,1,0,1,0,0
0,7,0,0,1,2013,23.0,0.2,0,0,0,0,0,0,0,0,1,0,0,1,0,0
0,10,0,0,3,2014,24.0,0.5,0,0,0,0,0,0,0,1,0,0,0,1,0,0
0,4,0,0,0,2013,18.0,0.0,0,0,1,1,0,1,0,1,0,0,0,0,1,0
0,6,0,0,4,2013,24.0,0.6666666666666666,0,0,0,1,0,1,1,0,1,0,0,1,0,0
0,3,0,0,1,2013,22.0,0.25,0,0,0,1,0,1,0,0,1,0,0,0,1,0
0,7,0,0,8,2013,24.0,1.3333333333333333,0,0,0,1,0,1,0,0,1,0,0,1,0,0
0,5,0,0,5,2013,23.0,1.0,0,0,0,1,0,1,1,0,0,0,1,0,1,0
0,1,0,0,0,2014,52.0,0.0,0,0,1,0,0,1,0,0,0,0,1,0,0,1
0,6,0,0,13,2013,61.0,0.3023255813953488,0,0,0,0,0,1,1,1,0,0,0,1,0,0
0,2,0,0,0,2014,22.0,0.0,0,0,1,1,0,1,0,0,1,0,0,0,1,0
0,1,0,0,0,2013,54.0,0.0,0,0,1,0,0,0,1,0,0,0,0,0,1,0
0,1,0,0,0,2013,43.0,0.0,0,0,1,0,0,0,1,0,1,0,0,0,1,0
0,5,0,0,16,2013,53.0,0.45714285714285713,0,0,0,0,0,1,0,1,0,0,0,1,0,0
0,2,0,0,0,2013,36.0,0.0,0,0,1,0,0,0,1,0,0,0,0,0,1,0
0,1,0,0,4,2014,66.0,0.08333333333333333,0,0,0,0,0,1,1,0,0,0,1,0,1,0
0,3,0,0,1,2013,25.0,0.14285714285714285,0,0,0,0,0,1,1,0,0,0,1,1,0,0
0,6,0,0,19,2014,37.0,1.0,0,0,0,0,0,1,1,0,0,0,1,1,0,0
0,1,0,0,0,2013,36.0,0.0,0,0,1,0,0,1,1,0,0,0,0,0,1,0
0,10,0,0,3,2014,23.0,0.6,0,0,0,0,0,0,1,0,1,0,0,1,0,0
0,5,0,1,2,2013,21.0,0.6666666666666666,1,1,0,1,0,1,0,1,0,0,0,0,1,0
0,7,0,0,3,2014,19.0,3.0,0,0,0,1,0,1,0,0,1,0,0,1,0,0
0,5,0,0,2,2013,28.0,0.2,0,0,0,0,0,1,0,1,0,0,0,0,1,0
0,6,0,0,3,2013,30.0,0.25,0,0,0,0,0,1,0,0,0,1,0,1,0,0
0,10,0,0,20,2014,24.0,3.3333333333333335,0,0,0,1,0,1,0,0,1,0,0,1,0,0
0,8,0,0,13,2013,32.0,0.9285714285714286,0,0,0,0,0,0,0,0,0,0,1,1,0,0
0,8,6,1,19,2013,32.0,1.3571428571428572,7,1,0,0,0,1,1,0,1,0,0,1,0,0
0,9,0,0,31,2013,38.0,1.55,0,0,0,0,0,1,0,0,0,0,0,0,0,0
0,1,0,0,0,2013,54.0,0.0,0,0,1,0,0,1,1,0,0,0,1,0,0,0
0,2,0,0,1,2013,39.0,0.047619047619047616,0,0,0,0,0,0,0,1,0,0,0,1,0,0
1,10,2,0,9,2013,23.0,1.8,3,1,0,1,0,1,0,0,1,0,0,1,0,0
0,6,0,0,2,2014,34.0,0.125,0,0,0,0,0,1,0,0,0,1,0,1,0,0
1,10,1,0,24,2014,39.0,1.1428571428571428,2,1,0,0,0,1,0,1,0,0,0,1,0,0
0,2,0,0,0,2013,24.0,0.0,0,0,1,1,0,1,0,0,0,1,0,0,1,0
0,1,0,0,0,2013,55.0,0.0,0,0,1,0,0,0,0,1,0,0,0,0,0,0
0,1,0,0,3,2013,43.0,0.12,0,0,0,0,0,1,0,0,1,0,0,0,1,0
0,2,0,0,5,2013,31.0,0.38461538461538464,0,0,0,0,0,1,0,1,0,0,0,0,1,0
0,1,0,0,0,2013,47.0,0.0,0,0,1,0,0,1,1,0,0,0,0,0,0,1
0,8,1,0,6,2014,23.0,1.2,1,1,0,1,0,1,0,0,1,0,0,0,1,0
0,5,0,0,2,2014,22.0,0.5,0,0,0,1,0,1,1,0,0,0,1,1,0,0
0,7,0,0,2,2012,23.0,0.4,0,0,0,1,0,1,0,0,1,0,0,1,0,0
0,4,0,1,2,2013,26.0,0.25,1,1,0,0,0,1,1,0,0,0,0,0,1,0
0,8,2,0,3,2013,19.0,3.0,2,1,0,1,0,1,0,1,0,0,0,0,1,0
0,5,0,0,0,2013,24.0,0.0,0,0,1,1,0,1,0,0,1,0,0,1,0,0
0,3,0,0,0,2014,18.0,0.0,0,0,1,1,0,1,0,0,1,0,0,0,0,0
0,5,0,0,19,2014,39.0,0.9047619047619048,0,0,0,0,0,1,0,0,1,0,0,1,0,0
0,1,0,0,0,2013,27.0,0.0,0,0,1,0,0,1,0,0,0,0,1,0,1,0
0,8,0,0,3,2013,20.0,1.5,0,0,0,1,0,1,0,0,1,0,0,1,0,0
0,1,0,0,0,2013,36.0,0.0,0,0,1,0,0,1,1,0,0,0,1,1,0,0
0,2,0,0,3,2013,29.0,0.2727272727272727,0,0,0,0,0,0,0,0,0,1,0,1,0,0
0,6,0,0,0,2014,27.0,0.0,0,0,1,0,0,0,0,0,0,1,0,0,1,0
0,1,0,0,0,2014,36.0,0.0,0,0,1,0,0,1,0,0,1,0,0,0,0,0
0,10,1,0,24,2013,23.0,4.8,1,1,0,1,0,1,0,0,0,0,0,1,0,0
0,6,0,0,2,2014,22.0,0.5,0,0,0,1,0,1,0,0,0,0,1,1,0,0
0,1,0,0,2,2013,27.0,0.2222222222222222,0,0,0,0,0,1,0,0,1,0,0,0,0,0
1,10,1,1,4,2013,18.0,4.0,3,1,0,1,0,1,0,0,0,1,0,1,0,0
0,6,0,1,1,2014,23.0,0.2,1,1,0,1,0,1,1,0,0,0,1,1,0,0
0,4,0,0,0,2014,30.0,0.0,0,0,1,0,0,0,0,0,0,1,0,0,1,0
0,5,0,0,0,2013,22.0,0.0,0,0,1,1,0,1,1,0,0,0,1,1,0,0
0,1,0,0,0,2014,39.0,0.0,0,0,1,0,0,1,0,0,0,1,0,0,1,0
0,3,0,0,0,2013,21.0,0.0,0,0,1,1,0,1,0,0,0,1,0,0,1,0
0,5,0,0,2,2013,22.0,0.5,0,0,0,1,0,1,0,0,1,0,0,1,0,0
0,4,0,0,1,2013,19.0,1.0,0,0,0,1,0,1,0,1,0,0,0,1,0,0
0,7,0,0,0,2013,23.0,0.0,0,0,1,0,0,0,0,1,0,0,0,1,0,0
0,2,0,0,0,2013,35.0,0.0,0,0,1,0,0,1,1,0,0,0,1,1,0,0
0,5,0,0,0,2013,37.0,0.0,0,0,1,0,0,1,0,0,0,1,0,0,0,1
0,2,0,0,4,2013,46.0,0.14285714285714285,0,0,0,0,0,0,1,0,0,0,1,0,1,0
0,3,0,0,2,2013,33.0,0.13333333333333333,0,0,0,0,0,0,1,0,0,0,0,0,1,0
0,6,0,1,0,2013,18.0,0.0,1,1,1,1,0,1,1,0,0,0,1,0,0,0
0,4,0,0,0,2013,23.0,0.0,0,0,1,1,0,1,0,0,1,0,0,0,0,0
0,4,0,0,1,2013,19.0,1.0,0,0,0,1,0,1,0,1,0,0,0,0,1,0
0,9,0,1,11,2013,22.0,2.75,1,1,0,0,0,0,1,0,0,1,0,1,0,0
0,3,0,0,3,2013,25.0,0.42857142857142855,0,0,0,0,0,1,0,0,0,1,0,0,1,0
0,6,0,0,4,2013,31.0,0.3076923076923077,0,0,0,0,0,1,0,0,1,0,0,1,0,0
0,7,0,0,8,2013,54.0,0.2222222222222222,0,0,0,0,0,1,1,0,1,0,0,1,0,0
0,9,0,0,15,2013,36.0,0.8333333333333334,0,0,0,0,0,1,0,0,1,0,0,1,0,0
0,4,0,0,2,2014,20.0,1.0,0,0,0,1,0,1,1,0,0,0,1,1,0,0
0,6,0,0,3,2013,34.0,0.1875,0,0,0,0,0,1,1,0,1,0,0,1,0,0
0,6,0,0,0,2013,41.0,0.0,0,0,1,0,0,0,0,0,0,1,0,1,0,0
0,7,0,0,5,2013,24.0,0.8333333333333334,0,0,0,1,0,1,0,0,1,0,0,1,0,0
0,3,0,0,2,2013,21.0,0.6666666666666666,0,0,0,1,0,1,0,0,1,0,0,0,1,0
0,1,0,0,1,2014,54.0,0.027777777777777776,0,0,0,0,0,1,0,0,1,0,0,0,1,0
0,7,0,1,2,2013,20.0,1.0,1,1,0,1,0,1,0,0,1,0,0,1,0,0
0,6,0,0,12,2013,41.0,0.5217391304347826,0,0,0,0,0,1,0,0,1,0,0,0,1,0
0,1,0,0,0,2013,30.0,0.0,0,0,1,0,0,1,1,0,0,0,1,0,0,0
0,9,0,0,0,2013,19.0,0.0,0,0,1,1,0,1,0,0,1,0,0,1,0,0
0,3,0,0,2,2013,48.0,0.06666666666666667,0,0,0,0,0,1,0,0,0,0,1,1,0,0
0,10,0,0,0,2014,18.0,0.0,0,0,1,1,0,1,1,0,0,0,0,1,0,0
0,10,0,0,17,2014,40.0,0.7727272727272727,0,0,0,0,0,1,0,1,0,0,0,1,0,0
0,1,0,0,1,2014,56.0,0.02631578947368421,0,0,0,0,0,1,1,0,0,0,1,0,0,1
0,2,0,1,1,2013,25.0,0.14285714285714285,1,1,0,0,0,0,0,0,1,0,0,0,0,0
0,3,0,0,2,2013,27.0,0.2222222222222222,0,0,0,0,0,0,1,0,0,0,1,1,0,0
1,6,1,1,4,2014,26.0,0.5,3,1,0,0,0,1,1,0,0,1,0,0,1,0
0,10,0,0,9,2013,21.0,3.0,0,0,0,0,0,0,1,1,0,0,0,0,1,0
0,9,0,0,1,2013,19.0,1.0,0,0,0,1,0,1,0,0,1,0,0,1,0,0
0,2,0,0,1,2013,47.0,0.034482758620689655,0,0,0,0,0,1,0,0,0,0,1,0,1,0
0,9,0,0,5,2013,26.0,0.625,0,0,0,0,0,1,1,0,0,0,1,1,0,0
0,2,0,0,0,2014,27.0,0.0,0,0,1,0,0,1,0,0,0,0,1,0,1,0
0,7,0,0,3,2014,19.0,3.0,0,0,0,1,0,1,0,0,1,0,0,1,0,0
0,1,0,1,2,2014,24.0,0.3333333333333333,1,1,0,1,0,1,1,0,0,0,1,0,0,1
0,5,0,0,0,2013,48.0,0.0,0,0,1,0,0,0,0,0,0,0,1,0,1,0
0,7,0,0,1,2013,18.0,1.0,0,0,0,1,0,1,0,0,0,0,1,1,0,0
0,2,0,0,0,2013,26.0,0.0,0,0,1,0,0,1,0,0,0,1,0,0,1,0
0,4,0,0,0,2014,41.0,0.0,0,0,1,0,0,1,1,0,0,0,1,0,1,0
0,4,0,0,1,2013,19.0,1.0,0,0,0,1,0,1,0,0,1,0,0,1,0,0
0,7,0,0,0,2013,49.0,0.0,0,0,1,0,0,1,0,1,0,0,0,1,0,0
0,1,0,0,0,2013,33.0,0.0,0,0,1,0,0,1,0,0,0,0,1,1,0,0
0,2,0,0,0,2013,22.0,0.0,0,0,1,1,0,1,0,0,1,0,0,1,0,0
0,6,1,0,5,2013,23.0,1.0,1,1,0,1,0,1,0,0,1,0,0,1,0,0
0,8,0,0,8,2013,24.0,1.3333333333333333,0,0,0,1,0,1,1,0,1,0,0,1,0,0
0,8,0,0,0,2014,18.0,0.0,0,0,1,1,0,1,1,0,0,0,1,0,1,0
0,5,0,0,2,2013,23.0,0.4,0,0,0,1,0,1,0,0,1,0,0,0,1,0
0,4,0,0,0,2013,26.0,0.0,0,0,1,0,0,0,0,0,0,1,0,1,0,0
0,10,0,0,20,2014,28.0,2.0,0,0,0,0,0,0,0,0,0,0,0,0,1,0
0,4,0,0,1,2014,37.0,0.05263157894736842,0,0,0,0,0,1,0,0,1,0,0,1,0,0
1,6,0,0,5,2013,32.0,0.35714285714285715,1,1,0,0,0,1,0,0,0,0,1,1,0,0
0,4,0,0,2,2013,20.0,1.0,0,0,0,1,0,1,0,0,1,0,0,0,0,0
0,5,0,0,0,2013,23.0,0.0,0,0,1,1,0,1,0,0,1,0,0,0,0,0
0,2,0,0,1,2013,26.0,0.125,0,0,0,0,0,0,1,0,0,0,1,1,0,0
0,5,0,0,1,2013,21.0,0.3333333333333333,0,0,0,1,0,1,0,0,0,1,0,1,0,0
0,8,0,0,1,2013,28.0,0.1,0,0,0,0,0,1,0,0,0,0,1,0,0,1
0,1,0,0,0,2014,48.0,0.0,0,0,1,0,0,1,0,0,0,0,1,0,1,0
0,7,0,0,0,2013,21.0,0.0,0,0,1,0,0,0,1,0,1,0,0,1,0,0
0,3,0,0,0,2014,29.0,0.0,0,0,1,0,0,0,0,0,0,0,1,1,0,0
0,9,0,0,13,2013,34.0,0.8125,0,0,0,0,0,1,0,0,1,0,0,1,0,0
0,9,0,0,13,2013,29.0,1.1818181818181819,0,0,0,0,0,1,1,0,1,0,0,1,0,0
0,2,0,0,1,2013,39.0,0.047619047619047616,0,0,0,0,0,1,1,0,0,0,1,1,0,0
0,7,0,0,0,2013,19.0,0.0,0,0,1,1,0,1,0,0,1,0,0,1,0,0
0,7,0,0,5,2013,23.0,1.0,0,0,0,1,0,1,0,0,0,1,0,1,0,0
0,8,0,0,10,2013,23.0,2.0,0,0,0,1,0,1,0,0,0,0,0,1,0,0
0,5,0,0,3,2014,29.0,0.2727272727272727,0,0,0,0,0,1,1,0,0,0,1,0,0,1
0,2,0,0,3,2014,51.0,0.09090909090909091,0,0,0,0,0,1,1,0,0,0,1,0,1,0
0,6,1,2,2,2013,20.0,1.0,3,1,0,1,0,1,0,0,0,0,1,1,0,0
0,3,0,0,0,2013,19.0,0.0,0,0,1,1,0,1,0,0,0,0,1,0,1,0
0,2,0,0,0,2013,24.0,0.0,0,0,1,1,0,1,1,0,0,0,1,0,1,0
0,4,0,0,0,2013,18.0,0.0,0,0,1,0,0,0,1,0,0,0,1,0,0,0
0,7,0,0,2,2014,41.0,0.08695652173913043,0,0,0,0,0,1,0,0,1,0,0,0,1,0
0,5,0,0,4,2014,29.0,0.36363636363636365,0,0,0,0,0,1,0,0,1,0,0,1,0,0
0,1,0,0,0,2013,77.0,0.0,0,0,1,0,0,1,1,0,0,0,1,0,1,0
0,4,0,0,6,2013,65.0,0.1276595744680851,0,0,0,0,0,1,1,0,0,0,0,1,0,0
0,8,0,0,1,2013,20.0,0.5,0,0,0,1,0,1,0,0,0,1,0,1,0,0
0,6,0,0,4,2014,34.0,0.25,0,0,0,0,0,1,0,0,1,0,0,1,0,0
0,10,0,0,0,2013,21.0,0.0,0,0,1,1,0,1,0,1,0,0,0,0,1,0
0,8,0,1,0,2013,18.0,0.0,1,1,1,1,0,1,0,0,0,0,1,0,1,0
0,4,0,0,3,2014,24.0,0.5,0,0,0,1,0,1,1,0,0,0,1,1,0,0
0,7,0,0,8,2013,27.0,0.8888888888888888,0,0,0,0,0,0,0,0,1,0,0,1,0,0
0,5,0,0,1,2013,33.0,0.06666666666666667,0,0,0,0,0,1,0,1,0,0,0,0,1,0
0,8,0,0,0,2013,19.0,0.0,0,0,1,1,0,1,0,0,0,0,1,1,0,0
0,5,0,0,1,2013,28.0,0.1,0,0,0,0,0,0,1,0,1,0,0,1,0,0
0,6,0,0,0,2013,18.0,0.0,0,0,1,0,0,0,0,0,0,1,0,1,0,0
0,8,0,0,4,2013,46.0,0.14285714285714285,0,0,0,0,0,1,1,0,1,0,0,0,1,0
0,9,0,0,0,2013,21.0,0.0,0,0,1,1,0,1,0,1,0,0,0,0,1,0
0,8,0,0,0,2014,18.0,0.0,0,0,1,1,0,1,0,0,1,0,0,1,0,0
0,1,0,0,1,2013,42.0,0.041666666666666664,0,0,0,0,0,1,1,0,0,0,1,0,1,0
0,3,0,0,1,2013,23.0,0.2,0,0,0,0,0,0,0,0,1,0,0,1,0,0
0,4,0,0,11,2014,40.0,0.5,0,0,0,0,0,1,0,0,0,1,0,0,1,0
0,2,0,0,1,2013,23.0,0.2,0,0,0,1,0,1,0,0,1,0,0,1,0,0
0,1,0,0,0,2013,42.0,0.0,0,0,1,0,0,1,1,0,0,0,1,0,0,1
0,1,0,0,0,2013,30.0,0.0,0,0,1,0,0,1,0,0,1,0,0,1,0,0
0,7,0,0,0,2014,18.0,0.0,0,0,1,1,0,1,0,0,0,0,1,1,0,0
0,6,0,0,1,2014,20.0,0.5,0,0,0,1,0,1,0,0,0,1,0,1,0,0
0,5,0,0,3,2013,41.0,0.13043478260869565,0,0,0,0,0,1,0,0,0,1,0,0,1,0
0,9,0,1,1,2014,21.0,0.3333333333333333,1,1,0,1,0,1,0,0,1,0,0,1,0,0
0,8,0,0,0,2014,33.0,0.0,0,0,1,0,0,1,1,0,0,0,1,1,0,0
0,1,0,0,0,2013,38.0,0.0,0,0,1,0,0,0,1,0,0,0,1,1,0,0
0,5,0,0,1,2013,27.0,0.1111111111111111,0,0,0,0,0,1,0,0,0,1,0,1,0,0
0,2,0,0,7,2014,33.0,0.4666666666666667,0,0,0,0,0,1,0,1,0,0,0,1,0,0
0,1,0,0,1,2014,24.0,0.16666666666666666,0,0,0,1,0,1,0,0,0,1,0,1,0,0
0,2,0,0,0,2013,29.0,0.0,0,0,1,0,0,0,0,1,0,0,0,0,0,1
0,3,0,0,0,2013,20.0,0.0,0,0,1,1,0,1,1,0,1,0,0,0,1,0
0,9,0,1,9,2014,41.0,0.391304347826087,1,1,0,0,0,0,1,0,0,0,1,1,0,0
0,2,0,0,3,2013,27.0,0.3333333333333333,0,0,0,0,0,1,0,0,1,0,0,1,0,0
0,1,0,0,1,2013,41.0,0.043478260869565216,0,0,0,0,0,1,0,1,0,0,0,0,1,0
0,1,0,0,1,2014,37.0,0.05263157894736842,0,0,0,0,0,1,0,0,1,0,0,0,1,0
0,1,0,0,2,2013,34.0,0.125,0,0,0,0,0,1,0,0,0,0,1,0,0,1
0,8,0,0,6,2013,28.0,0.6,0,0,0,0,0,1,0,0,1,0,0,1,0,0
0,1,0,0,5,2013,59.0,0.12195121951219512,0,0,0,0,0,1,1,0,1,0,0,0,1,0
0,8,0,0,11,2013,64.0,0.2391304347826087,0,0,0,0,0,0,0,0,1,0,0,1,0,0
2,8,0,0,2,2014,18.0,2.0,2,1,0,1,0,1,0,0,1,0,0,0,0,1
0,5,0,2,3,2013,21.0,1.0,2,1,0,1,0,1,0,0,1,0,0,0,1,0
1,10,0,3,2,2013,18.0,2.0,4,1,0,1,0,1,1,0,0,0,1,0,1,0
0,2,0,0,0,2013,45.0,0.0,0,0,1,0,0,0,0,0,1,0,0,0,1,0
0,1,0,0,0,2013,34.0,0.0,0,0,1,0,0,1,0,0,1,0,0,1,0,0
0,2,0,0,0,2014,19.0,0.0,0,0,1,1,0,1,1,0,0,0,1,1,0,0
0,5,0,0,0,2014,18.0,0.0,0,0,1,0,0,0,1,0,1,0,0,0,0,0
0,1,0,0,0,2013,61.0,0.0,0,0,1,0,0,0,1,0,0,0,1,0,1,0
0,6,0,0,0,2013,19.0,0.0,0,0,1,1,0,1,1,0,0,0,0,0,1,0
0,3,0,0,8,2013,40.0,0.36363636363636365,0,0,0,0,0,1,0,0,1,0,0,0,1,0
0,7,0,0,3,2013,22.0,0.75,0,0,0,1,0,1,0,0,1,0,0,0,1,0
0,9,0,0,10,2013,30.0,0.8333333333333334,0,0,0,0,0,1,0,0,0,1,0,0,1,0
0,6,0,0,1,2013,24.0,0.16666666666666666,0,0,0,1,0,1,0,0,0,0,0,1,0,0
0,3,0,0,1,2009,26.0,0.125,0,0,0,0,0,0,1,0,1,0,0,0,1,0
0,1,0,0,0,2013,41.0,0.0,0,0,1,0,0,1,0,0,0,0,1,1,0,0
0,2,0,0,0,2014,28.0,0.0,0,0,1,0,0,1,0,1,0,0,0,1,0,0
0,6,0,0,9,2013,47.0,0.3103448275862069,0,0,0,0,0,1,1,0,1,0,0,0,1,0
0,9,2,2,16,2013,29.0,1.4545454545454546,4,1,0,0,0,1,0,0,1,0,0,1,0,0
0,10,0,0,1,2013,28.0,0.1,0,0,0,0,0,1,0,0,1,0,0,1,0,0
0,3,0,0,0,2013,22.0,0.0,0,0,1,0,0,0,1,0,1,0,0,0,0,1
0,2,0,0,2,2013,41.0,0.08695652173913043,0,0,0,0,0,0,1,0,1,0,0,1,0,0
0,1,0,0,0,2014,25.0,0.0,0,0,1,0,0,1,1,0,1,0,0,1,0,0
0,1,0,0,2,2003,21.0,0.6666666666666666,0,0,0,1,0,1,1,0,1,0,0,0,0,0
0,1,0,0,0,2013,41.0,0.0,0,0,1,0,0,1,0,0,1,0,0,0,0,0
0,10,0,0,6,2012,27.0,0.6666666666666666,0,0,0,0,0,1,1,0,0,0,1,1,0,0
0,3,0,0,2,2013,23.0,0.4,0,0,0,1,0,1,0,0,0,1,0,1,0,0
2,9,2,0,4,2013,18.0,4.0,4,1,0,1,0,1,0,1,0,0,0,1,0,0
0,2,0,0,1,2014,39.0,0.047619047619047616,0,0,0,0,0,1,0,1,0,0,0,0,0,1
0,1,0,0,0,2014,53.0,0.0,0,0,1,0,0,0,1,0,0,0,1,0,0,1
3,2,0,0,6,2014,27.0,0.6666666666666666,3,1,0,0,0,1,0,0,1,0,0,1,0,0
0,1,0,0,0,2013,28.0,0.0,0,0,1,0,0,1,1,0,0,0,1,0,0,0
0,7,0,1,11,2014,30.0,0.9166666666666666,1,1,0,0,0,1,0,0,0,1,0,1,0,0
0,1,0,0,0,2013,48.0,0.0,0,0,1,0,0,1,0,0,1,0,0,0,0,0
0,1,0,0,0,2013,56.0,0.0,0,0,1,0,0,1,1,0,1,0,0,0,1,0
0,1,0,0,1,2013,46.0,0.03571428571428571,0,0,0,0,0,1,1,0,0,0,1,1,0,0
0,6,0,0,11,2013,33.0,0.7333333333333333,0,0,0,0,0,1,1,0,0,0,1,0,1,0
0,3,0,0,1,2013,20.0,0.5,0,0,0,0,0,0,0,0,0,0,1,1,0,0
0,7,0,0,26,2014,44.0,1.0,0,0,0,0,0,1,0,0,0,1,0,0,1,0
0,1,0,0,2,2013,56.0,0.05263157894736842,0,0,0,0,0,1,1,0,0,0,1,0,1,0
0,1,0,0,1,2013,49.0,0.03225806451612903,0,0,0,0,0,1,0,0,1,0,0,0,0,1
0,1,0,0,0,2013,31.0,0.0,0,0,1,0,0,1,0,0,0,0,0,1,0,0
0,1,0,0,0,2013,30.0,0.0,0,0,1,0,0,1,0,0,1,0,0,0,0,0
0,3,0,0,1,2013,51.0,0.030303030303030304,0,0,0,0,0,1,0,0,1,0,0,1,0,0
0,10,1,0,3,2013,21.0,1.0,1,1,0,1,0,1,0,0,1,0,0,1,0,0
0,3,0,0,0,2013,29.0,0.0,0,0,1,0,0,1,1,0,0,0,1,0,0,0
0,5,0,0,0,2013,20.0,0.0,0,0,1,1,0,1,0,1,0,0,0,0,1,0
0,1,0,0,0,2013,33.0,0.0,0,0,1,0,0,1,0,0,1,0,0,1,0,0
0,1,0,0,0,2013,58.0,0.0,0,0,1,0,0,1,1,0,0,1,0,0,1,0
0,2,0,0,0,2013,35.0,0.0,0,0,1,0,0,0,1,0,1,0,0,1,0,0
0,2,0,0,9,2013,38.0,0.45,0,0,0,0,0,1,0,0,1,0,0,0,0,1
0,1,0,0,2,2014,32.0,0.14285714285714285,0,0,0,0,0,1,1,0,1,0,0,0,0,1
0,3,0,0,0,2013,29.0,0.0,0,0,1,0,0,1,0,0,0,0,1,1,0,0
0,7,0,0,1,2013,35.0,0.058823529411764705,0,0,0,0,0,1,0,1,0,0,0,0,1,0
0,8,0,0,4,2013,18.0,4.0,0,0,0,1,0,1,0,0,0,1,0,1,0,0
0,1,0,0,0,2014,55.0,0.0,0,0,1,0,0,1,0,1,0,0,0,1,0,0
0,4,0,0,2,2013,66.0,0.041666666666666664,0,0,0,0,0,1,0,0,1,0,0,1,0,0
0,3,0,0,0,2014,22.0,0.0,0,0,1,1,0,1,1,0,0,0,1,1,0,0
0,1,0,0,3,2014,44.0,0.11538461538461539,0,0,0,0,0,1,0,0,1,0,0,1,0,0
0,4,0,0,1,2014,39.0,0.047619047619047616,0,0,0,0,0,1,0,0,0,0,1,0,1,0
0,2,0,0,0,2013,27.0,0.0,0,0,1,0,0,1,0,0,1,0,0,0,0,0
0,8,0,2,8,2013,22.0,2.0,2,1,0,1,0,1,0,0,0,0,0,1,0,0
0,7,0,0,7,2014,21.0,2.3333333333333335,0,0,0,1,0,1,0,0,1,0,0,1,0,0
0,4,0,0,1,2014,39.0,0.047619047619047616,0,0,0,0,0,1,0,0,0,1,0,1,0,0
0,1,0,0,4,2014,53.0,0.11428571428571428,0,0,0,0,0,1,0,0,1,0,0,0,0,0
0,4,0,0,1,2013,29.0,0.09090909090909091,0,0,0,0,0,1,0,0,1,0,0,0,1,0
0,2,0,0,0,2014,21.0,0.0,0,0,1,1,0,1,0,0,0,1,0,1,0,0
0,9,0,0,28,2014,45.0,1.037037037037037,0,0,0,0,0,0,0,0,1,0,0,0,1,0
0,1,0,0,0,2013,48.0,0.0,0,0,1,0,0,0,0,1,0,0,0,0,1,0
0,2,0,0,1,2014,34.0,0.0625,0,0,0,0,0,1,1,0,0,0,1,0,1,0
0,1,0,0,0,2013,54.0,0.0,0,0,1,0,0,1,1,0,0,0,1,0,0,1
0,1,0,0,0,2013,41.0,0.0,0,0,1,0,0,1,1,0,0,0,0,1,0,0
0,7,0,0,4,2013,24.0,0.6666666666666666,0,0,0,1,0,1,0,0,1,0,0,1,0,0
0,1,0,0,0,2014,44.0,0.0,0,0,1,0,0,1,1,0,0,0,1,0,0,0
0,1,0,0,1,2013,57.0,0.02564102564102564,0,0,0,0,0,1,0,0,1,0,0,1,0,0
0,5,0,0,0,2013,21.0,0.0,0,0,1,1,0,1,1,0,1,0,0,1,0,0
0,7,0,0,0,2013,18.0,0.0,0,0,1,1,0,1,0,0,1,0,0,0,1,0
0,3,0,0,0,2013,25.0,0.0,0,0,1,0,0,0,1,0,1,0,0,0,1,0
0,7,2,0,7,2014,26.0,0.875,2,1,0,0,0,1,0,1,0,0,0,1,0,0
0,3,0,0,2,2013,55.0,0.05405405405405406,0,0,0,0,0,1,1,0,0,0,1,0,1,0
0,1,0,0,1,2013,51.0,0.030303030303030304,0,0,0,0,0,1,0,0,1,0,0,0,0,0
0,7,0,0,2,2014,22.0,0.5,0,0,0,0,0,0,0,0,0,0,1,1,0,0
0,1,0,0,0,2014,32.0,0.0,0,0,1,0,0,0,1,0,0,0,1,0,0,0
0,1,0,0,1,2013,45.0,0.037037037037037035,0,0,0,0,0,1,0,0,0,0,1,0,0,0
0,8,0,0,0,2013,34.0,0.0,0,0,1,0,0,1,0,0,1,0,0,1,0,0
0,8,0,0,8,2013,25.0,1.1428571428571428,0,0,0,0,0,1,0,1,0,0,0,1,0,0
0,3,0,0,14,2014,44.0,0.5384615384615384,0,0,0,0,0,1,0,0,0,0,0,0,1,0
0,4,0,0,2,2013,42.0,0.08333333333333333,0,0,0,0,0,1,1,0,0,0,1,0,1,0
0,7,0,1,2,2014,19.0,2.0,1,1,0,1,0,1,0,0,1,0,0,1,0,0
0,1,0,0,0,2013,49.0,0.0,0,0,1,0,0,1,1,0,0,0,1,1,0,0
0,2,0,0,0,2013,26.0,0.0,0,0,1,0,0,1,1,0,0,0,1,1,0,0
0,8,0,4,11,2013,31.0,0.8461538461538461,4,1,0,0,0,1,0,0,0,0,1,1,0,0
0,2,0,0,0,2013,22.0,0.0,0,0,1,1,0,1,0,0,1,0,0,1,0,0
0,10,0,0,6,2013,25.0,0.8571428571428571,0,0,0,0,0,1,0,0,0,1,0,1,0,0
0,5,0,0,2,2014,27.0,0.2222222222222222,0,0,0,0,0,1,0,0,0,0,1,1,0,0
0,7,0,0,0,2013,26.0,0.0,0,0,1,0,0,1,0,0,0,1,0,1,0,0
0,1,0,0,2,2013,52.0,0.058823529411764705,0,0,0,0,0,0,0,1,0,0,0,0,1,0
0,1,0,0,0,2013,65.0,0.0,0,0,1,0,0,1,1,0,0,0,0,0,0,1
0,4,0,0,0,2013,19.0,0.0,0,0,1,1,0,1,0,0,0,1,0,0,0,1
0,8,0,0,3,2014,22.0,0.75,0,0,0,1,0,1,0,0,0,1,0,0,1,0
0,3,0,0,0,2014,18.0,0.0,0,0,1,1,0,1,0,0,0,1,0,1,0,0
0,5,0,0,0,2014,21.0,0.0,0,0,1,1,0,1,1,0,0,0,1,1,0,0
0,4,0,0,6,2013,41.0,0.2608695652173913,0,0,0,0,0,1,0,1,0,0,0,1,0,0
2,7,0,1,8,2014,33.0,0.5333333333333333,3,1,0,0,0,1,0,1,0,0,0,1,0,0
0,1,0,0,0,2013,52.0,0.0,0,0,1,0,0,1,1,0,0,0,1,1,0,0
0,6,0,0,0,2013,20.0,0.0,0,0,1,0,0,0,0,0,1,0,0,1,0,0
0,9,0,0,3,2014,21.0,1.0,0,0,0,0,0,0,0,0,0,1,0,1,0,0
0,2,0,0,0,2013,21.0,0.0,0,0,1,1,0,1,0,0,0,1,0,0,0,1
0,1,0,0,0,2013,75.0,0.0,0,0,1,0,0,1,1,0,0,0,0,1,0,0
0,2,0,0,3,2013,49.0,0.0967741935483871,0,0,0,0,0,1,1,0,0,0,1,0,1,0
2,9,0,0,8,2014,32.0,0.5714285714285714,2,1,0,0,0,1,0,1,0,0,0,1,0,0
0,1,0,0,0,2013,36.0,0.0,0,0,1,0,0,1,0,0,1,0,0,0,0,1
0,2,0,0,2,2013,27.0,0.2222222222222222,0,0,0,0,0,1,1,0,1,0,0,0,1,0
0,2,0,0,3,2013,27.0,0.3333333333333333,0,0,0,0,0,1,1,0,1,0,0,1,0,0
0,4,0,0,0,2013,23.0,0.0,0,0,1,1,0,1,0,0,1,0,0,1,0,0
0,2,0,0,1,2013,48.0,0.03333333333333333,0,0,0,0,0,0,1,0,0,0,1,0,1,0
0,3,0,0,2,2014,32.0,0.14285714285714285,0,0,0,0,0,1,0,0,1,0,0,1,0,0
0,2,0,0,0,2014,21.0,0.0,0,0,1,1,0,1,0,0,0,1,0,0,1,0
0,2,0,0,2,2013,30.0,0.16666666666666666,0,0,0,0,0,1,0,0,1,0,0,0,1,0
1,6,5,0,8,2013,36.0,0.4444444444444444,6,1,0,0,0,1,1,0,0,0,1,1,0,0
0,7,0,0,0,2013,18.0,0.0,0,0,1,1,0,1,0,0,0,1,0,1,0,0
0,6,0,0,5,2014,32.0,0.35714285714285715,0,0,0,0,0,1,0,0,0,0,0,0,0,1
0,2,0,0,8,2013,51.0,0.24242424242424243,0,0,0,0,0,1,1,0,0,0,1,0,1,0
0,7,0,0,1,2013,32.0,0.07142857142857142,0,0,0,0,0,1,0,0,0,1,0,0,1,0
0,7,0,0,5,2014,23.0,1.0,0,0,0,1,0,1,0,0,0,1,0,0,1,0
0,1,0,0,1,2013,51.0,0.030303030303030304,0,0,0,0,0,1,1,0,1,0,0,1,0,0
0,4,0,0,2,2014,23.0,0.4,0,0,0,1,0,1,1,0,0,0,0,0,1,0
0,8,0,0,3,2014,23.0,0.6,0,0,0,1,0,1,0,0,0,1,0,0,0,0
0,1,0,0,1,2013,31.0,0.07692307692307693,0,0,0,0,0,1,1,0,0,0,1,0,0,1
0,1,0,0,0,2013,43.0,0.0,0,0,1,0,0,1,0,0,0,1,0,0,0,0
0,7,0,1,0,2013,19.0,0.0,1,1,1,1,0,1,0,0,1,0,0,1,0,0
0,10,0,0,2,2013,19.0,2.0,0,0,0,0,0,0,0,0,1,0,0,1,0,0
0,7,0,0,1,2013,24.0,0.16666666666666666,0,0,0,1,0,1,1,0,1,0,0,0,1,0
0,1,0,0,7,2014,42.0,0.2916666666666667,0,0,0,0,0,1,0,0,0,0,0,1,0,0
0,7,0,0,9,2013,28.0,0.9,0,0,0,0,0,0,0,0,1,0,0,0,1,0
0,1,0,0,1,2013,42.0,0.041666666666666664,0,0,0,0,0,1,1,0,1,0,0,0,1,0
1,5,0,0,12,2014,26.0,1.5,1,1,0,0,0,1,0,0,0,0,0,1,0,0
0,6,0,1,1,2014,22.0,0.25,1,1,0,1,0,1,0,1,0,0,0,1,0,0
0,10,0,0,6,2013,25.0,0.8571428571428571,0,0,0,0,0,0,1,0,0,1,0,0,1,0
0,1,0,0,2,2013,38.0,0.1,0,0,0,0,0,1,0,0,0,0,0,1,0,0
0,2,0,2,3,2013,32.0,0.21428571428571427,2,1,0,0,0,1,1,0,0,0,1,1,0,0
1,8,0,0,1,2014,18.0,1.0,1,1,0,1,0,1,0,0,1,0,0,1,0,0
0,9,3,0,19,2013,29.0,1.7272727272727273,3,1,0,0,0,1,0,1,0,0,0,1,0,0
0,5,0,0,2,2013,25.0,0.2857142857142857,0,0,0,0,0,1,0,1,0,0,0,1,0,0
0,6,0,0,7,2013,29.0,0.6363636363636364,0,0,0,0,0,1,0,0,0,1,0,1,0,0
0,8,1,1,8,2014,24.0,1.3333333333333333,2,1,0,1,0,1,0,0,1,0,0,1,0,0
0,9,0,0,1,2013,19.0,1.0,0,0,0,1,0,1,1,0,0,0,1,1,0,0
0,5,0,0,4,2013,22.0,1.0,0,0,0,0,0,0,0,1,0,0,0,1,0,0
0,9,0,2,0,2013,18.0,0.0,2,1,1,1,0,1,0,0,0,0,1,0,0,1
0,2,0,2,1,2014,21.0,0.3333333333333333,2,1,0,0,0,0,1,0,1,0,0,0,1,0
0,8,0,0,2,2014,28.0,0.2,0,0,0,0,0,1,0,0,1,0,0,1,0,0
0,8,0,0,11,2013,22.0,2.75,0,0,0,1,0,1,1,0,1,0,0,1,0,0
0,6,0,0,3,2013,30.0,0.25,0,0,0,0,0,1,0,0,0,1,0,1,0,0
0,3,0,0,3,2013,32.0,0.21428571428571427,0,0,0,0,0,1,1,0,1,0,0,0,1,0
0,8,0,0,13,2013,31.0,1.0,0,0,0,0,0,1,0,0,0,1,0,0,1,0
0,2,0,0,2,2014,35.0,0.11764705882352941,0,0,0,0,0,1,0,0,0,0,0,1,0,0
0,7,0,0,0,2014,53.0,0.0,0,0,1,0,0,0,0,0,0,1,0,0,1,0
0,1,0,0,1,2013,41.0,0.043478260869565216,0,0,0,0,0,1,1,0,0,0,0,0,1,0
0,10,5,1,27,2013,24.0,4.5,6,1,0,1,0,1,1,0,1,0,0,1,0,0
0,6,0,0,7,2013,22.0,1.75,0,0,0,1,0,1,0,1,0,0,0,1,0,0
0,6,0,0,4,2013,39.0,0.19047619047619047,0,0,0,0,0,0,1,0,0,0,1,0,1,0
0,2,0,0,0,2013,24.0,0.0,0,0,1,1,0,1,1,0,0,0,0,0,0,1
0,5,0,0,1,2013,38.0,0.05,0,0,0,0,0,1,0,0,1,0,0,0,1,0
0,9,1,0,2,2013,18.0,2.0,1,1,0,1,0,1,1,0,0,0,1,1,0,0
0,2,0,0,4,2014,29.0,0.36363636363636365,0,0,0,0,0,1,1,0,0,0,1,1,0,0
0,8,0,0,1,2013,27.0,0.1111111111111111,0,0,0,0,0,1,0,1,0,0,0,0,1,0
0,9,0,0,0,2013,42.0,0.0,0,0,1,0,0,0,0,0,0,0,1,0,1,0
0,8,0,0,2,2014,21.0,0.6666666666666666,0,0,0,1,0,1,0,0,0,0,1,1,0,0
0,5,0,0,2,2013,28.0,0.2,0,0,0,0,0,0,0,0,0,0,1,1,0,0
0,6,0,0,8,2014,39.0,0.38095238095238093,0,0,0,0,0,1,1,0,0,0,1,1,0,0
0,2,0,0,1,2013,30.0,0.08333333333333333,0,0,0,0,0,1,0,0,0,0,1,1,0,0
0,3,0,0,11,2013,37.0,0.5789473684210527,0,0,0,0,0,1,1,0,0,0,0,1,0,0
0,2,0,0,1,2014,54.0,0.027777777777777776,0,0,0,0,0,1,0,1,0,0,0,0,1,0
0,3,0,0,0,2014,19.0,0.0,0,0,1,1,0,1,1,0,1,0,0,1,0,0
0,1,0,0,4,2013,47.0,0.13793103448275862,0,0,0,0,0,1,0,0,0,0,1,1,0,0
0,1,0,0,0,2013,34.0,0.0,0,0,1,0,0,1,1,0,0,0,0,0,1,0
0,6,0,0,3,2013,21.0,1.0,0,0,0,1,0,1,0,1,0,0,0,0,0,1
0,1,0,0,0,2014,28.0,0.0,0,0,1,0,0,1,1,0,0,0,0,0,1,0
0,5,0,0,0,2013,18.0,0.0,0,0,1,0,0,0,0,0,0,1,0,0,1,0
0,2,1,1,2,2014,23.0,0.4,2,1,0,1,0,1,0,0,1,0,0,0,0,1
0,2,0,0,0,2013,34.0,0.0,0,0,1,0,0,1,0,0,0,0,1,0,0,1
0,2,0,0,3,2014,39.0,0.14285714285714285,0,0,0,0,0,1,1,0,0,0,0,1,0,0
0,7,0,0,0,2013,18.0,0.0,0,0,1,0,0,0,0,0,1,0,0,0,1,0
0,6,0,0,8,2014,28.0,0.8,0,0,0,0,0,1,0,0,0,1,0,0,0,0
0,3,0,0,0,2013,18.0,0.0,0,0,1,1,0,1,0,0,1,0,0,0,0,1
0,1,0,0,2,2013,37.0,0.10526315789473684,0,0,0,0,0,0,0,0,0,1,0,1,0,0
0,3,0,0,2,2013,34.0,0.125,0,0,0,0,0,1,0,0,0,0,1,1,0,0
0,3,0,0,0,2013,34.0,0.0,0,0,1,0,0,0,0,0,0,1,0,1,0,0
0,5,0,0,2,2013,20.0,1.0,0,0,0,0,0,0,0,0,1,0,0,1,0,0
0,1,0,0,0,2013,52.0,0.0,0,0,1,0,0,1,0,0,0,1,0,0,0,1
0,4,0,0,1,2014,18.0,1.0,0,0,0,1,0,1,0,0,1,0,0,1,0,0
0,2,0,0,1,2014,24.0,0.16666666666666666,0,0,0,1,0,1,0,0,1,0,0,0,1,0
0,3,0,0,0,2013,22.0,0.0,0,0,1,1,0,1,1,0,1,0,0,1,0,0
0,2,0,0,17,2014,38.0,0.85,0,0,0,0,0,1,0,0,1,0,0,0,1,0
0,3,0,0,0,2013,34.0,0.0,0,0,1,0,0,1,0,0,0,1,0,0,1,0
0,8,0,0,6,2013,23.0,1.2,0,0,0,1,0,1,1,0,1,0,0,1,0,0
0,1,0,0,8,2014,50.0,0.25,0,0,0,0,0,1,1,0,1,0,0,1,0,0
0,8,0,0,0,2013,18.0,0.0,0,0,1,1,0,1,0,0,1,0,0,1,0,0
0,1,0,0,0,2013,40.0,0.0,0,0,1,0,0,0,1,0,0,0,0,0,1,0
0,7,0,0,0,2014,21.0,0.0,0,0,1,1,0,1,0,0,1,0,0,1,0,0
0,5,0,0,0,2014,23.0,0.0,0,0,1,0,0,0,1,0,0,0,1,0,1,0
0,3,0,0,2,2013,33.0,0.13333333333333333,0,0,0,0,0,1,0,0,0,1,0,1,0,0
0,1,0,0,0,2013,52.0,0.0,0,0,1,0,0,1,1,0,0,0,1,0,1,0
0,1,0,0,0,2013,49.0,0.0,0,0,1,0,0,0,1,0,0,0,1,1,0,0
0,9,0,0,0,2013,31.0,0.0,0,0,1,0,0,0,1,0,0,0,1,1,0,0
0,1,0,0,0,2013,27.0,0.0,0,0,1,0,0,1,0,0,1,0,0,0,0,0
0,5,0,0,3,2014,30.0,0.25,0,0,0,0,0,1,0,0,1,0,0,1,0,0
1,9,2,0,5,2014,18.0,5.0,3,1,0,1,0,1,0,0,1,0,0,1,0,0
0,4,0,0,8,2014,64.0,0.17391304347826086,0,0,0,0,0,1,0,0,1,0,0,1,0,0
0,4,0,0,7,2013,29.0,0.6363636363636364,0,0,0,0,0,1,1,0,1,0,0,1,0,0
0,4,0,0,0,2014,19.0,0.0,0,0,1,1,0,1,0,0,0,1,0,0,1,0
0,8,0,0,4,2013,27.0,0.4444444444444444,0,0,0,0,0,1,1,0,1,0,0,1,0,0
0,1,0,0,0,2013,52.0,0.0,0,0,1,0,0,1,1,0,0,0,0,0,1,0
0,2,0,0,0,2013,21.0,0.0,0,0,1,1,0,1,0,1,0,0,0,1,0,0
0,7,0,0,0,2013,22.0,0.0,0,0,1,1,0,1,0,0,1,0,0,1,0,0
0,8,0,0,10,2013,24.0,1.6666666666666667,0,0,0,1,0,1,0,0,1,0,0,1,0,0
0,4,0,0,0,2013,20.0,0.0,0,0,1,1,0,1,0,0,1,0,0,1,0,0
0,6,0,0,8,2013,34.0,0.5,0,0,0,0,0,1,0,0,1,0,0,1,0,0
0,7,0,0,7,2013,64.0,0.15217391304347827,0,0,0,0,0,1,0,0,0,0,1,0,1,0
0,6,0,0,0,2013,34.0,0.0,0,0,1,0,0,1,0,0,1,0,0,0,1,0
0,5,0,0,5,2014,20.0,2.5,0,0,0,1,0,1,1,0,0,0,1,0,1,0
0,2,0,0,4,2014,28.0,0.4,0,0,0,0,0,1,1,0,0,0,1,1,0,0
0,2,0,0,1,2013,31.0,0.07692307692307693,0,0,0,0,0,1,1,0,1,0,0,1,0,0
0,1,0,0,0,2013,25.0,0.0,0,0,1,0,0,1,1,0,1,0,0,0,0,0
0,5,0,0,4,2014,35.0,0.23529411764705882,0,0,0,0,0,1,1,0,1,0,0,0,1,0
0,8,0,0,8,2013,38.0,0.4,0,0,0,0,0,0,0,0,1,0,0,1,0,0
0,1,0,0,0,2014,50.0,0.0,0,0,1,0,0,1,1,0,0,0,1,0,0,1
0,1,0,0,2,2013,33.0,0.13333333333333333,0,0,0,0,0,1,1,0,0,0,0,0,1,0
0,2,0,0,2,2013,23.0,0.4,0,0,0,1,0,1,0,1,0,0,0,0,1,0
0,2,0,0,0,2013,21.0,0.0,0,0,1,1,0,1,0,0,0,0,1,0,1,0
0,6,0,0,0,2014,25.0,0.0,0,0,1,0,0,1,0,0,1,0,0,1,0,0
0,1,0,0,0,2013,34.0,0.0,0,0,1,0,0,0,1,0,0,0,1,0,1,0
0,3,0,0,1,2013,34.0,0.0625,0,0,0,0,0,1,0,1,0,0,0,0,0,1
0,7,0,0,3,2013,21.0,1.0,0,0,0,1,0,1,0,0,0,0,1,1,0,0
0,2,0,0,5,2013,55.0,0.13513513513513514,0,0,0,0,0,1,1,0,1,0,0,0,1,0
0,1,0,0,1,2013,59.0,0.024390243902439025,0,0,0,0,0,0,1,0,0,0,0,0,1,0
0,1,0,0,0,2014,39.0,0.0,0,0,1,0,0,0,0,0,0,0,1,1,0,0
0,1,0,0,0,2013,30.0,0.0,0,0,1,0,0,1,1,0,0,0,1,0,0,1
0,1,0,0,0,2014,31.0,0.0,0,0,1,0,0,1,1,0,0,0,1,1,0,0
4,10,0,0,12,2013,29.0,1.0909090909090908,4,1,0,0,0,1,0,1,0,0,0,1,0,0
0,6,0,0,14,2013,38.0,0.7,0,0,0,0,0,1,0,1,0,0,0,1,0,0
0,3,0,0,0,2013,19.0,0.0,0,0,1,1,0,1,0,1,0,0,0,0,0,1
0,5,0,0,3,2013,23.0,0.6,0,0,0,1,0,1,0,1,0,0,0,0,1,0
0,1,0,0,0,2013,31.0,0.0,0,0,1,0,0,0,0,0,0,0,0,0,1,0
0,6,0,0,0,2013,22.0,0.0,0,0,1,1,0,1,1,0,1,0,0,1,0,0
0,1,0,0,0,2013,34.0,0.0,0,0,1,0,0,1,1,0,0,0,1,1,0,0
8,10,2,0,11,2014,21.0,3.6666666666666665,10,1,0,1,0,1,0,1,0,0,0,0,1,0
0,9,0,0,0,2013,18.0,0.0,0,0,1,1,0,1,1,0,0,0,1,1,0,0
0,6,0,0,21,2014,43.0,0.84,0,0,0,0,0,1,0,0,0,1,0,0,1,0
1,7,6,0,13,2013,34.0,0.8125,7,1,0,0,0,1,0,0,1,0,0,0,1,0
0,4,0,0,2,2013,21.0,0.6666666666666666,0,0,0,1,0,1,1,0,0,0,1,1,0,0
0,4,0,0,0,2013,32.0,0.0,0,0,1,0,0,1,0,1,0,0,0,1,0,0
0,4,0,0,0,2014,20.0,0.0,0,0,1,0,0,0,0,0,0,0,1,1,0,0
4,9,1,0,10,2013,26.0,1.25,5,1,0,0,0,1,0,0,0,1,0,0,1,0
2,3,0,0,6,2013,39.0,0.2857142857142857,2,1,0,0,0,1,0,0,0,0,1,1,0,0
0,2,0,0,8,2013,34.0,0.5,0,0,0,0,0,1,0,1,0,0,0,0,0,1
1,8,0,0,19,2014,49.0,0.6129032258064516,1,1,0,0,0,1,0,1,0,0,0,1,0,0
0,3,0,0,1,2014,25.0,0.14285714285714285,0,0,0,0,0,0,0,0,0,0,1,1,0,0
0,7,0,0,2,2008,39.0,0.09523809523809523,0,0,0,0,0,1,1,0,0,0,1,1,0,0
0,1,0,0,0,2013,39.0,0.0,0,0,1,0,0,1,0,0,0,0,0,0,1,0
0,6,0,3,9,2013,29.0,0.8181818181818182,3,1,0,0,0,1,0,0,0,1,0,0,1,0
0,9,0,0,2,2013,22.0,0.5,0,0,0,1,0,1,0,0,1,0,0,1,0,0
0,5,0,0,1,2013,24.0,0.16666666666666666,0,0,0,1,0,1,1,0,1,0,0,1,0,0
1,9,1,1,13,2014,30.0,1.0833333333333333,3,1,0,0,0,1,0,0,1,0,0,1,0,0
0,4,0,0,0,2014,21.0,0.0,0,0,1,1,0,1,1,0,0,0,0,0,1,0
0,3,0,0,7,2014,50.0,0.21875,0,0,0,0,0,1,1,0,0,1,0,1,0,0
0,6,0,0,6,2013,27.0,0.6666666666666666,0,0,0,0,0,1,0,0,1,0,0,1,0,0
0,7,0,0,10,2013,37.0,0.5263157894736842,0,0,0,0,0,1,0,0,0,1,0,0,1,0
0,2,0,0,0,2013,45.0,0.0,0,0,1,0,0,0,0,0,1,0,0,0,1,0
0,2,0,0,8,2013,46.0,0.2857142857142857,0,0,0,0,0,1,0,0,1,0,0,0,1,0
0,5,0,0,3,2014,22.0,0.75,0,0,0,1,0,1,0,0,1,0,0,1,0,0
0,3,0,0,7,2013,37.0,0.3684210526315789,0,0,0,0,0,1,1,0,1,0,0,1,0,0
0,5,0,0,3,2013,25.0,0.42857142857142855,0,0,0,0,0,0,1,0,0,0,1,1,0,0
0,1,0,0,1,2014,38.0,0.05,0,0,0,0,0,1,0,0,1,0,0,1,0,0
0,1,0,0,0,2013,44.0,0.0,0,0,1,0,0,1,1,0,0,0,1,0,1,0
0,10,0,0,0,2014,18.0,0.0,0,0,1,0,0,0,0,0,1,0,0,0,1,0
0,8,0,0,2,2014,19.0,2.0,0,0,0,1,0,1,1,0,1,0,0,1,0,0
0,8,0,0,8,2014,42.0,0.3333333333333333,0,0,0,0,0,1,1,0,0,0,1,1,0,0
0,1,0,0,0,2013,38.0,0.0,0,0,1,0,0,1,1,0,0,0,0,0,1,0
0,9,1,0,5,2013,29.0,0.45454545454545453,1,1,0,0,0,1,1,0,0,0,1,1,0,0
0,1,0,0,1,2014,39.0,0.047619047619047616,0,0,0,0,0,1,1,0,0,0,0,0,0,1
0,1,0,0,0,2013,64.0,0.0,0,0,1,0,0,0,0,0,0,0,1,1,0,0
0,2,0,0,1,2014,39.0,0.047619047619047616,0,0,0,0,0,1,1,1,0,0,0,0,1,0
0,3,0,0,0,2013,23.0,0.0,0,0,1,1,0,1,0,0,1,0,0,1,0,0
0,4,0,1,6,2014,25.0,0.8571428571428571,1,1,0,0,0,1,0,0,0,0,0,0,0,1
0,1,0,0,2,2014,41.0,0.08695652173913043,0,0,0,0,0,1,1,0,0,0,1,0,0,0
0,9,0,0,6,2013,20.0,3.0,0,0,0,1,0,1,0,1,0,0,0,0,1,0
0,10,0,1,13,2013,24.0,2.1666666666666665,1,1,0,1,0,1,0,0,1,0,0,1,0,0
0,2,1,0,2,2013,20.0,1.0,1,1,0,1,0,1,0,0,1,0,0,1,0,0
0,3,0,0,2,2013,31.0,0.15384615384615385,0,0,0,0,0,1,0,1,0,0,0,0,1,0
0,1,0,0,0,2013,38.0,0.0,0,0,1,0,0,1,1,0,0,0,1,0,1,0
0,2,0,0,1,2013,28.0,0.1,0,0,0,0,0,0,0,0,1,0,0,0,1,0
0,7,0,0,2,2014,18.0,2.0,0,0,0,1,0,1,0,0,0,1,0,1,0,0
0,4,0,0,5,2013,50.0,0.15625,0,0,0,0,0,1,0,0,0,0,1,1,0,0
0,1,0,0,1,2013,34.0,0.0625,0,0,0,0,0,1,1,0,0,0,0,1,0,0
0,3,0,0,10,2013,55.0,0.2702702702702703,0,0,0,0,0,1,1,0,0,0,0,0,1,0
0,1,0,0,0,2013,59.0,0.0,0,0,1,0,0,1,0,1,0,0,0,0,1,0
0,6,0,0,4,2013,23.0,0.8,0,0,0,1,0,1,0,0,1,0,0,0,1,0
0,8,0,0,15,2014,50.0,0.46875,0,0,0,0,0,1,0,0,1,0,0,1,0,0
0,2,0,0,2,2013,43.0,0.08,0,0,0,0,0,1,0,0,1,0,0,0,1,0
0,2,0,0,4,2014,26.0,0.5,0,0,0,0,0,1,1,0,0,0,1,1,0,0
0,3,0,0,2,2014,23.0,0.4,0,0,0,1,0,1,0,0,0,0,0,0,1,0
0,8,0,0,6,2014,30.0,0.5,0,0,0,0,0,1,0,0,0,0,0,0,1,0
1,9,0,0,2,2013,20.0,1.0,1,1,0,1,0,1,0,0,1,0,0,1,0,0
0,1,0,0,0,2013,55.0,0.0,0,0,1,0,0,0,1,0,0,0,0,0,1,0
0,8,0,0,8,2013,56.0,0.21052631578947367,0,0,0,0,0,1,0,0,1,0,0,1,0,0
0,7,0,0,0,2013,18.0,0.0,0,0,1,1,0,1,0,0,0,0,1,1,0,0
0,1,0,0,0,2014,55.0,0.0,0,0,1,0,0,1,1,0,1,0,0,0,1,0
0,2,0,0,1,2013,35.0,0.058823529411764705,0,0,0,0,0,1,0,0,1,0,0,0,1,0
0,1,0,0,0,2013,40.0,0.0,0,0,1,0,0,1,0,0,0,0,0,1,0,0
0,5,0,0,1,2014,34.0,0.0625,0,0,0,0,0,0,1,0,0,0,1,1,0,0
0,1,0,0,0,2013,56.0,0.0,0,0,1,0,0,1,1,0,0,0,0,0,1,0
0,2,0,0,4,2013,33.0,0.26666666666666666,0,0,0,0,0,1,0,0,0,0,1,0,1,0
0,5,0,0,5,2014,27.0,0.5555555555555556,0,0,0,0,0,1,0,0,1,0,0,1,0,0
0,5,0,0,0,2014,19.0,0.0,0,0,1,0,0,0,1,0,0,0,1,1,0,0
0,1,0,0,0,2013,26.0,0.0,0,0,1,0,0,1,1,0,0,0,1,0,1,0
0,3,0,0,5,2013,32.0,0.35714285714285715,0,0,0,0,0,1,1,0,1,0,0,1,0,0
0,6,0,0,16,2013,39.0,0.7619047619047619,0,0,0,0,0,0,0,0,1,0,0,1,0,0
0,9,2,1,3,2013,18.0,3.0,3,1,0,1,0,1,0,0,1,0,0,1,0,0
0,1,0,0,1,2014,67.0,0.02040816326530612,0,0,0,0,0,1,0,0,1,0,0,1,0,0
0,1,0,0,1,2013,47.0,0.034482758620689655,0,0,0,0,0,0,1,0,1,0,0,0,1,0
0,5,0,0,0,2013,21.0,0.0,0,0,1,0,0,0,1,0,0,0,1,0,1,0
0,8,0,0,4,2014,26.0,0.5,0,0,0,0,0,1,0,0,1,0,0,1,0,0
0,1,0,0,1,2013,52.0,0.029411764705882353,0,0,0,0,0,0,1,0,0,0,1,1,0,0
2,8,0,0,7,2013,22.0,1.75,2,1,0,1,0,1,1,0,1,0,0,1,0,0
0,4,0,0,1,2013,19.0,1.0,0,0,0,1,0,1,0,0,1,0,0,0,1,0
0,6,0,0,0,2013,25.0,0.0,0,0,1,0,0,1,0,0,1,0,0,0,1,0
0,6,0,0,4,2013,31.0,0.3076923076923077,0,0,0,0,0,1,1,0,1,0,0,1,0,0
0,5,0,0,2,2013,24.0,0.3333333333333333,0,0,0,1,0,1,0,0,1,0,0,1,0,0
3,10,0,0,12,2013,34.0,0.75,3,1,0,0,0,1,1,0,1,0,0,1,0,0
0,4,0,0,0,2013,21.0,0.0,0,0,1,1,0,1,0,1,0,0,0,0,1,0
0,9,0,1,5,2013,24.0,0.8333333333333334,1,1,0,1,0,1,0,1,0,0,0,1,0,0
0,1,0,0,1,2014,48.0,0.03333333333333333,0,0,0,0,0,1,0,0,1,0,0,1,0,0
0,5,1,2,1,2013,19.0,1.0,3,1,0,1,0,1,0,0,1,0,0,1,0,0
0,6,0,0,1,2014,41.0,0.043478260869565216,0,0,0,0,0,1,0,0,0,0,1,1,0,0
0,7,0,0,0,2013,26.0,0.0,0,0,1,0,0,1,1,0,1,0,0,0,1,0
0,2,0,0,1,2013,47.0,0.034482758620689655,0,0,0,0,0,0,0,0,1,0,0,0,0,1
0,1,0,0,1,2014,59.0,0.024390243902439025,0,0,0,0,0,1,0,0,0,0,1,0,1,0
0,1,0,0,1,2013,31.0,0.07692307692307693,0,0,0,0,0,1,0,0,1,0,0,1,0,0
3,10,0,0,16,2014,30.0,1.3333333333333333,3,1,0,0,0,1,0,0,0,0,0,1,0,0
0,4,0,0,0,2013,18.0,0.0,0,0,1,1,0,1,0,0,0,1,0,0,1,0
0,5,0,1,1,2014,22.0,0.25,1,1,0,1,0,1,0,0,1,0,0,1,0,0
0,1,0,0,1,2013,42.0,0.041666666666666664,0,0,0,0,0,1,0,0,1,0,0,0,0,0
0,8,0,0,1,2013,21.0,0.3333333333333333,0,0,0,1,0,1,1,0,1,0,0,1,0,0
0,9,0,0,1,2013,27.0,0.1111111111111111,0,0,0,0,0,1,0,0,1,0,0,1,0,0
0,8,6,5,17,2013,29.0,1.5454545454545454,11,1,0,0,0,1,0,0,1,0,0,1,0,0
0,1,0,0,0,2013,58.0,0.0,0,0,1,0,0,1,1,0,0,0,0,0,1,0
0,3,0,0,3,2014,25.0,0.42857142857142855,0,0,0,0,0,1,1,0,1,0,0,0,1,0
0,2,0,0,2,2013,39.0,0.09523809523809523,0,0,0,0,0,1,1,0,0,0,1,0,0,1
0,1,0,0,0,2013,57.0,0.0,0,0,1,0,0,1,1,0,0,0,0,0,1,0
0,8,0,0,1,2013,20.0,0.5,0,0,0,1,0,1,1,0,1,0,0,1,0,0
0,1,0,0,0,2013,37.0,0.0,0,0,1,0,0,1,1,0,0,0,1,0,1,0
0,3,0,0,0,2014,27.0,0.0,0,0,1,0,0,1,0,0,0,1,0,0,1,0
0,5,0,0,0,2014,18.0,0.0,0,0,1,0,0,0,0,0,0,1,0,1,0,0
0,2,0,0,0,2013,45.0,0.0,0,0,1,0,0,1,0,0,0,0,1,0,0,0
0,5,0,0,0,2013,22.0,0.0,0,0,1,1,0,1,1,0,0,0,1,1,0,0
0,3,0,0,5,2013,27.0,0.5555555555555556,0,0,0,0,0,1,1,0,0,0,1,1,0,0
0,4,0,0,0,2013,18.0,0.0,0,0,1,0,0,0,1,0,0,0,1,1,0,0
0,3,0,0,0,2013,22.0,0.0,0,0,1,1,0,1,1,0,1,0,0,1,0,0
0,2,0,0,0,2013,36.0,0.0,0,0,1,0,0,1,1,0,1,0,0,0,1,0
0,2,0,0,0,2014,28.0,0.0,0,0,1,0,0,1,0,0,1,0,0,1,0,0
0,5,0,0,1,2014,37.0,0.05263157894736842,0,0,0,0,0,0,1,0,0,1,0,0,1,0
0,2,0,0,1,2013,24.0,0.16666666666666666,0,0,0,1,0,1,0,0,0,1,0,1,0,0
0,4,0,0,0,2014,19.0,0.0,0,0,1,1,0,1,1,0,0,0,1,0,1,0
0,7,0,0,1,2013,20.0,0.5,0,0,0,1,0,1,0,0,1,0,0,1,0,0
0,1,0,0,3,2013,50.0,0.09375,0,0,0,0,0,1,0,0,1,0,0,0,1,0
0,2,0,0,4,2014,35.0,0.23529411764705882,0,0,0,0,0,1,0,0,0,1,0,0,1,0
0,4,0,0,8,2008,56.0,0.21052631578947367,0,0,0,0,0,1,1,0,1,0,0,1,0,0
0,10,0,0,0,2013,20.0,0.0,0,0,1,1,0,1,1,1,0,0,0,1,0,0
0,10,0,0,3,2011,21.0,1.0,0,0,0,1,0,1,1,0,0,0,1,0,1,0
0,1,0,0,0,2013,45.0,0.0,0,0,1,0,0,1,0,0,0,0,1,0,1,0
0,4,0,0,6,2014,25.0,0.8571428571428571,0,0,0,0,0,1,0,1,0,0,0,0,0,0
0,4,0,0,0,2013,18.0,0.0,0,0,1,1,0,1,0,0,0,0,1,1,0,0
0,5,0,0,0,2014,18.0,0.0,0,0,1,1,0,1,0,1,0,0,0,1,0,0
0,9,0,0,17,2013,34.0,1.0625,0,0,0,0,0,1,1,0,1,0,0,1,0,0
0,5,0,0,8,2013,48.0,0.26666666666666666,0,0,0,0,0,1,0,1,0,0,0,0,1,0
0,2,0,0,2,2013,45.0,0.07407407407407407,0,0,0,0,0,1,0,1,0,0,0,0,1,0
0,9,0,1,2,2013,24.0,0.3333333333333333,1,1,0,1,0,1,0,0,1,0,0,1,0,0
1,7,0,0,16,2013,43.0,0.64,1,1,0,0,0,1,0,1,0,0,0,1,0,0
0,2,0,0,0,2014,39.0,0.0,0,0,1,0,0,1,0,0,1,0,0,0,1,0
0,2,0,0,3,2014,30.0,0.25,0,0,0,0,0,1,1,0,0,0,1,0,1,0
0,8,0,0,9,2013,25.0,1.2857142857142858,0,0,0,0,1,1,0,0,0,0,1,0,0,0
0,1,0,0,1,2013,36.0,0.05555555555555555,0,0,0,0,0,1,0,0,1,0,0,0,1,0
0,1,0,0,0,2013,30.0,0.0,0,0,1,0,0,1,0,0,0,1,0,0,1,0
0,6,1,0,1,2014,19.0,1.0,1,1,0,0,0,0,0,0,1,0,0,1,0,0
0,1,0,0,0,2013,46.0,0.0,0,0,1,0,0,1,1,0,1,0,0,0,0,0
0,3,0,0,3,2013,25.0,0.42857142857142855,0,0,0,0,0,1,1,0,1,0,0,1,0,0
0,5,0,0,0,2013,21.0,0.0,0,0,1,1,0,1,0,0,0,0,1,0,0,1
0,3,0,0,0,2014,22.0,0.0,0,0,1,0,0,0,1,0,0,0,1,0,1,0
0,3,0,0,3,2013,26.0,0.375,0,0,0,0,0,1,1,0,0,0,1,1,0,0
0,5,0,0,0,2014,20.0,0.0,0,0,1,1,0,1,0,0,1,0,0,0,1,0
0,10,0,2,14,2013,28.0,1.4,2,1,0,0,0,0,0,1,0,0,0,0,1,0
0,1,0,0,1,2013,30.0,0.08333333333333333,0,0,0,0,0,1,0,0,0,0,1,0,0,1
0,1,0,0,0,2013,60.0,0.0,0,0,1,0,0,1,1,0,0,0,0,0,1,0
0,6,0,0,3,2014,37.0,0.15789473684210525,0,0,0,0,0,1,0,0,0,0,0,0,1,0
0,3,0,0,2,2013,54.0,0.05555555555555555,0,0,0,0,0,1,1,0,0,0,1,0,1,0
0,1,0,0,6,2014,26.0,0.75,0,0,0,0,0,1,0,0,1,0,0,1,0,0
0,6,0,0,6,2013,24.0,1.0,0,0,0,0,0,0,0,0,1,0,0,1,0,0
0,9,0,0,5,2013,21.0,1.6666666666666667,0,0,0,1,1,1,0,0,0,0,1,1,0,0
0,1,0,0,0,2013,49.0,0.0,0,0,1,0,0,1,1,0,0,0,0,0,0,1
0,3,0,0,1,2013,47.0,0.034482758620689655,0,0,0,0,0,1,0,0,1,0,0,0,0,1
0,10,0,1,7,2013,25.0,1.0,1,1,0,0,0,1,0,0,0,1,0,1,0,0
0,2,0,0,1,2013,33.0,0.06666666666666667,0,0,0,0,0,0,1,0,0,0,1,1,0,0
0,1,0,0,0,2013,35.0,0.0,0,0,1,0,0,0,1,0,0,0,1,0,1,0
0,2,0,0,1,2013,21.0,0.3333333333333333,0,0,0,1,0,1,0,0,0,1,0,1,0,0
0,7,0,0,5,2013,25.0,0.7142857142857143,0,0,0,0,0,1,1,0,0,0,1,0,1,0
0,6,0,0,7,2014,28.0,0.7,0,0,0,0,0,0,0,0,1,0,0,0,1,0
0,1,0,0,0,2014,36.0,0.0,0,0,1,0,0,0,0,0,1,0,0,0,0,0
0,3,0,0,0,2014,27.0,0.0,0,0,1,0,0,1,1,0,0,0,1,1,0,0
0,1,0,0,1,2013,32.0,0.07142857142857142,0,0,0,0,0,0,0,0,1,0,0,0,0,0
0,3,0,0,11,2013,26.0,1.375,0,0,0,0,0,1,0,0,0,0,0,1,0,0
0,7,0,0,8,2013,32.0,0.5714285714285714,0,0,0,0,0,1,1,0,0,0,1,1,0,0
0,7,0,0,6,2013,23.0,1.2,0,0,0,1,0,1,0,0,0,1,0,1,0,0
0,1,0,0,0,2013,55.0,0.0,0,0,1,0,0,1,0,0,0,0,1,1,0,0
0,5,0,0,6,2013,34.0,0.375,0,0,0,0,0,1,0,0,1,0,0,0,0,1
0,6,0,0,0,2014,47.0,0.0,0,0,1,0,0,1,1,0,0,1,0,0,1,0
0,3,0,0,1,2014,29.0,0.09090909090909091,0,0,0,0,0,1,0,0,0,0,1,1,0,0
0,3,0,0,0,2014,42.0,0.0,0,0,1,0,0,1,0,0,0,0,1,1,0,0
0,3,0,0,5,2013,34.0,0.3125,0,0,0,0,0,1,0,0,0,0,0,0,1,0
0,9,1,0,11,2013,26.0,1.375,1,1,0,0,0,0,0,0,1,0,0,1,0,0
0,6,0,0,0,2013,20.0,0.0,0,0,1,0,0,0,1,0,0,0,1,0,0,0
0,6,0,0,3,2013,50.0,0.09375,0,0,0,0,0,1,0,0,0,0,1,1,0,0
0,6,0,0,8,2013,32.0,0.5714285714285714,0,0,0,0,0,1,1,0,0,0,1,1,0,0
0,3,0,0,3,2005,28.0,0.3,0,0,0,0,0,0,0,0,1,0,0,0,1,0
1,8,0,0,1,2013,18.0,1.0,1,1,0,1,0,1,0,0,0,0,1,0,0,1
0,6,0,0,2,2013,22.0,0.5,0,0,0,0,0,0,0,0,1,0,0,0,1,0
1,9,0,0,10,2014,24.0,1.6666666666666667,1,1,0,1,0,1,0,0,1,0,0,1,0,0
0,6,0,0,8,2014,26.0,1.0,0,0,0,0,0,1,1,0,0,0,1,1,0,0
0,7,3,1,3,2013,18.0,3.0,4,1,0,0,0,0,1,0,0,0,1,0,1,0
0,5,0,0,8,2013,34.0,0.5,0,0,0,0,0,1,0,0,1,0,0,1,0,0
1,10,0,0,12,2014,21.0,4.0,1,1,0,1,0,1,0,1,0,0,0,1,0,0
0,10,8,2,12,2013,25.0,1.7142857142857142,10,1,0,0,0,1,0,1,0,0,0,1,0,0
0,1,0,0,0,2014,53.0,0.0,0,0,1,0,0,0,1,0,0,0,1,0,1,0
0,2,0,0,0,2014,28.0,0.0,0,0,1,0,0,1,0,1,0,0,0,0,1,0
0,4,0,0,2,2013,24.0,0.3333333333333333,0,0,0,1,0,1,0,0,1,0,0,1,0,0
0,2,0,0,0,2013,25.0,0.0,0,0,1,0,0,1,0,0,0,0,1,0,0,0
0,10,0,0,6,2013,25.0,0.8571428571428571,0,0,0,0,0,0,0,0,0,1,0,0,1,0
0,9,0,0,15,2013,41.0,0.6521739130434783,0,0,0,0,0,1,1,0,1,0,0,1,0,0
0,6,0,0,5,2014,50.0,0.15625,0,0,0,0,0,0,0,0,0,0,0,1,0,0
1,7,0,0,6,2013,24.0,1.0,1,1,0,1,0,1,0,0,1,0,0,1,0,0
0,5,1,0,6,2013,23.0,1.2,1,1,0,1,0,1,1,0,1,0,0,1,0,0
0,6,0,0,1,2013,21.0,0.3333333333333333,0,0,0,0,0,0,0,0,1,0,0,0,1,0
0,6,0,0,0,2013,27.0,0.0,0,0,1,0,0,1,0,0,1,0,0,1,0,0
0,2,0,0,6,2014,54.0,0.16666666666666666,0,0,0,0,0,1,0,1,0,0,0,0,0,0
0,9,0,0,4,2013,23.0,0.8,0,0,0,1,0,1,0,0,0,0,0,1,0,0
2,6,1,0,3,2014,22.0,0.75,3,1,0,1,0,1,1,0,0,0,1,1,0,0
0,3,0,0,6,2013,27.0,0.6666666666666666,0,0,0,0,0,1,1,0,1,0,0,0,0,1
0,1,0,0,4,2013,51.0,0.12121212121212122,0,0,0,0,0,1,0,0,1,0,0,1,0,0
0,5,0,0,0,2014,21.0,0.0,0,0,1,1,0,1,0,0,1,0,0,0,0,1
0,4,0,0,1,2014,23.0,0.2,0,0,0,1,0,1,0,0,1,0,0,0,0,0
0,9,0,0,13,2014,34.0,0.8125,0,0,0,0,0,0,0,1,0,0,0,1,0,0
0,10,0,0,1,2013,18.0,1.0,0,0,0,1,0,1,0,0,0,1,0,1,0,0
0,5,0,0,10,2014,24.0,1.6666666666666667,0,0,0,1,0,1,0,0,1,0,0,0,1,0
0,8,0,3,10,2014,24.0,1.6666666666666667,3,1,0,1,0,1,1,0,0,0,0,0,1,0
0,1,0,0,0,2013,42.0,0.0,0,0,1,0,0,1,0,0,0,0,1,0,1,0
0,5,0,0,1,2013,45.0,0.037037037037037035,0,0,0,0,0,1,1,0,0,0,1,0,1,0
0,1,0,0,2,2013,28.0,0.2,0,0,0,0,0,1,0,0,0,1,0,1,0,0
0,7,0,0,0,2013,19.0,0.0,0,0,1,1,0,1,0,0,1,0,0,1,0,0
1,4,0,0,1,2013,25.0,0.14285714285714285,1,1,0,0,0,0,1,0,0,0,1,1,0,0
1,8,0,1,9,2013,26.0,1.125,2,1,0,0,0,1,0,0,1,0,0,0,1,0
0,4,0,0,2,2013,25.0,0.2857142857142857,0,0,0,0,0,1,0,0,1,0,0,1,0,0
0,4,0,0,1,2013,23.0,0.2,0,0,0,0,0,0,1,0,1,0,0,0,1,0
0,3,0,0,0,2013,19.0,0.0,0,0,1,1,0,1,0,0,0,1,0,1,0,0
0,6,0,0,0,2013,19.0,0.0,0,0,1,0,0,0,0,0,1,0,0,1,0,0
0,8,0,0,0,2013,45.0,0.0,0,0,1,0,0,1,0,0,0,1,0,0,1,0
0,9,0,1,4,2014,22.0,1.0,1,1,0,1,0,1,0,0,0,1,0,1,0,0
0,7,0,0,7,2013,35.0,0.4117647058823529,0,0,0,0,0,1,0,0,1,0,0,1,0,0
0,6,0,0,5,2013,28.0,0.5,0,0,0,0,0,1,0,0,1,0,0,0,1,0
0,1,0,0,0,2013,53.0,0.0,0,0,1,0,0,1,1,0,0,0,1,0,0,0
0,3,0,0,0,2013,21.0,0.0,0,0,1,1,0,1,1,0,0,0,0,1,0,0
0,10,0,0,15,2013,27.0,1.6666666666666667,0,0,0,0,0,1,0,0,1,0,0,1,0,0
0,2,0,0,5,2013,44.0,0.19230769230769232,0,0,0,0,0,1,1,0,0,0,0,0,1,0
0,3,0,0,2,2013,63.0,0.044444444444444446,0,0,0,0,0,1,1,0,1,0,0,0,1,0
0,8,0,0,21,2013,48.0,0.7,0,0,0,0,0,1,0,0,1,0,0,1,0,0
0,1,0,0,0,2013,74.0,0.0,0,0,1,0,0,1,0,0,0,0,1,0,0,0
0,6,0,0,3,2011,24.0,0.5,0,0,0,0,0,0,0,0,0,1,0,0,1,0
0,4,0,0,1,2013,32.0,0.07142857142857142,0,0,0,0,0,1,1,0,0,0,1,1,0,0
0,1,0,0,6,2013,42.0,0.25,0,0,0,0,0,1,0,0,0,0,0,0,0,0
1,7,0,1,7,2013,35.0,0.4117647058823529,2,1,0,0,0,1,0,0,0,0,1,0,0,1
0,5,0,0,0,2013,21.0,0.0,0,0,1,1,0,1,0,0,0,1,0,1,0,0
0,3,0,0,0,2013,33.0,0.0,0,0,1,0,0,1,0,1,0,0,0,0,1,0
0,6,0,0,0,2014,19.0,0.0,0,0,1,1,0,1,0,0,1,0,0,0,0,1
0,3,0,1,0,2013,18.0,0.0,1,1,1,1,0,1,0,0,0,0,1,1,0,0
0,10,0,0,7,2013,25.0,1.0,0,0,0,0,0,1,0,0,1,0,0,1,0,0
0,9,1,0,18,2014,27.0,2.0,1,1,0,0,0,1,0,1,0,0,0,1,0,0
0,1,0,0,0,2014,50.0,0.0,0,0,1,0,0,1,1,0,0,0,1,0,0,1
0,9,0,0,16,2013,36.0,0.8888888888888888,0,0,0,0,0,1,0,0,1,0,0,0,1,0
0,4,0,0,0,2014,18.0,0.0,0,0,1,1,0,1,0,0,1,0,0,1,0,0
0,4,0,0,2,2013,37.0,0.10526315789473684,0,0,0,0,0,1,0,0,0,0,0,1,0,0
0,8,0,0,5,2013,27.0,0.5555555555555556,0,0,0,0,0,1,0,0,0,1,0,0,1,0
0,3,0,0,0,2014,27.0,0.0,0,0,1,0,0,1,0,0,1,0,0,0,1,0
0,2,0,0,0,2013,24.0,0.0,0,0,1,1,0,1,1,0,0,0,1,0,1,0
0,7,0,0,3,2013,20.0,1.5,0,0,0,1,0,1,0,1,0,0,0,0,0,1
0,6,0,0,7,2013,22.0,1.75,0,0,0,1,0,1,0,0,1,0,0,1,0,0
0,3,0,0,0,2013,22.0,0.0,0,0,1,0,0,0,0,1,0,0,0,1,0,0
0,7,0,0,0,2013,41.0,0.0,0,0,1,0,0,1,0,0,0,0,0,0,1,0
0,1,0,0,0,2013,41.0,0.0,0,0,1,0,0,1,0,0,0,0,0,1,0,0
0,7,0,0,0,2013,21.0,0.0,0,0,1,0,0,0,1,0,0,0,1,1,0,0
0,8,0,1,2,2014,29.0,0.18181818181818182,1,1,0,0,0,0,0,0,0,1,0,0,1,0
0,2,0,1,0,2013,24.0,0.0,1,1,1,1,0,1,0,0,1,0,0,1,0,0
0,8,0,0,1,2013,23.0,0.2,0,0,0,0,0,0,0,1,0,0,0,0,1,0
0,5,0,0,16,2014,55.0,0.43243243243243246,0,0,0,0,0,1,1,0,0,0,1,1,0,0
0,1,0,0,0,2013,52.0,0.0,0,0,1,0,0,1,0,0,0,0,1,0,1,0
0,6,0,0,7,2013,33.0,0.4666666666666667,0,0,0,0,0,0,0,0,0,1,0,0,1,0
0,9,0,0,18,2014,28.0,1.8,0,0,0,0,0,1,1,0,0,0,0,1,0,0
0,8,0,0,0,2014,33.0,0.0,0,0,1,0,0,1,0,1,0,0,0,1,0,0
0,2,0,0,1,2013,21.0,0.3333333333333333,0,0,0,1,0,1,0,0,1,0,0,1,0,0
0,5,0,0,0,2013,19.0,0.0,0,0,1,1,0,1,0,0,1,0,0,0,0,0
0,1,0,0,7,2013,39.0,0.3333333333333333,0,0,0,0,0,1,0,0,0,0,0,1,0,0
0,10,0,0,12,2014,33.0,0.8,0,0,0,0,0,0,0,1,0,0,0,0,1,0
0,4,0,0,3,2014,28.0,0.3,0,0,0,0,0,1,1,0,0,0,0,0,0,1
0,4,0,0,6,2013,37.0,0.3157894736842105,0,0,0,0,0,1,0,0,1,0,0,0,1,0
0,9,0,0,13,2013,27.0,1.4444444444444444,0,0,0,0,0,1,0,0,1,0,0,0,0,0
0,3,0,0,3,2013,28.0,0.3,0,0,0,0,0,1,1,0,0,0,1,0,1,0
0,3,0,0,1,2013,24.0,0.16666666666666666,0,0,0,1,0,1,1,0,0,0,1,0,1,0
0,2,0,1,0,2014,20.0,0.0,1,1,1,1,0,1,0,0,1,0,0,0,0,1
0,3,0,0,3,2013,34.0,0.1875,0,0,0,0,0,1,1,0,0,0,1,1,0,0
0,2,0,0,1,2014,23.0,0.2,0,0,0,1,0,1,0,1,0,0,0,1,0,0
0,1,0,0,2,2014,43.0,0.08,0,0,0,0,0,1,0,0,1,0,0,0,1,0
0,2,0,0,1,2014,20.0,0.5,0,0,0,1,0,1,0,0,1,0,0,0,0,1
0,5,0,0,1,2013,29.0,0.09090909090909091,0,0,0,0,0,1,0,0,0,0,1,0,1,0
0,5,0,0,0,2013,20.0,0.0,0,0,1,1,0,1,0,0,1,0,0,1,0,0
0,4,0,0,0,2014,19.0,0.0,0,0,1,1,0,1,0,1,0,0,0,1,0,0
0,5,0,0,6,2014,27.0,0.6666666666666666,0,0,0,0,0,1,1,0,0,0,1,1,0,0
0,1,0,0,0,2013,32.0,0.0,0,0,1,0,0,1,0,0,0,0,1,1,0,0
0,4,1,1,4,2013,27.0,0.4444444444444444,2,1,0,0,0,1,0,0,0,1,0,1,0,0
0,4,0,0,2,2014,21.0,0.6666666666666666,0,0,0,1,0,1,0,0,0,1,0,1,0,0
0,10,0,0,7,2013,25.0,1.0,0,0,0,0,0,1,0,0,1,0,0,1,0,0
0,7,0,0,0,2013,31.0,0.0,0,0,1,0,0,0,1,0,0,0,0,0,1,0
0,2,0,0,5,2013,29.0,0.45454545454545453,0,0,0,0,0,0,0,0,0,0,1,0,1,0
0,4,0,0,2,2013,23.0,0.4,0,0,0,1,0,1,0,0,1,0,0,1,0,0
0,7,1,0,15,2014,32.0,1.0714285714285714,1,1,0,0,0,1,0,1,0,0,0,0,1,0
0,4,0,0,4,2014,45.0,0.14814814814814814,0,0,0,0,0,1,0,0,0,0,0,1,0,0
0,5,0,0,4,2013,28.0,0.4,0,0,0,0,0,0,0,0,1,0,0,1,0,0
0,3,0,0,0,2013,20.0,0.0,0,0,1,1,0,1,1,0,0,0,1,0,1,0
0,9,0,0,7,2014,45.0,0.25925925925925924,0,0,0,0,0,0,0,1,0,0,0,1,0,0
0,8,0,0,3,2013,34.0,0.1875,0,0,0,0,0,1,0,0,0,0,0,0,1,0
0,5,0,0,8,2013,34.0,0.5,0,0,0,0,0,1,1,0,0,0,1,1,0,0
0,10,0,0,7,2013,23.0,1.4,0,0,0,1,0,1,0,0,1,0,0,1,0,0
0,2,0,0,0,2013,27.0,0.0,0,0,1,0,0,0,1,0,0,0,1,0,1,0
0,3,0,3,0,2014,18.0,0.0,3,1,1,1,0,1,0,0,0,0,1,0,1,0
0,7,0,0,0,2013,19.0,0.0,0,0,1,1,0,1,0,0,0,1,0,1,0,0
0,10,0,1,14,2014,31.0,1.0769230769230769,1,1,0,0,0,1,0,0,0,0,0,1,0,0
0,2,0,0,1,2013,27.0,0.1111111111111111,0,0,0,0,0,1,1,0,0,0,1,1,0,0
0,6,0,0,5,2013,24.0,0.8333333333333334,0,0,0,1,0,1,0,1,0,0,0,0,1,0
0,9,0,0,2,2014,22.0,0.5,0,0,0,1,0,1,1,0,0,0,1,1,0,0
0,4,0,0,1,2014,18.0,1.0,0,0,0,0,0,0,1,0,0,0,1,0,0,0
0,2,0,0,0,2013,26.0,0.0,0,0,1,0,0,1,1,0,0,0,1,1,0,0
0,3,0,0,0,2014,22.0,0.0,0,0,1,1,0,1,0,0,1,0,0,0,1,0
0,2,0,0,1,2013,34.0,0.0625,0,0,0,0,0,0,0,0,0,1,0,1,0,0
0,3,0,0,0,2014,21.0,0.0,0,0,1,1,0,1,1,0,0,0,1,1,0,0
0,10,0,1,1,2014,19.0,1.0,1,1,0,1,0,1,0,1,0,0,0,1,0,0
0,6,0,0,6,2014,27.0,0.6666666666666666,0,0,0,0,0,1,0,0,0,0,0,1,0,0
1,9,4,0,10,2013,21.0,3.3333333333333335,5,1,0,1,0,1,0,0,0,0,0,0,0,1
0,4,0,0,1,2013,19.0,1.0,0,0,0,0,0,0,0,1,0,0,0,0,0,1
0,5,0,0,4,2014,26.0,0.5,0,0,0,0,0,1,1,0,0,0,1,1,0,0
0,9,0,0,0,2013,23.0,0.0,0,0,1,0,0,0,1,0,0,0,1,1,0,0
0,1,0,0,7,2014,48.0,0.23333333333333334,0,0,0,0,0,0,1,0,1,0,0,0,1,0
0,2,0,0,1,2013,29.0,0.09090909090909091,0,0,0,0,0,1,0,0,1,0,0,1,0,0
0,1,0,0,0,2014,43.0,0.0,0,0,1,0,0,1,0,0,0,0,1,0,0,1
0,2,0,0,1,2013,27.0,0.1111111111111111,0,0,0,0,0,1,0,0,0,0,1,1,0,0
0,5,0,0,0,2013,22.0,0.0,0,0,1,1,0,1,0,0,1,0,0,1,0,0
0,5,0,0,10,2013,41.0,0.43478260869565216,0,0,0,0,0,0,0,0,1,0,0,0,1,0
0,4,0,0,0,2014,57.0,0.0,0,0,1,0,0,1,0,0,0,1,0,1,0,0
0,6,0,0,5,2014,22.0,1.25,0,0,0,1,0,1,0,0,1,0,0,1,0,0
0,10,1,0,1,2014,18.0,1.0,1,1,0,1,0,1,0,0,0,1,0,1,0,0
0,1,0,0,0,2014,27.0,0.0,0,0,1,0,0,1,1,0,0,0,1,0,1,0
0,5,0,0,1,2014,19.0,1.0,0,0,0,1,0,1,0,0,1,0,0,0,1,0
0,1,0,0,1,2013,43.0,0.04,0,0,0,0,0,0,0,0,1,0,0,0,1,0
0,10,1,0,17,2013,26.0,2.125,1,1,0,0,0,1,0,0,0,0,0,1,0,0
0,4,0,0,0,2014,29.0,0.0,0,0,1,0,0,1,0,1,0,0,0,1,0,0
0,1,0,0,8,2014,53.0,0.22857142857142856,0,0,0,0,0,1,0,0,0,0,0,1,0,0
0,1,0,0,2,2013,45.0,0.07407407407407407,0,0,0,0,0,1,1,0,0,0,0,0,1,0
0,10,0,0,13,2014,28.0,1.3,0,0,0,0,1,1,0,0,0,0,1,1,0,0
0,5,0,3,4,2013,21.0,1.3333333333333333,3,1,0,1,0,1,0,0,0,0,0,1,0,0
0,6,0,0,0,2014,43.0,0.0,0,0,1,0,0,1,0,0,0,1,0,0,1,0
0,5,0,0,2,2011,21.0,0.6666666666666666,0,0,0,1,0,1,1,0,1,0,0,1,0,0
0,2,0,0,0,2014,40.0,0.0,0,0,1,0,0,0,1,0,0,0,0,0,1,0
0,2,0,0,1,2014,31.0,0.07692307692307693,0,0,0,0,0,1,1,0,0,0,1,1,0,0
0,4,0,0,0,2013,18.0,0.0,0,0,1,1,0,1,1,0,1,0,0,1,0,0
0,1,0,0,2,2013,66.0,0.041666666666666664,0,0,0,0,0,0,1,0,1,0,0,0,1,0
0,5,0,1,5,2013,21.0,1.6666666666666667,1,1,0,1,0,1,0,0,1,0,0,0,1,0
0,1,0,0,1,2013,42.0,0.041666666666666664,0,0,0,0,0,1,1,0,1,0,0,1,0,0
0,8,3,1,8,2014,23.0,1.6,4,1,0,1,0,1,1,0,0,0,1,1,0,0
0,1,0,0,2,2014,49.0,0.06451612903225806,0,0,0,0,0,1,1,0,0,0,0,1,0,0
0,1,0,0,0,2014,28.0,0.0,0,0,1,0,0,1,0,0,0,0,1,0,1,0
0,3,0,0,0,2014,24.0,0.0,0,0,1,0,0,0,1,0,0,0,1,0,0,1
0,2,0,0,0,2014,32.0,0.0,0,0,1,0,0,1,0,0,1,0,0,0,0,0
0,4,0,0,2,2013,35.0,0.11764705882352941,0,0,0,0,0,1,1,0,1,0,0,1,0,0
0,7,2,2,4,2013,20.0,2.0,4,1,0,1,0,1,0,0,1,0,0,1,0,0
0,1,0,0,0,2013,27.0,0.0,0,0,1,0,0,1,1,0,0,0,0,0,0,1
0,6,0,0,0,2013,19.0,0.0,0,0,1,0,0,0,0,0,0,0,1,1,0,0
0,3,0,0,6,2013,33.0,0.4,0,0,0,0,0,1,0,0,1,0,0,1,0,0
0,7,0,0,0,2013,21.0,0.0,0,0,1,1,0,1,0,0,1,0,0,1,0,0
0,6,0,0,1,2013,32.0,0.07142857142857142,0,0,0,0,0,1,1,0,0,0,1,1,0,0
0,6,0,0,2,2013,22.0,0.5,0,0,0,1,0,1,0,0,0,1,0,1,0,0
0,2,0,0,3,2012,54.0,0.08333333333333333,0,0,0,0,0,1,1,0,1,0,0,0,1,0
0,4,0,0,7,2013,24.0,1.1666666666666667,0,0,0,1,0,1,0,0,0,0,0,1,0,0
0,9,0,1,6,2013,21.0,2.0,1,1,0,1,0,1,0,0,1,0,0,1,0,0
0,2,0,0,2,2013,30.0,0.16666666666666666,0,0,0,0,0,1,1,0,0,0,0,0,1,0
0,3,0,0,4,2013,41.0,0.17391304347826086,0,0,0,0,0,1,0,0,0,0,0,0,1,0
0,5,0,0,3,2013,28.0,0.3,0,0,0,0,0,1,0,0,0,1,0,1,0,0
0,2,0,0,2,2014,37.0,0.10526315789473684,0,0,0,0,0,0,0,0,1,0,0,0,0,1
0,3,0,0,0,2013,25.0,0.0,0,0,1,0,0,1,0,0,1,0,0,0,1,0
0,2,0,0,1,2013,32.0,0.07142857142857142,0,0,0,0,0,1,0,0,1,0,0,1,0,0
0,8,0,0,1,2014,25.0,0.14285714285714285,0,0,0,0,0,1,0,0,1,0,0,1,0,0
0,2,0,0,0,2014,21.0,0.0,0,0,1,1,0,1,0,0,1,0,0,1,0,0
0,8,0,1,11,2014,28.0,1.1,1,1,0,0,0,1,0,1,0,0,0,0,1,0
0,4,0,0,0,2013,29.0,0.0,0,0,1,0,0,1,1,0,0,0,1,1,0,0
0,1,0,0,1,2013,36.0,0.05555555555555555,0,0,0,0,0,1,0,0,1,0,0,0,0,0
0,8,0,0,14,2013,27.0,1.5555555555555556,0,0,0,0,0,1,0,0,1,0,0,1,0,0
0,4,0,0,2,2014,19.0,2.0,0,0,0,1,0,1,0,0,0,1,0,0,1,0
0,1,0,0,0,2013,42.0,0.0,0,0,1,0,0,1,0,0,0,0,0,1,0,0
0,1,0,0,0,2013,50.0,0.0,0,0,1,0,0,1,0,0,0,0,1,1,0,0
0,5,0,0,6,2013,27.0,0.6666666666666666,0,0,0,0,0,1,0,0,0,1,0,1,0,0
0,8,0,0,9,2013,29.0,0.8181818181818182,0,0,0,0,0,1,0,0,0,0,1,1,0,0
0,6,1,0,2,2013,18.0,2.0,1,1,0,0,0,0,0,0,1,0,0,1,0,0
0,1,0,0,1,2013,74.0,0.017857142857142856,0,0,0,0,0,1,1,0,0,0,0,0,1,0
0,6,0,0,4,2013,58.0,0.1,0,0,0,0,0,1,0,0,1,0,0,0,1,0
0,1,0,0,0,2013,39.0,0.0,0,0,1,0,0,0,1,0,0,0,1,1,0,0
0,5,0,0,0,2013,22.0,0.0,0,0,1,0,0,0,1,0,0,0,1,0,1,0
0,3,0,0,5,2013,31.0,0.38461538461538464,0,0,0,0,0,0,0,0,1,0,0,1,0,0
0,3,0,0,1,2013,24.0,0.16666666666666666,0,0,0,1,0,1,0,0,1,0,0,0,0,1
0,7,0,2,6,2013,23.0,1.2,2,1,0,1,0,1,1,0,1,0,0,1,0,0
0,1,0,0,1,2013,27.0,0.1111111111111111,0,0,0,0,0,1,0,0,1,0,0,1,0,0
0,1,0,0,0,2013,56.0,0.0,0,0,1,0,0,1,0,0,1,0,0,0,0,1
0,1,0,0,1,2013,53.0,0.02857142857142857,0,0,0,0,0,1,0,0,0,1,0,0,1,0
0,6,0,0,0,2014,31.0,0.0,0,0,1,0,0,1,0,0,0,0,1,0,1,0
0,2,0,0,5,2013,50.0,0.15625,0,0,0,0,0,1,1,0,0,1,0,1,0,0
0,2,0,0,1,2013,46.0,0.03571428571428571,0,0,0,0,0,1,1,0,0,0,1,0,1,0
0,4,0,0,1,2013,23.0,0.2,0,0,0,1,0,1,0,0,1,0,0,0,0,0
0,5,0,1,2,2013,18.0,2.0,1,1,0,1,0,1,0,0,1,0,0,0,0,1
0,6,0,0,7,2013,33.0,0.4666666666666667,0,0,0,0,0,1,0,0,0,0,1,1,0,0
0,8,0,0,16,2013,32.0,1.1428571428571428,0,0,0,0,0,1,0,0,1,0,0,1,0,0
0,3,0,0,0,2013,23.0,0.0,0,0,1,0,0,0,1,0,0,0,1,0,1,0
0,6,0,0,2,2013,28.0,0.2,0,0,0,0,0,0,1,0,0,0,1,0,1,0
0,5,0,0,1,2013,24.0,0.16666666666666666,0,0,0,0,0,0,0,0,0,1,0,1,0,0
0,2,0,0,0,2013,23.0,0.0,0,0,1,1,0,1,1,0,0,0,0,0,1,0
0,1,0,0,0,2013,30.0,0.0,0,0,1,0,0,1,1,0,0,0,1,1,0,0
0,3,0,0,5,2013,37.0,0.2631578947368421,0,0,0,0,0,1,0,0,1,0,0,0,1,0
0,3,0,0,0,2013,32.0,0.0,0,0,1,0,0,1,0,0,1,0,0,1,0,0
0,3,0,0,2,2013,24.0,0.3333333333333333,0,0,0,1,0,1,0,0,1,0,0,1,0,0
0,9,0,0,12,2013,29.0,1.0909090909090908,0,0,0,0,0,1,0,0,1,0,0,1,0,0
0,1,0,0,1,2013,32.0,0.07142857142857142,0,0,0,0,0,1,0,0,1,0,0,0,0,0
0,2,0,0,2,2013,27.0,0.2222222222222222,0,0,0,0,0,1,0,1,0,0,0,0,1,0
0,4,0,0,0,2013,27.0,0.0,0,0,1,0,0,1,0,1,0,0,0,1,0,0
0,8,0,0,19,2013,38.0,0.95,0,0,0,0,0,1,0,0,1,0,0,1,0,0
0,7,0,0,0,2013,25.0,0.0,0,0,1,0,0,0,0,1,0,0,0,0,1,0
0,5,0,0,0,2013,22.0,0.0,0,0,1,1,0,1,0,1,0,0,0,0,1,0
0,1,0,0,0,2013,47.0,0.0,0,0,1,0,0,1,0,1,0,0,0,0,1,0
0,2,0,0,4,2013,32.0,0.2857142857142857,0,0,0,0,0,1,0,0,1,0,0,0,1,0
1,9,0,0,17,2014,35.0,1.0,1,1,0,0,0,1,0,0,1,0,0,1,0,0
0,1,0,0,4,2013,41.0,0.17391304347826086,0,0,0,0,0,1,0,0,1,0,0,1,0,0
0,6,0,0,12,2013,26.0,1.5,0,0,0,0,0,1,1,0,1,0,0,0,1,0
0,1,0,0,0,2013,58.0,0.0,0,0,1,0,0,0,0,1,0,0,0,0,1,0
0,9,0,0,4,2013,19.0,4.0,0,0,0,0,0,0,0,1,0,0,0,1,0,0
0,4,0,0,2,2013,24.0,0.3333333333333333,0,0,0,1,0,1,0,0,1,0,0,0,1,0
0,2,0,0,1,2012,30.0,0.08333333333333333,0,0,0,0,0,0,1,0,0,0,1,1,0,0
0,6,0,0,0,2014,22.0,0.0,0,0,1,1,0,1,0,0,1,0,0,0,0,0
0,7,0,1,0,2014,18.0,0.0,1,1,1,0,0,0,1,0,0,0,1,1,0,0
0,1,0,0,0,2014,28.0,0.0,0,0,1,0,0,1,1,0,0,0,1,1,0,0
0,1,0,0,0,2013,40.0,0.0,0,0,1,0,0,0,1,0,0,0,1,1,0,0
0,1,0,0,4,2014,49.0,0.12903225806451613,0,0,0,0,0,1,0,0,0,0,0,0,1,0
0,5,0,0,9,2013,34.0,0.5625,0,0,0,0,0,1,0,1,0,0,0,0,0,1
1,9,0,0,7,2014,40.0,0.3181818181818182,1,1,0,0,0,1,0,1,0,0,0,1,0,0
0,4,0,0,1,2013,26.0,0.125,0,0,0,0,0,0,0,0,1,0,0,0,0,1
0,6,0,0,0,2013,21.0,0.0,0,0,1,0,0,0,1,0,0,0,1,0,1,0
0,1,0,0,12,2014,34.0,0.75,0,0,0,0,0,1,0,0,1,0,0,0,1,0
0,1,0,0,0,2014,37.0,0.0,0,0,1,0,0,1,0,0,0,0,0,0,1,0
0,5,0,0,2,2013,29.0,0.18181818181818182,0,0,0,0,0,1,1,0,0,0,1,1,0,0
0,1,0,0,0,2013,35.0,0.0,0,0,1,0,0,1,1,0,0,0,1,1,0,0
0,6,0,0,8,2013,24.0,1.3333333333333333,0,0,0,0,0,0,0,0,1,0,0,1,0,0
0,6,0,0,0,2013,28.0,0.0,0,0,1,0,0,0,0,0,0,1,0,0,1,0
0,2,0,0,0,2013,41.0,0.0,0,0,1,0,0,0,1,0,0,0,1,0,1,0
6,9,0,0,8,2013,27.0,0.8888888888888888,6,1,0,0,0,1,1,0,0,0,1,1,0,0
0,4,0,0,1,2013,23.0,0.2,0,0,0,0,0,0,1,0,0,0,1,0,1,0
0,4,0,0,3,2014,35.0,0.17647058823529413,0,0,0,0,0,1,0,1,0,0,0,0,1,0
0,9,0,0,5,2013,23.0,1.0,0,0,0,1,0,1,0,0,0,0,0,0,1,0
0,3,0,0,1,2014,63.0,0.022222222222222223,0,0,0,0,0,1,0,1,0,0,0,0,1,0
0,5,0,0,0,2014,50.0,0.0,0,0,1,0,0,1,0,1,0,0,0,0,0,0
0,1,0,0,1,2013,26.0,0.125,0,0,0,0,0,1,0,0,1,0,0,0,1,0
0,5,0,0,3,2013,29.0,0.2727272727272727,0,0,0,0,0,1,0,0,1,0,0,0,1,0
0,1,0,0,0,2014,34.0,0.0,0,0,1,0,0,1,1,0,0,0,1,0,0,1
0,9,2,6,8,2014,19.0,8.0,8,1,0,1,0,1,0,0,1,0,0,1,0,0
0,3,0,0,1,2013,18.0,1.0,0,0,0,1,0,1,0,0,0,1,0,0,1,0
0,4,0,0,13,2013,44.0,0.5,0,0,0,0,0,1,1,0,0,0,1,0,1,0
0,2,0,0,4,2014,34.0,0.25,0,0,0,0,0,0,0,0,1,0,0,1,0,0
0,7,0,0,6,2012,22.0,1.5,0,0,0,0,0,0,0,0,0,0,0,1,0,0
0,2,0,0,4,2014,30.0,0.3333333333333333,0,0,0,0,0,1,1,0,0,0,1,0,1,0
0,1,0,0,1,2013,40.0,0.045454545454545456,0,0,0,0,0,1,0,0,1,0,0,0,1,0
0,6,0,0,2,2013,24.0,0.3333333333333333,0,0,0,1,0,1,0,0,1,0,0,1,0,0
0,4,0,0,8,2014,25.0,1.1428571428571428,0,0,0,0,0,1,1,0,0,0,1,1,0,0
0,3,0,0,1,2013,18.0,1.0,0,0,0,1,0,1,0,0,1,0,0,1,0,0
0,2,0,0,0,2013,31.0,0.0,0,0,1,0,0,1,1,0,0,0,1,0,0,0
0,1,0,0,1,2014,43.0,0.04,0,0,0,0,0,1,1,0,0,0,0,0,0,1
2,6,0,0,23,2013,37.0,1.2105263157894737,2,1,0,0,0,1,1,0,1,0,0,1,0,0
0,3,0,0,3,2013,36.0,0.16666666666666666,0,0,0,0,0,1,1,0,1,0,0,0,1,0
0,9,0,0,7,2013,38.0,0.35,0,0,0,0,0,1,0,0,1,0,0,1,0,0
0,10,0,0,7,2013,22.0,1.75,0,0,0,1,0,1,0,0,0,1,0,0,1,0
0,4,0,0,1,2013,18.0,1.0,0,0,0,1,0,1,0,0,0,0,1,0,1,0
0,1,0,0,0,2013,72.0,0.0,0,0,1,0,0,0,1,0,1,0,0,0,1,0
0,4,0,0,5,2013,39.0,0.23809523809523808,0,0,0,0,0,1,1,0,0,0,1,0,1,0
0,3,0,0,0,2013,24.0,0.0,0,0,1,0,0,0,1,0,1,0,0,0,0,1
0,2,1,0,1,2014,28.0,0.1,1,1,0,0,0,1,1,0,0,0,1,1,0,0
0,6,0,0,3,2013,30.0,0.25,0,0,0,0,0,0,0,1,0,0,0,0,1,0
0,2,0,0,2,2014,22.0,0.5,0,0,0,1,0,1,1,0,0,0,0,0,1,0
0,1,0,0,0,2013,50.0,0.0,0,0,1,0,0,1,0,0,0,1,0,0,0,0
0,6,0,0,0,2013,26.0,0.0,0,0,1,0,0,0,1,0,0,0,1,0,1,0
0,2,0,0,0,2014,39.0,0.0,0,0,1,0,0,0,0,0,1,0,0,0,1,0
0,2,0,1,1,2013,27.0,0.1111111111111111,1,1,0,0,0,0,0,0,0,0,0,0,1,0
0,5,0,0,0,2013,31.0,0.0,0,0,1,0,0,1,0,0,1,0,0,1,0,0
0,1,0,0,1,2013,35.0,0.058823529411764705,0,0,0,0,0,1,0,0,0,0,1,0,0,1
0,6,0,1,2,2014,18.0,2.0,1,1,0,1,0,1,0,1,0,0,0,1,0,0
0,4,0,0,9,2013,38.0,0.45,0,0,0,0,0,0,1,0,0,1,0,0,1,0
0,8,0,0,5,2013,24.0,0.8333333333333334,0,0,0,0,0,0,1,0,1,0,0,1,0,0
0,1,0,0,3,2014,50.0,0.09375,0,0,0,0,0,0,0,0,1,0,0,1,0,0
0,8,0,3,1,2014,19.0,1.0,3,1,0,1,0,1,0,1,0,0,0,0,0,1
0,5,0,0,1,2014,20.0,0.5,0,0,0,0,0,0,0,0,1,0,0,0,0,1
0,3,0,0,3,2013,29.0,0.2727272727272727,0,0,0,0,0,1,0,0,1,0,0,0,0,1
0,2,0,0,0,2014,23.0,0.0,0,0,1,1,0,1,0,0,1,0,0,1,0,0
0,3,0,0,0,2013,24.0,0.0,0,0,1,0,0,0,1,0,0,0,1,1,0,0
0,2,0,0,0,2013,32.0,0.0,0,0,1,0,0,1,0,0,1,0,0,0,1,0
0,3,0,0,2,2013,37.0,0.10526315789473684,0,0,0,0,0,1,1,0,0,0,1,1,0,0
0,3,0,0,0,2013,26.0,0.0,0,0,1,0,0,0,0,0,0,0,1,0,0,0
0,9,0,2,2,2014,23.0,0.4,2,1,0,1,0,1,1,0,0,0,1,1,0,0
5,10,1,0,10,2013,21.0,3.3333333333333335,6,1,0,1,0,1,0,1,0,0,0,1,0,0
0,10,1,0,26,2014,35.0,1.5294117647058822,1,1,0,0,0,1,0,0,0,0,0,0,0,1
0,3,0,0,5,2013,23.0,1.0,0,0,0,1,0,1,0,0,0,0,0,0,0,1
0,2,0,0,1,2013,47.0,0.034482758620689655,0,0,0,0,0,1,0,0,0,0,1,0,1,0
0,7,0,0,1,2013,18.0,1.0,0,0,0,1,0,1,0,0,0,1,0,1,0,0
0,1,0,0,0,2013,48.0,0.0,0,0,1,0,0,1,1,0,0,0,1,0,0,1
0,5,0,2,2,2013,21.0,0.6666666666666666,2,1,0,1,0,1,0,0,0,1,0,1,0,0
0,1,0,0,3,2013,26.0,0.375,0,0,0,0,0,1,1,0,1,0,0,1,0,0
0,4,0,0,0,2013,22.0,0.0,0,0,1,0,0,0,1,0,0,0,1,0,1,0
0,3,0,0,0,2014,36.0,0.0,0,0,1,0,0,1,0,0,0,1,0,1,0,0
0,3,0,0,1,2013,44.0,0.038461538461538464,0,0,0,0,0,1,0,0,1,0,0,0,1,0
0,7,0,2,9,2014,32.0,0.6428571428571429,2,1,0,0,0,1,1,0,0,0,1,1,0,0
0,7,1,0,19,2013,29.0,1.7272727272727273,1,1,0,0,0,1,0,0,1,0,0,0,0,1
0,4,0,0,0,2013,18.0,0.0,0,0,1,1,0,1,1,0,0,0,1,0,0,0
0,1,0,0,1,2013,57.0,0.02564102564102564,0,0,0,0,0,1,1,0,0,0,1,0,0,0
0,5,0,0,3,2014,37.0,0.15789473684210525,0,0,0,0,0,0,0,0,1,0,0,1,0,0
0,4,0,0,4,2013,32.0,0.2857142857142857,0,0,0,0,0,1,0,0,1,0,0,1,0,0
0,2,0,0,12,2014,47.0,0.41379310344827586,0,0,0,0,0,1,0,1,0,0,0,0,1,0
0,4,0,0,1,2013,22.0,0.25,0,0,0,1,0,1,1,0,0,0,1,0,0,0
0,5,0,0,0,2013,24.0,0.0,0,0,1,1,0,1,1,0,0,0,1,0,1,0
0,6,1,3,2,2014,20.0,1.0,4,1,0,1,0,1,0,0,0,0,0,1,0,0
0,4,0,0,0,2014,27.0,0.0,0,0,1,0,0,0,0,0,0,0,1,1,0,0
0,9,0,0,0,2014,29.0,0.0,0,0,1,0,0,1,1,1,0,0,0,1,0,0
0,6,0,0,5,2013,28.0,0.5,0,0,0,0,0,1,0,0,1,0,0,0,0,1
0,3,0,0,0,2013,26.0,0.0,0,0,1,0,0,0,0,0,0,0,1,0,0,1
0,1,0,0,0,2013,62.0,0.0,0,0,1,0,0,0,0,0,0,1,0,0,1,0
0,3,0,0,1,2013,31.0,0.07692307692307693,0,0,0,0,0,0,1,0,0,0,1,0,0,1
0,10,0,2,6,2013,21.0,2.0,2,1,0,1,0,1,0,0,0,1,0,0,1,0
0,2,0,0,0,2013,43.0,0.0,0,0,1,0,0,1,1,0,0,0,0,1,0,0
0,4,0,0,0,2014,18.0,0.0,0,0,1,1,0,1,0,0,1,0,0,1,0,0
0,10,0,0,16,2014,27.0,1.7777777777777777,0,0,0,0,0,1,0,0,0,1,0,1,0,0
0,3,0,0,7,2013,26.0,0.875,0,0,0,0,0,1,0,0,0,1,0,1,0,0
0,1,0,0,3,2014,53.0,0.08571428571428572,0,0,0,0,0,0,0,0,0,0,0,0,1,0
0,4,0,0,0,2013,18.0,0.0,0,0,1,1,0,1,0,0,1,0,0,1,0,0
0,10,0,0,0,2013,37.0,0.0,0,0,1,0,0,1,0,1,0,0,0,1,0,0
0,9,0,0,2,2014,20.0,1.0,0,0,0,1,0,1,1,0,1,0,0,1,0,0
0,1,0,0,0,2014,37.0,0.0,0,0,1,0,0,1,1,0,0,0,0,0,1,0
0,8,1,0,1,2013,19.0,1.0,1,1,0,1,0,1,0,0,0,0,1,1,0,0
0,6,0,0,5,2014,25.0,0.7142857142857143,0,0,0,0,0,0,0,0,1,0,0,0,0,0
0,2,0,0,1,2014,33.0,0.06666666666666667,0,0,0,0,0,1,0,0,0,1,0,0,1,0
0,1,0,0,0,2013,27.0,0.0,0,0,1,0,0,1,0,0,1,0,0,1,0,0
0,6,0,0,0,2013,33.0,0.0,0,0,1,0,0,1,1,0,0,0,1,1,0,0
0,1,0,0,0,2013,28.0,0.0,0,0,1,0,0,1,0,0,0,0,1,1,0,0
0,9,0,0,5,2014,33.0,0.3333333333333333,0,0,0,0,0,0,0,0,0,0,1,1,0,0
0,3,0,0,0,2013,20.0,0.0,0,0,1,1,0,1,1,0,1,0,0,0,0,0
0,1,0,0,0,2013,50.0,0.0,0,0,1,0,0,1,1,0,0,0,1,0,1,0
0,10,1,1,1,2013,18.0,1.0,2,1,0,1,0,1,0,0,1,0,0,0,1,0
0,4,0,0,5,2013,36.0,0.2777777777777778,0,0,0,0,0,1,1,0,0,0,1,1,0,0
0,1,0,0,0,2013,43.0,0.0,0,0,1,0,0,1,1,0,0,0,0,0,1,0
0,4,0,0,0,2014,26.0,0.0,0,0,1,0,0,1,0,0,1,0,0,1,0,0
0,3,0,0,2,2014,18.0,2.0,0,0,0,1,1,1,0,0,0,0,1,1,0,0
0,2,0,0,1,2014,27.0,0.1111111111111111,0,0,0,0,0,0,0,0,0,1,0,0,1,0
0,2,0,0,7,2013,32.0,0.5,0,0,0,0,0,0,0,0,0,0,0,1,0,0
0,1,0,0,1,2014,35.0,0.058823529411764705,0,0,0,0,0,1,1,0,0,0,1,0,1,0
0,1,0,0,0,2013,60.0,0.0,0,0,1,0,0,1,0,0,1,0,0,0,1,0
0,4,0,0,1,2014,26.0,0.125,0,0,0,0,0,1,0,0,0,0,1,1,0,0
0,5,0,0,0,2014,25.0,0.0,0,0,1,0,0,1,0,0,0,1,0,1,0,0
0,6,0,0,2,2013,21.0,0.6666666666666666,0,0,0,1,0,1,1,0,1,0,0,1,0,0
0,2,0,0,1,2013,27.0,0.1111111111111111,0,0,0,0,0,1,0,0,0,0,0,0,0,1
0,10,0,0,4,2013,22.0,1.0,0,0,0,1,0,1,0,0,0,1,0,0,1,0
0,1,0,0,0,2013,24.0,0.0,0,0,1,1,0,1,1,0,0,0,1,1,0,0
0,5,0,0,0,2014,46.0,0.0,0,0,1,0,0,0,1,0,0,0,1,1,0,0
0,4,0,0,1,2014,23.0,0.2,0,0,0,0,0,0,1,0,0,0,1,1,0,0
0,1,0,0,0,2014,56.0,0.0,0,0,1,0,0,1,0,0,0,1,0,0,0,0
0,5,0,2,1,2013,20.0,0.5,2,1,0,1,0,1,0,0,0,1,0,0,1,0
0,4,1,1,3,2014,20.0,1.5,2,1,0,1,0,1,1,0,0,0,1,0,1,0
0,1,0,0,0,2013,38.0,0.0,0,0,1,0,0,1,0,0,1,0,0,1,0,0
0,7,0,0,0,2013,18.0,0.0,0,0,1,1,0,1,0,0,0,1,0,1,0,0
0,2,0,0,0,2013,23.0,0.0,0,0,1,1,0,1,1,0,0,0,1,0,0,0
0,6,0,0,3,2013,36.0,0.16666666666666666,0,0,0,0,0,0,1,0,1,0,0,1,0,0
0,1,0,0,0,2013,44.0,0.0,0,0,1,0,0,1,1,0,0,0,1,0,1,0
0,8,1,0,7,2013,31.0,0.5384615384615384,1,1,0,0,0,1,0,0,0,1,0,0,0,0
0,4,0,0,2,2013,33.0,0.13333333333333333,0,0,0,0,0,1,0,0,1,0,0,1,0,0
0,9,1,0,1,2014,18.0,1.0,1,1,0,1,0,1,0,0,1,0,0,0,0,0
0,3,0,0,0,2014,30.0,0.0,0,0,1,0,0,1,1,0,0,0,1,0,1,0
0,4,0,0,17,2014,36.0,0.9444444444444444,0,0,0,0,0,1,1,0,0,0,1,1,0,0
0,1,0,0,1,2013,61.0,0.023255813953488372,0,0,0,0,0,1,1,0,1,0,0,0,0,1
0,5,0,0,1,2014,21.0,0.3333333333333333,0,0,0,1,0,1,0,0,0,1,0,1,0,0
0,1,0,0,0,2014,67.0,0.0,0,0,1,0,0,1,1,0,0,0,0,0,1,0
0,4,0,0,2,2014,24.0,0.3333333333333333,0,0,0,1,0,1,0,0,0,0,1,1,0,0
0,6,0,0,1,2014,25.0,0.14285714285714285,0,0,0,0,0,0,1,0,0,0,1,1,0,0
0,8,0,0,2,2013,19.0,2.0,0,0,0,1,1,1,0,0,0,0,1,1,0,0
0,1,0,0,0,2013,41.0,0.0,0,0,1,0,0,0,0,0,0,0,1,0,1,0
0,1,0,0,0,2013,52.0,0.0,0,0,1,0,0,0,1,0,0,0,0,0,1,0
0,1,0,0,0,2013,31.0,0.0,0,0,1,0,0,1,1,0,0,0,0,0,0,1
0,2,0,2,1,2013,18.0,1.0,2,1,0,1,0,1,0,0,1,0,0,1,0,0
0,7,0,0,1,2013,19.0,1.0,0,0,0,1,0,1,1,0,1,0,0,1,0,0
0,9,0,0,9,2014,31.0,0.6923076923076923,0,0,0,0,0,1,0,0,0,1,0,0,1,0
0,8,0,0,7,2013,52.0,0.20588235294117646,0,0,0,0,0,1,0,0,0,0,0,0,1,0
0,6,0,0,1,2013,19.0,1.0,0,0,0,1,0,1,0,0,1,0,0,1,0,0
0,1,0,0,1,2013,52.0,0.029411764705882353,0,0,0,0,0,1,0,0,1,0,0,1,0,0
0,1,0,0,0,2013,40.0,0.0,0,0,1,0,0,0,0,0,0,1,0,0,1,0
0,10,0,3,0,2013,18.0,0.0,3,1,1,1,0,1,0,0,1,0,0,1,0,0
0,2,0,0,0,2013,20.0,0.0,0,0,1,1,0,1,0,0,1,0,0,1,0,0
0,5,0,0,1,2013,25.0,0.14285714285714285,0,0,0,0,0,0,1,0,0,1,0,0,1,0
0,1,0,0,0,2013,42.0,0.0,0,0,1,0,0,1,0,0,1,0,0,0,0,0
0,1,0,0,1,2013,36.0,0.05555555555555555,0,0,0,0,0,1,0,0,0,0,1,1,0,0
0,1,0,0,1,2013,76.0,0.017241379310344827,0,0,0,0,0,1,1,0,1,0,0,0,1,0
0,1,0,0,1,2013,45.0,0.037037037037037035,0,0,0,0,0,1,0,0,1,0,0,0,1,0
0,8,2,1,2,2013,18.0,2.0,3,1,0,1,0,1,0,0,0,1,0,0,0,1
1,8,0,0,5,2013,27.0,0.5555555555555556,1,1,0,0,0,1,1,0,1,0,0,1,0,0
0,5,1,0,4,2014,28.0,0.4,1,1,0,0,0,1,1,0,0,1,0,0,1,0
0,4,0,0,5,2013,29.0,0.45454545454545453,0,0,0,0,0,1,0,0,0,0,0,1,0,0
0,1,0,0,1,2014,54.0,0.027777777777777776,0,0,0,0,0,1,1,0,0,0,1,0,1,0
0,1,0,0,2,2013,40.0,0.09090909090909091,0,0,0,0,0,1,1,0,0,0,1,1,0,0
0,3,0,2,0,2014,18.0,0.0,2,1,1,1,0,1,0,0,0,1,0,0,0,1
0,7,0,0,21,2014,25.0,3.0,0,0,0,0,0,1,0,0,1,0,0,1,0,0
0,6,0,0,0,2013,38.0,0.0,0,0,1,0,0,1,1,0,0,0,1,1,0,0
0,3,0,0,1,2013,21.0,0.3333333333333333,0,0,0,1,0,1,0,0,1,0,0,0,0,0
0,1,0,0,3,2014,41.0,0.13043478260869565,0,0,0,0,0,1,1,0,0,0,0,1,0,0
0,1,0,0,1,2013,31.0,0.07692307692307693,0,0,0,0,0,0,0,0,1,0,0,1,0,0
0,3,0,0,0,2014,20.0,0.0,0,0,1,1,0,1,0,0,0,0,1,1,0,0
0,1,0,0,3,2014,31.0,0.23076923076923078,0,0,0,0,0,1,0,0,0,0,1,1,0,0
0,1,0,0,0,2013,32.0,0.0,0,0,1,0,0,1,1,0,0,0,0,0,1,0
0,5,0,0,0,2013,66.0,0.0,0,0,1,0,0,1,0,0,0,0,0,0,1,0
0,5,0,0,5,2013,29.0,0.45454545454545453,0,0,0,0,0,1,0,0,1,0,0,0,1,0
0,7,0,0,1,2014,20.0,0.5,0,0,0,1,0,1,0,0,1,0,0,1,0,0
0,5,0,0,0,2013,44.0,0.0,0,0,1,0,0,1,0,0,0,1,0,0,1,0
0,5,0,0,1,2014,32.0,0.07142857142857142,0,0,0,0,0,1,1,0,0,0,1,0,1,0
0,1,0,0,0,2014,30.0,0.0,0,0,1,0,0,0,1,0,0,0,1,0,0,1
0,1,0,0,0,2013,36.0,0.0,0,0,1,0,0,1,1,0,0,0,0,1,0,0
0,7,0,1,6,2014,23.0,1.2,1,1,0,1,0,1,1,0,0,0,1,1,0,0
0,4,0,1,0,2013,18.0,0.0,1,1,1,0,0,0,1,0,0,0,1,0,0,1
0,6,0,0,9,2014,61.0,0.20930232558139536,0,0,0,0,0,1,0,0,0,1,0,1,0,0
0,4,0,0,8,2013,21.0,2.6666666666666665,0,0,0,1,1,1,0,0,0,0,1,0,1,0
0,5,0,0,2,2013,26.0,0.25,0,0,0,0,0,1,1,0,1,0,0,0,1,0
0,8,3,0,3,2014,18.0,3.0,3,1,0,1,0,1,0,1,0,0,0,1,0,0
0,5,0,0,0,2014,37.0,0.0,0,0,1,0,0,0,1,0,0,0,1,0,1,0
0,8,0,0,7,2013,28.0,0.7,0,0,0,0,0,1,0,0,1,0,0,1,0,0
0,7,0,0,5,2013,47.0,0.1724137931034483,0,0,0,0,0,1,0,0,1,0,0,0,1,0
0,7,0,0,4,2014,35.0,0.23529411764705882,0,0,0,0,0,1,1,0,1,0,0,1,0,0
0,7,0,0,1,2013,30.0,0.08333333333333333,0,0,0,0,0,1,0,1,0,0,0,1,0,0
0,2,0,0,0,2014,33.0,0.0,0,0,1,0,0,0,0,0,0,1,0,0,0,1
0,2,0,0,1,2013,28.0,0.1,0,0,0,0,0,0,1,0,0,0,1,1,0,0
0,7,0,1,10,2013,20.0,5.0,1,1,0,1,0,1,0,0,1,0,0,0,1,0
0,4,0,0,0,2013,19.0,0.0,0,0,1,1,0,1,0,0,0,0,1,0,0,1
0,1,0,0,2,2013,34.0,0.125,0,0,0,0,0,1,0,0,1,0,0,0,1,0
0,4,0,0,0,2013,18.0,0.0,0,0,1,1,0,1,0,0,0,1,0,0,0,0
0,5,0,0,2,2013,23.0,0.4,0,0,0,1,0,1,0,1,0,0,0,0,1,0
0,9,0,0,12,2014,33.0,0.8,0,0,0,0,0,1,0,0,1,0,0,1,0,0
0,1,0,0,2,2014,58.0,0.05,0,0,0,0,0,1,1,0,0,0,0,0,1,0
0,2,0,0,2,2013,35.0,0.11764705882352941,0,0,0,0,0,1,1,0,0,0,0,0,1,0
0,1,0,0,0,2013,35.0,0.0,0,0,1,0,0,1,0,0,1,0,0,0,0,0
0,1,0,0,1,2013,43.0,0.04,0,0,0,0,0,1,0,0,0,0,1,0,1,0
0,8,0,0,1,2013,19.0,1.0,0,0,0,1,0,1,0,1,0,0,0,1,0,0
0,8,0,1,3,2013,21.0,1.0,1,1,0,1,0,1,0,0,1,0,0,1,0,0
0,5,0,0,5,2013,22.0,1.25,0,0,0,1,1,1,0,0,0,0,1,1,0,0
0,6,0,0,6,2014,22.0,1.5,0,0,0,1,0,1,0,0,1,0,0,1,0,0
0,4,0,0,1,2013,18.0,1.0,0,0,0,1,0,1,1,0,0,0,1,1,0,0
0,2,0,0,2,2014,31.0,0.15384615384615385,0,0,0,0,0,0,0,0,1,0,0,0,1,0
0,8,0,0,3,2014,47.0,0.10344827586206896,0,0,0,0,0,1,0,1,0,0,0,1,0,0
0,7,0,0,11,2014,29.0,1.0,0,0,0,0,0,1,0,0,1,0,0,0,1,0
0,7,0,0,7,2013,55.0,0.1891891891891892,0,0,0,0,0,1,0,1,0,0,0,0,1,0
0,1,0,0,2,2014,48.0,0.06666666666666667,0,0,0,0,0,1,1,0,0,0,0,0,0,1
0,7,1,1,11,2014,24.0,1.8333333333333333,2,1,0,1,0,1,0,0,1,0,0,1,0,0
1,6,0,0,1,2014,18.0,1.0,1,1,0,1,0,1,0,0,1,0,0,1,0,0
0,2,0,0,1,2013,48.0,0.03333333333333333,0,0,0,0,0,1,1,0,0,0,1,0,1,0
0,2,0,0,2,2013,27.0,0.2222222222222222,0,0,0,0,0,1,1,0,0,0,1,1,0,0
0,1,0,0,0,2014,37.0,0.0,0,0,1,0,0,1,1,0,0,0,1,0,0,0
0,6,0,0,2,2013,23.0,0.4,0,0,0,1,0,1,0,0,0,0,1,1,0,0
0,5,0,0,0,2013,18.0,0.0,0,0,1,1,0,1,1,0,0,0,1,0,0,0
0,5,0,0,0,2013,23.0,0.0,0,0,1,0,0,0,0,1,0,0,0,0,1,0
0,4,0,0,5,2013,23.0,1.0,0,0,0,1,0,1,0,0,0,0,1,1,0,0
0,2,0,2,0,2013,18.0,0.0,2,1,1,1,0,1,0,0,0,0,1,0,1,0
0,3,0,0,0,2014,26.0,0.0,0,0,1,0,0,1,0,0,1,0,0,1,0,0
0,2,1,2,1,2014,21.0,0.3333333333333333,3,1,0,1,0,1,1,0,0,0,0,1,0,0
0,5,0,0,0,2013,18.0,0.0,0,0,1,0,0,0,1,0,1,0,0,1,0,0
0,9,0,0,0,2013,22.0,0.0,0,0,1,1,0,1,0,1,0,0,0,0,0,0
0,3,0,0,0,2013,28.0,0.0,0,0,1,0,0,1,0,0,0,0,1,0,1,0
0,9,2,7,2,2013,18.0,2.0,9,1,0,1,0,1,0,1,0,0,0,0,1,0
1,7,0,0,1,2013,17.0,1.0,1,1,0,1,0,1,0,0,1,0,0,0,1,0
0,6,0,0,5,2012,20.0,2.5,0,0,0,1,0,1,0,0,1,0,0,0,1,0
0,10,0,0,22,2013,32.0,1.5714285714285714,0,0,0,0,0,1,0,0,1,0,0,1,0,0
0,3,0,0,0,2014,25.0,0.0,0,0,1,0,0,0,0,0,1,0,0,0,0,0
0,2,0,0,2,2013,46.0,0.07142857142857142,0,0,0,0,0,1,0,0,1,0,0,0,1,0
0,9,0,0,5,2013,22.0,1.25,0,0,0,1,0,1,1,0,1,0,0,1,0,0
1,8,1,1,12,2013,28.0,1.2,3,1,0,0,0,1,1,0,1,0,0,1,0,0
0,9,0,0,0,2013,23.0,0.0,0,0,1,1,0,1,0,0,0,1,0,1,0,0
0,4,0,0,0,2013,20.0,0.0,0,0,1,1,0,1,0,0,1,0,0,1,0,0
0,3,0,0,0,2013,27.0,0.0,0,0,1,0,0,1,0,0,1,0,0,1,0,0
0,1,0,0,2,2013,31.0,0.15384615384615385,0,0,0,0,0,1,0,0,1,0,0,0,0,0
0,1,0,0,1,2013,49.0,0.03225806451612903,0,0,0,0,0,1,0,0,0,0,1,0,1,0
0,1,0,0,0,2014,36.0,0.0,0,0,1,0,0,1,1,0,0,0,1,0,0,1
0,7,0,0,0,2013,19.0,0.0,0,0,1,1,0,1,0,1,0,0,0,1,0,0
0,8,0,0,1,2013,19.0,1.0,0,0,0,1,0,1,0,1,0,0,0,0,1,0
0,8,0,0,0,2014,19.0,0.0,0,0,1,0,0,0,0,0,0,1,0,0,1,0
0,1,0,0,1,2014,41.0,0.043478260869565216,0,0,0,0,0,1,1,0,1,0,0,0,0,1
0,1,0,0,1,2014,28.0,0.1,0,0,0,0,0,1,0,0,0,1,0,0,1,0
0,4,0,0,3,2013,29.0,0.2727272727272727,0,0,0,0,0,0,1,0,1,0,0,1,0,0
0,7,0,0,3,2013,22.0,0.75,0,0,0,1,0,1,0,0,1,0,0,1,0,0
0,1,0,0,0,2013,49.0,0.0,0,0,1,0,0,0,1,0,1,0,0,0,0,1
0,7,0,0,11,2013,28.0,1.1,0,0,0,0,0,0,0,0,1,0,0,1,0,0
0,2,0,0,0,2013,27.0,0.0,0,0,1,0,0,0,1,0,0,0,1,0,1,0
0,2,0,0,13,2014,45.0,0.48148148148148145,0,0,0,0,0,1,0,0,0,0,0,1,0,0
0,9,1,0,9,2011,36.0,0.5,1,1,0,0,0,1,1,0,1,0,0,1,0,0
1,10,0,0,4,2013,19.0,4.0,1,1,0,1,0,1,0,0,1,0,0,0,0,1
0,2,0,0,6,2013,46.0,0.21428571428571427,0,0,0,0,0,1,0,0,0,0,0,0,1,0
0,9,0,0,2,2014,50.0,0.0625,0,0,0,0,0,1,0,1,0,0,0,1,0,0
0,1,0,0,1,2013,30.0,0.08333333333333333,0,0,0,0,0,0,1,0,0,0,1,1,0,0
0,3,0,0,0,2014,33.0,0.0,0,0,1,0,0,1,0,1,0,0,0,0,1,0
0,4,0,0,1,2014,24.0,0.16666666666666666,0,0,0,1,0,1,0,0,1,0,0,0,0,0
0,2,0,1,1,2014,22.0,0.25,1,1,0,1,0,1,0,0,1,0,0,1,0,0
0,2,0,0,1,2013,22.0,0.25,0,0,0,1,0,1,1,0,0,0,1,1,0,0
0,9,1,0,20,2014,33.0,1.3333333333333333,1,1,0,0,0,1,0,1,0,0,0,1,0,0
0,4,0,0,2,2013,22.0,0.5,0,0,0,1,0,1,0,0,0,1,0,1,0,0
1,6,0,0,4,2013,21.0,1.3333333333333333,1,1,0,1,0,1,0,0,1,0,0,0,0,1
0,1,0,0,6,2013,53.0,0.17142857142857143,0,0,0,0,0,1,0,1,0,0,0,0,1,0
0,4,0,0,0,2013,20.0,0.0,0,0,1,1,0,1,0,0,0,0,1,1,0,0
0,4,0,0,0,2014,19.0,0.0,0,0,1,1,0,1,1,0,0,1,0,0,1,0
0,1,0,0,0,2013,63.0,0.0,0,0,1,0,0,1,1,0,0,0,1,0,1,0
0,7,0,0,7,2013,25.0,1.0,0,0,0,0,0,1,1,0,1,0,0,1,0,0
0,1,0,0,0,2013,27.0,0.0,0,0,1,0,0,1,1,0,0,0,0,0,1,0
0,7,0,0,3,2014,20.0,1.5,0,0,0,1,0,1,0,1,0,0,0,0,1,0
0,1,0,0,0,2014,36.0,0.0,0,0,1,0,0,1,0,0,0,0,1,0,1,0
0,8,0,1,9,2014,31.0,0.6923076923076923,1,1,0,0,0,1,1,0,0,0,1,1,0,0
0,1,0,0,2,2013,26.0,0.25,0,0,0,0,0,1,0,0,1,0,0,0,1,0
0,2,0,0,1,2013,28.0,0.1,0,0,0,0,0,1,0,0,1,0,0,0,1,0
0,8,0,0,0,2013,18.0,0.0,0,0,1,1,0,1,1,0,0,0,1,1,0,0
0,5,0,0,0,2013,20.0,0.0,0,0,1,0,0,0,1,0,0,0,1,0,1,0
0,4,0,2,3,2013,33.0,0.2,2,1,0,0,0,1,0,1,0,0,0,0,1,0
0,4,0,0,3,2014,26.0,0.375,0,0,0,0,0,1,0,0,1,0,0,0,1,0
0,1,0,0,1,2013,52.0,0.029411764705882353,0,0,0,0,0,1,0,0,0,0,0,0,1,0
0,1,0,0,0,2014,32.0,0.0,0,0,1,0,0,0,0,0,1,0,0,1,0,0
0,4,0,0,1,2014,21.0,0.3333333333333333,0,0,0,1,0,1,0,0,0,1,0,1,0,0
1,5,0,0,1,2014,26.0,0.125,1,1,0,0,0,1,0,0,0,1,0,1,0,0
0,1,0,0,2,2013,41.0,0.08695652173913043,0,0,0,0,0,1,0,0,1,0,0,0,1,0
0,1,0,0,0,2013,35.0,0.0,0,0,1,0,0,1,0,1,0,0,0,0,1,0
0,3,0,0,3,2013,36.0,0.16666666666666666,0,0,0,0,0,1,0,0,1,0,0,0,1,0
0,3,0,1,1,2014,22.0,0.25,1,1,0,1,0,1,0,0,1,0,0,1,0,0
0,3,0,0,2,2013,23.0,0.4,0,0,0,1,0,1,1,0,1,0,0,1,0,0
0,1,0,0,0,2014,53.0,0.0,0,0,1,0,0,0,1,0,0,0,1,0,1,0
0,6,0,0,1,2013,32.0,0.07142857142857142,0,0,0,0,0,1,0,0,0,1,0,1,0,0
0,7,0,0,25,2013,58.0,0.625,0,0,0,0,0,1,0,0,0,1,0,1,0,0
0,1,0,0,0,2013,30.0,0.0,0,0,1,0,0,1,1,0,0,0,1,0,0,0
0,7,0,0,4,2013,37.0,0.21052631578947367,0,0,0,0,0,1,0,0,1,0,0,0,1,0
0,2,0,0,3,2013,30.0,0.25,0,0,0,0,0,1,0,0,0,0,0,1,0,0
0,6,0,0,0,2014,25.0,0.0,0,0,1,0,0,1,0,0,1,0,0,0,1,0
0,9,1,0,15,2014,30.0,1.25,1,1,0,0,0,1,0,0,1,0,0,0,1,0
0,2,0,0,0,2014,26.0,0.0,0,0,1,0,0,1,0,0,1,0,0,1,0,0
0,1,0,0,0,2013,41.0,0.0,0,0,1,0,0,1,1,0,0,0,1,0,1,0
0,9,0,0,0,2014,29.0,0.0,0,0,1,0,0,1,0,0,0,1,0,0,1,0
0,2,0,0,4,2013,54.0,0.1111111111111111,0,0,0,0,0,0,0,0,1,0,0,0,1,0
0,7,0,0,3,2013,24.0,0.5,0,0,0,1,0,1,0,0,0,0,1,1,0,0
0,8,0,0,1,2013,32.0,0.07142857142857142,0,0,0,0,0,1,0,0,1,0,0,1,0,0
0,1,0,0,0,2013,51.0,0.0,0,0,1,0,0,1,0,0,0,1,0,0,0,1
0,5,0,0,0,2014,27.0,0.0,0,0,1,0,0,0,0,1,0,0,0,1,0,0
0,2,0,0,0,2013,38.0,0.0,0,0,1,0,0,0,1,0,0,0,0,0,1,0
0,2,0,0,1,2013,25.0,0.14285714285714285,0,0,0,0,0,1,0,0,1,0,0,0,1,0
0,2,0,1,0,2013,22.0,0.0,1,1,1,0,0,0,1,0,0,0,1,1,0,0
0,6,0,0,3,2013,41.0,0.13043478260869565,0,0,0,0,0,1,1,0,0,0,0,1,0,0
0,4,0,1,4,2013,20.0,2.0,1,1,0,1,0,1,0,0,1,0,0,0,1,0
0,2,0,0,0,2013,27.0,0.0,0,0,1,0,0,1,0,0,0,1,0,1,0,0
0,1,0,0,0,2013,53.0,0.0,0,0,1,0,0,1,1,0,0,0,0,0,1,0
0,3,0,0,0,2014,25.0,0.0,0,0,1,0,0,0,1,0,0,0,1,1,0,0
0,7,0,0,0,2013,25.0,0.0,0,0,1,0,0,0,1,0,1,0,0,0,1,0
0,4,0,0,4,2013,32.0,0.2857142857142857,0,0,0,0,0,0,1,0,0,0,1,0,1,0
0,7,0,0,0,2013,19.0,0.0,0,0,1,0,0,0,0,0,0,1,0,1,0,0
0,1,0,0,5,2013,37.0,0.2631578947368421,0,0,0,0,0,1,0,1,0,0,0,0,1,0
0,1,0,0,0,2014,29.0,0.0,0,0,1,0,0,1,0,0,0,1,0,0,1,0
0,2,0,0,3,2014,45.0,0.1111111111111111,0,0,0,0,0,1,0,0,0,0,1,1,0,0
0,7,0,0,8,2013,21.0,2.6666666666666665,0,0,0,1,0,1,0,1,0,0,0,1,0,0
0,9,0,0,4,2013,36.0,0.2222222222222222,0,0,0,0,0,1,0,0,0,1,0,1,0,0
0,6,0,0,10,2013,26.0,1.25,0,0,0,0,0,1,0,0,0,0,0,1,0,0
0,2,0,0,2,2013,28.0,0.2,0,0,0,0,0,1,0,1,0,0,0,0,0,1
0,9,0,0,4,2014,25.0,0.5714285714285714,0,0,0,0,0,0,0,0,0,1,0,1,0,0
0,8,0,0,2,2013,58.0,0.05,0,0,0,0,0,1,1,0,0,0,1,1,0,0
0,4,0,0,3,2013,34.0,0.1875,0,0,0,0,0,1,1,0,0,0,0,0,0,1
0,1,0,0,1,2014,36.0,0.05555555555555555,0,0,0,0,0,1,0,1,0,0,0,0,0,0
0,9,0,0,0,2013,27.0,0.0,0,0,1,0,0,1,1,0,0,0,0,1,0,0
0,5,0,1,0,2014,18.0,0.0,1,1,1,1,0,1,1,0,0,0,1,1,0,0
0,9,0,0,22,2013,53.0,0.6285714285714286,0,0,0,0,0,1,0,1,0,0,0,1,0,0
0,3,0,0,3,2013,48.0,0.1,0,0,0,0,0,0,0,1,0,0,0,0,1,0
0,1,0,0,0,2013,45.0,0.0,0,0,1,0,0,1,0,0,1,0,0,0,0,0
0,6,0,0,10,2013,28.0,1.0,0,0,0,0,0,1,0,0,1,0,0,1,0,0
0,1,0,0,1,2013,56.0,0.02631578947368421,0,0,0,0,0,1,1,0,0,0,1,1,0,0
1,10,0,0,1,2014,18.0,1.0,1,1,0,1,0,1,0,0,1,0,0,1,0,0
0,9,1,0,4,2013,20.0,2.0,1,1,0,1,0,1,1,0,0,0,1,0,1,0
0,6,0,0,2,2014,26.0,0.25,0,0,0,0,0,0,0,1,0,0,0,0,1,0
0,9,0,0,3,2013,46.0,0.10714285714285714,0,0,0,0,0,1,0,1,0,0,0,0,0,1
0,5,0,0,3,2014,33.0,0.2,0,0,0,0,0,1,1,0,0,0,1,0,1,0
0,9,0,0,1,2013,19.0,1.0,0,0,0,1,0,1,0,0,1,0,0,1,0,0
0,1,0,0,0,2014,38.0,0.0,0,0,1,0,0,0,0,0,0,1,0,0,0,1
0,7,0,0,0,2013,19.0,0.0,0,0,1,1,0,1,0,0,1,0,0,1,0,0
0,2,0,0,8,2013,58.0,0.2,0,0,0,0,0,1,0,1,0,0,0,1,0,0
0,4,0,0,5,2013,23.0,1.0,0,0,0,1,0,1,0,0,0,0,0,1,0,0
0,5,0,0,1,2014,42.0,0.041666666666666664,0,0,0,0,0,1,0,0,0,1,0,0,1,0
0,1,0,0,0,2014,32.0,0.0,0,0,1,0,0,0,1,0,0,0,1,1,0,0
0,2,0,0,1,2012,26.0,0.125,0,0,0,0,0,1,0,0,0,1,0,0,1,0
0,9,0,0,8,2012,26.0,1.0,0,0,0,0,0,1,1,0,1,0,0,1,0,0
0,4,0,0,5,2013,45.0,0.18518518518518517,0,0,0,0,0,1,0,1,0,0,0,1,0,0
0,6,0,0,0,2013,29.0,0.0,0,0,1,0,0,0,1,0,1,0,0,1,0,0
0,6,0,0,2,2014,19.0,2.0,0,0,0,1,0,1,0,0,1,0,0,0,1,0
0,5,0,0,4,2013,31.0,0.3076923076923077,0,0,0,0,0,1,0,0,0,0,0,0,1,0
0,6,0,0,21,2013,51.0,0.6363636363636364,0,0,0,0,0,1,0,1,0,0,0,1,0,0
0,10,4,0,4,2013,18.0,4.0,4,1,0,1,0,1,0,0,0,1,0,0,1,0
0,3,0,0,1,2014,29.0,0.09090909090909091,0,0,0,0,0,1,0,0,1,0,0,0,1,0
0,4,0,0,0,2013,20.0,0.0,0,0,1,1,0,1,1,0,0,0,0,0,1,0
0,4,0,0,6,2014,34.0,0.375,0,0,0,0,0,1,1,0,0,0,1,1,0,0
3,7,1,0,9,2014,32.0,0.6428571428571429,4,1,0,0,0,1,0,0,1,0,0,1,0,0
0,8,0,0,15,2013,48.0,0.5,0,0,0,0,0,1,1,0,0,0,1,1,0,0
4,10,0,0,22,2014,45.0,0.8148148148148148,4,1,0,0,0,1,0,1,0,0,0,0,0,0
0,1,0,0,0,2013,46.0,0.0,0,0,1,0,0,0,1,0,0,0,1,0,0,0
0,4,0,0,1,2012,27.0,0.1111111111111111,0,0,0,0,0,1,1,0,0,0,0,1,0,0
0,3,0,0,10,2013,46.0,0.35714285714285715,0,0,0,0,0,1,0,0,0,1,0,1,0,0
1,9,0,1,2,2013,18.0,2.0,2,1,0,1,0,1,0,0,1,0,0,1,0,0
0,7,0,0,5,2014,24.0,0.8333333333333334,0,0,0,0,0,0,0,0,1,0,0,1,0,0
0,2,0,0,0,2013,26.0,0.0,0,0,1,0,0,1,0,0,0,1,0,0,0,0
0,1,0,0,0,2013,57.0,0.0,0,0,1,0,0,1,0,0,1,0,0,0,0,1
0,9,0,0,2,2013,23.0,0.4,0,0,0,0,0,0,0,0,1,0,0,0,1,0
0,4,0,0,5,2013,35.0,0.29411764705882354,0,0,0,0,0,1,0,0,0,0,0,0,1,0
0,1,0,0,2,2013,32.0,0.14285714285714285,0,0,0,0,0,1,1,0,0,0,1,0,1,0
0,1,0,0,8,2013,52.0,0.23529411764705882,0,0,0,0,0,1,0,0,1,0,0,0,0,0
0,4,0,0,4,2014,31.0,0.3076923076923077,0,0,0,0,0,1,0,0,0,0,1,1,0,0
0,2,0,0,1,2014,27.0,0.1111111111111111,0,0,0,0,0,1,0,0,1,0,0,0,1,0
0,1,0,0,0,2014,44.0,0.0,0,0,1,0,0,1,0,1,0,0,0,0,1,0
0,5,0,0,1,2013,50.0,0.03125,0,0,0,0,0,1,1,0,0,0,1,0,1,0
0,5,0,0,1,2014,25.0,0.14285714285714285,0,0,0,0,0,0,0,0,1,0,0,0,1,0
0,8,0,0,4,2013,26.0,0.5,0,0,0,0,0,1,0,1,0,0,0,0,1,0
0,1,0,0,0,2013,23.0,0.0,0,0,1,1,0,1,0,0,0,1,0,0,0,0
0,2,0,0,3,2013,20.0,1.5,0,0,0,1,0,1,1,0,0,0,1,1,0,0
0,3,0,0,3,2013,41.0,0.13043478260869565,0,0,0,0,0,1,1,0,0,0,1,0,0,1
0,2,0,0,1,2013,22.0,0.25,0,0,0,1,0,1,1,0,0,0,1,0,1,0
0,10,0,0,18,2014,31.0,1.3846153846153846,0,0,0,0,0,1,0,0,0,1,0,1,0,0
0,6,0,0,1,2014,30.0,0.08333333333333333,0,0,0,0,0,1,1,0,0,0,1,1,0,0
0,10,0,0,7,2013,35.0,0.4117647058823529,0,0,0,0,0,0,0,0,0,1,0,1,0,0
0,7,0,0,20,2013,37.0,1.0526315789473684,0,0,0,0,0,1,0,0,0,0,0,1,0,0
0,1,0,0,1,2013,33.0,0.06666666666666667,0,0,0,0,0,0,1,0,0,0,1,1,0,0
0,9,0,0,16,2014,32.0,1.1428571428571428,0,0,0,0,0,1,0,1,0,0,0,1,0,0
0,2,0,0,1,2013,38.0,0.05,0,0,0,0,0,1,1,0,1,0,0,0,1,0
0,1,0,0,7,2013,54.0,0.19444444444444445,0,0,0,0,0,1,0,0,1,0,0,0,1,0
0,5,0,0,1,2013,24.0,0.16666666666666666,0,0,0,1,0,1,0,0,1,0,0,1,0,0
0,3,0,0,0,2014,43.0,0.0,0,0,1,0,0,1,0,1,0,0,0,1,0,0
0,3,0,1,2,2013,23.0,0.4,1,1,0,1,0,1,0,0,0,0,0,1,0,0
0,1,0,0,0,2014,46.0,0.0,0,0,1,0,0,0,0,0,0,1,0,0,1,0
0,2,0,0,7,2013,49.0,0.22580645161290322,0,0,0,0,0,1,1,0,0,0,1,0,1,0
0,3,0,0,2,2013,19.0,2.0,0,0,0,1,0,1,0,0,1,0,0,0,0,1
0,1,0,0,0,2013,40.0,0.0,0,0,1,0,0,0,1,0,0,0,1,1,0,0
0,5,0,0,3,2013,21.0,1.0,0,0,0,1,0,1,0,1,0,0,0,0,1,0
0,7,0,0,11,2014,26.0,1.375,0,0,0,0,0,1,0,0,0,0,0,1,0,0
0,9,1,0,2,2014,21.0,0.6666666666666666,1,1,0,1,0,1,0,0,0,1,0,0,0,1
0,6,0,0,2,2013,25.0,0.2857142857142857,0,0,0,0,0,1,0,1,0,0,0,1,0,0
0,5,0,0,0,2014,19.0,0.0,0,0,1,1,0,1,0,0,0,1,0,1,0,0
0,9,0,0,5,2011,28.0,0.5,0,0,0,0,0,1,1,0,0,0,1,1,0,0
0,8,0,0,1,2013,22.0,0.25,0,0,0,1,0,1,0,0,1,0,0,1,0,0
0,8,2,0,17,2014,35.0,1.0,2,1,0,0,0,1,0,0,1,0,0,1,0,0
0,5,0,0,0,2013,22.0,0.0,0,0,1,0,0,0,0,1,0,0,0,0,1,0
0,5,0,0,0,2013,42.0,0.0,0,0,1,0,0,1,1,0,1,0,0,0,1,0
0,7,0,0,0,2013,21.0,0.0,0,0,1,0,0,0,0,0,1,0,0,1,0,0
0,7,0,0,4,2013,24.0,0.6666666666666666,0,0,0,1,0,1,0,0,0,0,1,1,0,0
0,7,0,1,12,2014,26.0,1.5,1,1,0,0,0,1,1,0,1,0,0,1,0,0
0,3,0,0,0,2014,21.0,0.0,0,0,1,1,0,1,1,0,1,0,0,1,0,0
0,3,0,0,0,2013,21.0,0.0,0,0,1,1,0,1,1,0,1,0,0,0,0,0
0,3,0,0,0,2013,37.0,0.0,0,0,1,0,0,1,1,0,0,0,0,0,0,1
0,2,0,0,1,2014,33.0,0.06666666666666667,0,0,0,0,0,1,1,0,0,0,1,0,0,1
0,6,0,0,1,2013,46.0,0.03571428571428571,0,0,0,0,0,1,1,0,1,0,0,0,1,0
0,2,0,0,0,2013,21.0,0.0,0,0,1,1,0,1,1,0,0,0,1,0,1,0
0,1,0,0,2,2013,52.0,0.058823529411764705,0,0,0,0,0,0,0,0,0,0,1,1,0,0
0,7,0,0,0,2013,20.0,0.0,0,0,1,1,0,1,0,0,1,0,0,1,0,0
0,7,0,0,14,2013,36.0,0.7777777777777778,0,0,0,0,0,1,0,0,0,1,0,1,0,0
0,1,0,0,1,2013,28.0,0.1,0,0,0,0,0,1,0,0,0,0,0,1,0,0
0,2,0,0,3,2014,28.0,0.3,0,0,0,0,0,0,0,0,0,0,0,1,0,0
0,8,0,0,16,2014,35.0,0.9411764705882353,0,0,0,0,0,1,0,0,1,0,0,1,0,0
0,2,0,0,1,2013,38.0,0.05,0,0,0,0,0,0,1,0,0,0,1,0,1,0
0,5,0,0,0,2014,18.0,0.0,0,0,1,1,0,1,0,0,1,0,0,1,0,0
0,4,0,0,0,2013,18.0,0.0,0,0,1,1,0,1,1,0,0,0,1,0,1,0
0,5,0,0,1,2013,20.0,0.5,0,0,0,1,0,1,1,0,0,0,1,0,1,0
0,6,0,0,7,2013,35.0,0.4117647058823529,0,0,0,0,0,1,1,0,0,0,1,1,0,0
0,5,0,0,0,2013,28.0,0.0,0,0,1,0,0,1,0,0,1,0,0,1,0,0
0,7,0,0,0,2013,25.0,0.0,0,0,1,0,0,1,0,1,0,0,0,0,1,0
0,7,1,0,2,2014,20.0,1.0,1,1,0,1,0,1,0,0,0,1,0,0,0,1
0,8,0,0,1,2013,36.0,0.05555555555555555,0,0,0,0,0,1,0,0,1,0,0,1,0,0
0,7,0,0,22,2013,31.0,1.6923076923076923,0,0,0,0,0,1,0,0,0,0,0,1,0,0
0,1,0,0,0,2014,43.0,0.0,0,0,1,0,0,1,1,0,0,0,1,0,0,1
0,9,0,0,0,2013,21.0,0.0,0,0,1,1,0,1,1,0,0,0,1,1,0,0
0,7,0,0,9,2014,25.0,1.2857142857142858,0,0,0,0,0,1,0,0,1,0,0,1,0,0
0,1,0,0,0,2014,28.0,0.0,0,0,1,0,0,1,0,0,1,0,0,0,0,1
0,1,0,0,2,2013,40.0,0.09090909090909091,0,0,0,0,0,1,0,0,1,0,0,1,0,0
0,4,0,0,1,2013,24.0,0.16666666666666666,0,0,0,1,0,1,0,1,0,0,0,1,0,0
0,2,3,0,7,2013,29.0,0.6363636363636364,3,1,0,0,0,1,0,0,1,0,0,1,0,0
0,1,0,0,2,2013,55.0,0.05405405405405406,0,0,0,0,0,0,0,1,0,0,0,0,1,0
0,1,0,0,0,2013,37.0,0.0,0,0,1,0,0,0,1,0,0,0,0,0,1,0
0,6,0,0,6,2014,31.0,0.46153846153846156,0,0,0,0,0,1,0,0,0,1,0,0,1,0
0,5,0,0,2,2013,28.0,0.2,0,0,0,0,0,1,0,1,0,0,0,1,0,0
0,10,0,0,1,2013,26.0,0.125,0,0,0,0,0,1,1,0,1,0,0,0,1,0
0,2,0,0,2,2013,33.0,0.13333333333333333,0,0,0,0,0,1,1,0,0,0,0,1,0,0
0,8,0,0,6,2013,32.0,0.42857142857142855,0,0,0,0,0,1,0,0,1,0,0,1,0,0
0,2,0,0,0,2013,46.0,0.0,0,0,1,0,0,1,1,0,1,0,0,0,0,1
0,9,0,0,5,2013,23.0,1.0,0,0,0,1,0,1,0,0,1,0,0,0,0,1
0,5,1,0,2,2014,20.0,1.0,1,1,0,1,0,1,0,0,0,0,1,1,0,0
0,6,0,0,29,2014,47.0,1.0,0,0,0,0,0,1,0,0,0,0,0,1,0,0
0,8,0,0,23,2014,34.0,1.4375,0,0,0,0,0,0,1,0,0,0,1,1,0,0
0,2,0,0,0,2013,30.0,0.0,0,0,1,0,0,1,1,0,0,0,1,0,0,1
0,2,0,0,3,2014,27.0,0.3333333333333333,0,0,0,0,0,1,0,0,1,0,0,1,0,0
0,5,0,1,1,2014,23.0,0.2,1,1,0,1,0,1,0,0,1,0,0,1,0,0
0,8,0,0,2,2013,18.0,2.0,0,0,0,1,0,1,0,0,1,0,0,1,0,0
0,4,0,0,5,2013,52.0,0.14705882352941177,0,0,0,0,0,1,0,1,0,0,0,1,0,0
0,4,0,0,0,2013,23.0,0.0,0,0,1,1,0,1,1,0,0,0,0,0,1,0
0,1,0,0,6,2013,49.0,0.1935483870967742,0,0,0,0,0,0,0,0,1,0,0,0,1,0
0,8,0,0,16,2013,50.0,0.5,0,0,0,0,0,1,0,0,1,0,0,1,0,0
0,7,0,0,1,2013,24.0,0.16666666666666666,0,0,0,1,0,1,0,0,0,1,0,0,0,1
0,2,0,0,2,2013,57.0,0.05128205128205128,0,0,0,0,0,1,1,0,0,0,0,0,1,0
0,2,0,0,0,2013,41.0,0.0,0,0,1,0,0,1,1,0,1,0,0,0,1,0
0,2,0,0,1,2013,28.0,0.1,0,0,0,0,0,1,0,0,0,0,1,0,0,1
0,4,0,0,2,2014,23.0,0.4,0,0,0,0,0,0,1,0,0,0,1,1,0,0
0,8,0,0,4,2014,19.0,4.0,0,0,0,0,0,0,0,0,1,0,0,0,1,0
0,7,0,0,3,2013,25.0,0.42857142857142855,0,0,0,0,0,1,0,1,0,0,0,0,1,0
0,6,0,0,1,2013,20.0,0.5,0,0,0,1,0,1,0,0,1,0,0,0,1,0
0,8,0,0,1,2013,21.0,0.3333333333333333,0,0,0,1,0,1,0,1,0,0,0,0,1,0
0,3,0,0,0,2013,25.0,0.0,0,0,1,0,0,0,0,0,1,0,0,1,0,0
0,6,0,0,10,2014,34.0,0.625,0,0,0,0,0,1,0,0,1,0,0,1,0,0
0,1,0,0,0,2013,27.0,0.0,0,0,1,0,0,1,1,0,0,0,1,0,1,0
0,3,0,2,0,2014,21.0,0.0,2,1,1,1,0,1,0,0,0,1,0,1,0,0
0,5,0,0,9,2013,36.0,0.5,0,0,0,0,0,1,0,0,1,0,0,1,0,0
0,1,0,0,1,2013,43.0,0.04,0,0,0,0,0,0,0,0,1,0,0,0,0,0
0,2,0,0,3,2013,43.0,0.12,0,0,0,0,0,1,1,0,1,0,0,0,0,0
0,7,0,0,5,2013,23.0,1.0,0,0,0,1,0,1,1,0,0,0,1,1,0,0
0,3,0,0,0,2013,20.0,0.0,0,0,1,0,0,0,0,0,0,1,0,1,0,0
0,7,0,0,0,2014,50.0,0.0,0,0,1,0,0,0,0,0,0,0,0,1,0,0
0,5,0,5,0,2014,20.0,0.0,5,1,1,0,0,0,1,0,0,0,1,1,0,0
0,2,0,0,0,2013,52.0,0.0,0,0,1,0,0,1,0,0,1,0,0,0,1,0
0,6,0,0,2,2008,43.0,0.08,0,0,0,0,0,1,1,0,1,0,0,1,0,0
0,5,0,4,2,2013,18.0,2.0,4,1,0,1,0,1,0,0,0,1,0,1,0,0
0,3,0,0,1,2013,23.0,0.2,0,0,0,1,0,1,0,0,1,0,0,0,1,0
0,1,0,0,0,2013,43.0,0.0,0,0,1,0,0,0,0,0,1,0,0,0,1,0
0,4,0,0,0,2013,19.0,0.0,0,0,1,1,0,1,1,0,0,0,1,0,1,0
1,4,0,0,10,2013,35.0,0.5882352941176471,1,1,0,0,0,1,0,0,0,1,0,0,1,0
0,1,0,0,9,2014,34.0,0.5625,0,0,0,0,0,0,0,0,0,0,0,0,0,1
0,2,0,0,5,2013,31.0,0.38461538461538464,0,0,0,0,0,0,0,0,0,0,0,1,0,0
5,5,0,2,4,2014,16.0,4.0,7,1,0,1,0,1,0,0,1,0,0,1,0,0
0,6,0,0,3,2013,23.0,0.6,0,0,0,0,0,0,0,1,0,0,0,0,1,0
0,6,0,0,0,2013,21.0,0.0,0,0,1,0,0,0,0,1,0,0,0,0,1,0
0,5,0,1,8,2013,29.0,0.7272727272727273,1,1,0,0,0,0,1,0,1,0,0,0,0,1
0,1,0,0,1,2014,42.0,0.041666666666666664,0,0,0,0,0,1,1,0,0,0,0,0,1,0
0,4,0,0,9,2013,50.0,0.28125,0,0,0,0,0,1,0,0,0,1,0,0,1,0
0,4,0,0,4,2014,25.0,0.5714285714285714,0,0,0,0,0,1,0,0,1,0,0,1,0,0
0,6,0,0,2,2013,22.0,0.5,0,0,0,1,0,1,0,1,0,0,0,0,1,0
0,10,1,3,1,2014,18.0,1.0,4,1,0,1,0,1,0,1,0,0,0,0,1,0
0,2,0,0,0,2013,50.0,0.0,0,0,1,0,0,1,0,0,0,0,1,0,1,0
0,3,0,0,0,2013,35.0,0.0,0,0,1,0,0,1,1,0,1,0,0,1,0,0
0,4,0,0,2,2013,35.0,0.11764705882352941,0,0,0,0,0,1,0,0,1,0,0,0,0,0
1,8,0,0,6,2013,24.0,1.0,1,1,0,1,0,1,0,1,0,0,0,1,0,0
0,10,0,0,2,2013,18.0,2.0,0,0,0,0,0,0,0,0,0,1,0,1,0,0
0,9,0,0,7,2014,22.0,1.75,0,0,0,0,0,0,0,0,0,1,0,1,0,0
0,1,0,0,0,2013,30.0,0.0,0,0,1,0,0,1,1,0,0,0,1,0,1,0
0,4,0,4,1,2013,21.0,0.3333333333333333,4,1,0,0,0,0,1,0,0,0,0,0,1,0
0,1,0,0,1,2014,44.0,0.038461538461538464,0,0,0,0,0,1,0,1,0,0,0,0,1,0
0,7,0,0,7,2013,29.0,0.6363636363636364,0,0,0,0,0,1,0,0,0,0,0,0,0,1
0,3,0,0,2,2013,21.0,0.6666666666666666,0,0,0,1,0,1,0,0,0,0,1,0,0,1
0,1,0,0,0,2013,35.0,0.0,0,0,1,0,0,0,0,0,0,0,1,0,1,0
0,10,2,2,13,2014,27.0,1.4444444444444444,4,1,0,0,0,1,0,0,0,1,0,1,0,0
0,9,2,2,27,2014,25.0,3.857142857142857,4,1,0,0,0,1,1,0,0,0,1,1,0,0
0,1,0,0,2,2013,54.0,0.05555555555555555,0,0,0,0,0,1,0,0,1,0,0,0,1,0
0,1,0,0,0,2013,40.0,0.0,0,0,1,0,0,1,0,0,1,0,0,0,1,0
0,6,0,0,0,2013,19.0,0.0,0,0,1,1,0,1,1,0,1,0,0,1,0,0
0,9,0,0,9,2013,25.0,1.2857142857142858,0,0,0,0,0,0,1,0,1,0,0,1,0,0
0,4,0,0,3,2013,47.0,0.10344827586206896,0,0,0,0,0,1,0,0,0,0,0,0,1,0
0,1,0,0,3,2014,39.0,0.14285714285714285,0,0,0,0,0,1,0,0,0,0,0,0,0,1
0,7,0,0,1,2013,20.0,0.5,0,0,0,1,0,1,0,0,1,0,0,0,1,0
0,2,0,0,3,2013,45.0,0.1111111111111111,0,0,0,0,0,1,0,0,1,0,0,1,0,0
0,3,0,0,0,2014,25.0,0.0,0,0,1,0,0,1,1,0,0,0,0,0,1,0
0,2,0,0,6,2013,29.0,0.5454545454545454,0,0,0,0,0,1,0,0,0,0,0,1,0,0
1,10,2,1,6,2013,24.0,1.0,4,1,0,1,0,1,1,0,1,0,0,1,0,0
0,4,0,0,0,2014,23.0,0.0,0,0,1,1,0,1,1,0,0,0,1,1,0,0
0,3,0,0,3,2013,53.0,0.08571428571428572,0,0,0,0,0,1,1,0,0,0,1,0,1,0
0,4,0,0,1,2014,26.0,0.125,0,0,0,0,0,0,1,0,0,0,1,1,0,0
0,3,0,0,3,2014,29.0,0.2727272727272727,0,0,0,0,0,0,0,0,1,0,0,0,1,0
0,8,0,0,0,2013,18.0,0.0,0,0,1,1,0,1,0,0,0,0,1,1,0,0
0,4,0,0,1,2013,19.0,1.0,0,0,0,1,0,1,0,0,0,1,0,0,1,0
0,2,0,0,0,2013,25.0,0.0,0,0,1,0,0,0,1,0,0,0,1,1,0,0
0,1,0,0,2,2014,33.0,0.13333333333333333,0,0,0,0,0,1,0,0,1,0,0,1,0,0
0,2,0,0,0,2013,20.0,0.0,0,0,1,1,0,1,0,0,1,0,0,0,1,0
0,8,0,0,4,2002,35.0,0.23529411764705882,0,0,0,0,0,1,0,0,1,0,0,1,0,0
0,8,1,2,4,2014,20.0,2.0,3,1,0,1,0,1,1,0,0,0,1,0,1,0
0,9,0,0,2,2013,34.0,0.125,0,0,0,0,0,1,0,0,1,0,0,1,0,0
0,1,0,0,0,2014,31.0,0.0,0,0,1,0,0,1,0,0,0,0,1,1,0,0
0,7,0,1,5,2014,21.0,1.6666666666666667,1,1,0,1,0,1,0,0,1,0,0,1,0,0
0,7,0,1,0,2014,20.0,0.0,1,1,1,1,0,1,1,0,0,0,1,1,0,0
0,4,0,0,0,2014,21.0,0.0,0,0,1,1,0,1,0,0,1,0,0,1,0,0
0,7,0,0,2,2013,41.0,0.08695652173913043,0,0,0,0,0,1,1,0,1,0,0,1,0,0
0,2,0,0,0,2013,24.0,0.0,0,0,1,0,0,0,1,0,1,0,0,1,0,0
0,6,0,0,2,2013,26.0,0.25,0,0,0,0,0,1,0,0,1,0,0,1,0,0
0,2,0,1,0,2013,24.0,0.0,1,1,1,1,0,1,0,1,0,0,0,0,0,1
0,1,0,0,1,2013,27.0,0.1111111111111111,0,0,0,0,0,1,1,0,0,0,0,0,1,0
0,6,0,0,1,2013,20.0,0.5,0,0,0,1,0,1,0,0,0,1,0,1,0,0
0,2,0,0,1,2013,39.0,0.047619047619047616,0,0,0,0,0,1,0,0,0,0,0,0,0,0
0,3,0,0,0,2013,24.0,0.0,0,0,1,0,0,0,0,0,0,0,1,1,0,0
0,3,0,0,0,2014,18.0,0.0,0,0,1,1,0,1,0,0,0,1,0,1,0,0
0,7,2,0,7,2014,22.0,1.75,2,1,0,0,0,0,1,0,0,0,1,0,1,0
0,7,1,0,6,2014,34.0,0.375,1,1,0,0,0,0,0,1,0,0,0,0,0,0
0,2,0,0,6,2014,35.0,0.35294117647058826,0,0,0,0,0,1,0,0,0,0,0,1,0,0
0,9,0,0,1,2013,18.0,1.0,0,0,0,0,0,0,0,0,0,1,0,1,0,0
0,5,0,0,8,2014,25.0,1.1428571428571428,0,0,0,0,1,1,0,0,0,0,1,1,0,0
0,4,0,0,2,2013,23.0,0.4,0,0,0,1,0,1,0,0,1,0,0,1,0,0
0,1,0,0,0,2013,40.0,0.0,0,0,1,0,0,1,1,0,0,0,1,0,1,0
0,10,0,0,8,2014,21.0,2.6666666666666665,0,0,0,1,0,1,0,0,0,1,0,1,0,0
0,1,0,0,0,2014,53.0,0.0,0,0,1,0,0,0,1,0,0,0,1,0,1,0
0,6,0,0,1,2013,22.0,0.25,0,0,0,1,0,1,0,0,1,0,0,0,1,0
0,4,0,0,0,2013,20.0,0.0,0,0,1,1,0,1,1,0,0,0,1,1,0,0
0,1,0,0,0,2013,61.0,0.0,0,0,1,0,0,0,0,1,0,0,0,1,0,0
0,1,0,0,0,2013,45.0,0.0,0,0,1,0,0,1,1,0,0,0,1,0,0,0
0,5,0,0,0,2013,36.0,0.0,0,0,1,0,0,0,0,0,0,1,0,1,0,0
0,2,0,0,0,2013,27.0,0.0,0,0,1,0,0,1,1,0,0,0,0,0,1,0
0,4,0,0,1,2014,19.0,1.0,0,0,0,0,0,0,1,0,0,0,1,1,0,0
0,6,0,0,2,2014,19.0,2.0,0,0,0,1,0,1,0,0,1,0,0,1,0,0
0,4,0,0,0,2013,18.0,0.0,0,0,1,1,0,1,0,0,0,1,0,1,0,0
0,4,0,0,0,2013,21.0,0.0,0,0,1,1,0,1,0,0,1,0,0,0,1,0
0,7,0,0,3,2013,27.0,0.3333333333333333,0,0,0,0,0,1,1,0,0,0,1,1,0,0
0,8,0,0,12,2013,49.0,0.3870967741935484,0,0,0,0,0,1,0,1,0,0,0,1,0,0
1,10,0,2,1,2013,19.0,1.0,3,1,0,1,0,1,0,0,1,0,0,1,0,0
0,10,0,0,1,2013,28.0,0.1,0,0,0,0,0,1,0,0,1,0,0,1,0,0
0,7,0,0,2,2013,20.0,1.0,0,0,0,1,0,1,1,0,0,1,0,1,0,0
0,7,0,0,0,2013,20.0,0.0,0,0,1,1,0,1,1,0,1,0,0,0,0,1
0,4,0,0,4,2013,29.0,0.36363636363636365,0,0,0,0,0,1,0,0,0,1,0,1,0,0
0,6,0,0,11,2013,25.0,1.5714285714285714,0,0,0,0,0,1,0,0,1,0,0,1,0,0
0,2,0,1,0,2014,22.0,0.0,1,1,1,1,0,1,0,0,0,1,0,1,0,0
0,4,0,0,1,2014,18.0,1.0,0,0,0,0,0,0,0,0,1,0,0,1,0,0
0,1,0,0,1,2013,29.0,0.09090909090909091,0,0,0,0,0,1,1,0,0,0,1,0,0,0
0,4,0,0,3,2013,26.0,0.375,0,0,0,0,0,1,0,0,1,0,0,1,0,0
0,6,0,0,6,2013,39.0,0.2857142857142857,0,0,0,0,0,1,0,0,0,1,0,1,0,0
0,3,0,0,4,2013,25.0,0.5714285714285714,0,0,0,0,0,1,1,0,0,0,1,1,0,0
0,4,0,0,6,2014,27.0,0.6666666666666666,0,0,0,0,0,1,0,0,1,0,0,0,1,0
0,5,0,0,0,2013,46.0,0.0,0,0,1,0,0,1,0,0,1,0,0,0,1,0
0,1,0,0,0,2014,40.0,0.0,0,0,1,0,0,1,1,0,0,0,1,0,1,0
0,2,0,0,4,2013,36.0,0.2222222222222222,0,0,0,0,0,1,1,0,0,0,1,1,0,0
0,6,0,1,3,2013,20.0,1.5,1,1,0,1,0,1,0,0,0,1,0,1,0,0
0,2,0,0,0,2013,43.0,0.0,0,0,1,0,0,1,1,0,0,0,1,0,1,0
0,3,0,0,0,2013,35.0,0.0,0,0,1,0,0,1,0,0,1,0,0,1,0,0
0,6,0,0,0,2013,34.0,0.0,0,0,1,0,0,1,0,1,0,0,0,1,0,0
0,9,0,0,6,2013,19.0,6.0,0,0,0,1,0,1,0,0,1,0,0,0,1,0
0,10,0,0,11,2013,26.0,1.375,0,0,0,0,0,1,1,0,0,0,0,1,0,0
0,2,0,0,2,2013,36.0,0.1111111111111111,0,0,0,0,0,1,1,0,0,0,0,1,0,0
0,2,0,0,0,2013,44.0,0.0,0,0,1,0,0,1,1,0,0,0,1,0,1,0
0,10,0,0,7,2013,23.0,1.4,0,0,0,1,0,1,0,0,0,1,0,1,0,0
0,5,0,0,0,2013,18.0,0.0,0,0,1,0,0,0,0,0,0,0,1,1,0,0
0,1,0,0,2,2014,61.0,0.046511627906976744,0,0,0,0,0,1,1,0,1,0,0,1,0,0
0,2,0,0,2,2013,25.0,0.2857142857142857,0,0,0,0,0,1,0,1,0,0,0,1,0,0
0,5,0,0,27,2014,53.0,0.7714285714285715,0,0,0,0,0,1,1,0,0,0,1,0,1,0
0,2,0,0,2,2013,52.0,0.058823529411764705,0,0,0,0,0,1,1,0,0,0,1,0,0,0
0,5,0,0,0,2014,24.0,0.0,0,0,1,1,0,1,0,0,1,0,0,0,1,0
0,2,0,0,1,2013,35.0,0.058823529411764705,0,0,0,0,0,1,1,0,0,0,1,0,1,0
0,1,0,0,0,2013,31.0,0.0,0,0,1,0,0,1,0,0,0,1,0,1,0,0
0,1,0,0,4,2014,46.0,0.14285714285714285,0,0,0,0,0,0,0,0,1,0,0,0,0,1
1,7,1,0,2,2014,24.0,0.3333333333333333,2,1,0,1,0,1,0,1,0,0,0,1,0,0
0,1,0,0,0,2013,54.0,0.0,0,0,1,0,0,1,0,0,0,0,1,0,0,0
0,3,0,0,0,2014,19.0,0.0,0,0,1,1,0,1,0,0,0,1,0,0,0,1
0,9,0,1,8,2013,30.0,0.6666666666666666,1,1,0,0,0,1,0,0,1,0,0,1,0,0
0,9,0,0,5,2013,22.0,1.25,0,0,0,0,1,0,0,0,0,0,1,1,0,0
0,3,0,0,2,2014,31.0,0.15384615384615385,0,0,0,0,0,0,0,0,0,1,0,1,0,0
0,5,0,0,2,2013,23.0,0.4,0,0,0,1,0,1,0,0,0,1,0,1,0,0
0,4,0,0,2,2013,26.0,0.25,0,0,0,0,0,1,1,0,0,1,0,1,0,0
0,4,0,0,6,2013,25.0,0.8571428571428571,0,0,0,0,0,1,1,0,1,0,0,0,1,0
0,5,0,0,20,2013,50.0,0.625,0,0,0,0,0,1,0,0,1,0,0,1,0,0
0,1,0,0,1,2013,54.0,0.027777777777777776,0,0,0,0,0,1,1,0,0,0,0,0,0,1
0,2,0,0,0,2013,24.0,0.0,0,0,1,1,0,1,0,0,0,1,0,0,1,0
0,2,0,0,0,2014,46.0,0.0,0,0,1,0,0,1,0,1,0,0,0,0,1,0
0,2,0,0,0,2014,27.0,0.0,0,0,1,0,0,1,1,0,1,0,0,0,0,1
0,4,0,0,1,2014,24.0,0.16666666666666666,0,0,0,1,0,1,1,0,0,0,1,0,1,0
0,1,0,0,0,2013,65.0,0.0,0,0,1,0,0,1,0,0,1,0,0,0,1,0
0,5,0,1,2,2013,26.0,0.25,1,1,0,0,0,1,1,0,1,0,0,1,0,0
0,2,0,0,3,2013,51.0,0.09090909090909091,0,0,0,0,0,0,0,0,0,1,0,1,0,0
0,1,0,0,0,2013,46.0,0.0,0,0,1,0,0,1,0,1,0,0,0,1,0,0
0,1,0,0,0,2013,42.0,0.0,0,0,1,0,0,0,1,0,0,0,0,0,1,0
0,1,0,0,0,2014,53.0,0.0,0,0,1,0,0,0,0,0,0,0,1,0,0,1
1,8,0,0,10,2014,25.0,1.4285714285714286,1,1,0,0,0,1,0,0,1,0,0,1,0,0
0,1,0,0,0,2013,44.0,0.0,0,0,1,0,0,1,1,0,0,0,1,1,0,0
0,3,0,0,1,2013,27.0,0.1111111111111111,0,0,0,0,0,1,0,1,0,0,0,0,1,0
0,6,0,0,0,2014,46.0,0.0,0,0,1,0,0,0,0,0,1,0,0,1,0,0
0,1,0,0,1,2004,65.0,0.02127659574468085,0,0,0,0,0,1,1,0,0,0,0,1,0,0
0,10,2,2,2,2013,18.0,2.0,4,1,0,1,0,1,0,0,0,1,0,1,0,0
0,3,0,0,4,2013,51.0,0.12121212121212122,0,0,0,0,0,1,0,0,1,0,0,1,0,0
0,2,0,0,3,2013,51.0,0.09090909090909091,0,0,0,0,0,1,0,0,1,0,0,0,1,0
0,9,0,0,15,2014,24.0,2.5,0,0,0,1,0,1,0,0,1,0,0,1,0,0
0,9,1,1,8,2013,20.0,4.0,2,1,0,1,0,1,0,0,0,1,0,1,0,0
0,2,0,0,2,2013,36.0,0.1111111111111111,0,0,0,0,0,1,0,0,1,0,0,0,1,0
0,7,0,0,13,2013,32.0,0.9285714285714286,0,0,0,0,0,1,0,0,0,0,0,0,0,1
0,1,0,0,1,2013,27.0,0.1111111111111111,0,0,0,0,0,1,1,0,0,0,1,1,0,0
1,4,0,0,9,2014,27.0,1.0,1,1,0,0,0,1,1,0,1,0,0,1,0,0
0,3,0,0,6,2013,38.0,0.3,0,0,0,0,0,1,0,1,0,0,0,1,0,0
0,10,0,0,1,2013,29.0,0.09090909090909091,0,0,0,0,0,1,1,0,0,0,1,1,0,0
0,6,0,0,12,2012,44.0,0.46153846153846156,0,0,0,0,0,1,1,0,1,0,0,1,0,0
0,6,0,0,0,2014,51.0,0.0,0,0,1,0,0,1,1,0,0,0,1,1,0,0
0,1,1,0,3,2013,29.0,0.2727272727272727,1,1,0,0,0,1,0,0,0,1,0,1,0,0
0,5,0,3,1,2013,19.0,1.0,3,1,0,1,0,1,0,1,0,0,0,0,1,0
0,1,0,0,0,2013,44.0,0.0,0,0,1,0,0,0,1,0,0,0,0,0,1,0
0,4,0,0,7,2014,27.0,0.7777777777777778,0,0,0,0,0,1,0,0,1,0,0,1,0,0
0,7,0,0,0,2013,19.0,0.0,0,0,1,0,0,0,0,0,0,1,0,1,0,0
0,4,0,0,8,2013,36.0,0.4444444444444444,0,0,0,0,0,1,0,0,1,0,0,1,0,0
0,6,0,0,9,2013,33.0,0.6,0,0,0,0,0,1,0,1,0,0,0,1,0,0
0,1,0,0,1,2014,24.0,0.16666666666666666,0,0,0,1,0,1,1,0,0,0,1,1,0,0
0,2,0,0,1,2013,23.0,0.2,0,0,0,1,0,1,0,0,1,0,0,1,0,0
0,10,0,0,5,2014,25.0,0.7142857142857143,0,0,0,0,0,1,0,0,1,0,0,1,0,0
0,9,0,0,10,2014,32.0,0.7142857142857143,0,0,0,0,0,0,0,1,0,0,0,0,1,0
0,1,0,0,0,2014,31.0,0.0,0,0,1,0,0,0,1,0,0,0,1,1,0,0
0,9,0,1,5,2013,22.0,1.25,1,1,0,1,0,1,0,0,1,0,0,1,0,0
0,5,0,1,2,2014,20.0,1.0,1,1,0,1,0,1,1,0,0,0,1,0,1,0
0,9,0,0,7,2013,49.0,0.22580645161290322,0,0,0,0,0,1,0,1,0,0,0,1,0,0
0,10,0,0,2,2013,19.0,2.0,0,0,0,1,0,1,0,0,1,0,0,1,0,0
0,9,1,0,11,2014,26.0,1.375,1,1,0,0,0,1,0,0,0,1,0,1,0,0
0,6,0,0,0,2013,23.0,0.0,0,0,1,1,0,1,0,0,0,1,0,0,0,1
0,4,1,0,4,2013,20.0,2.0,1,1,0,1,0,1,1,0,0,0,1,0,1,0
0,1,0,0,1,2013,28.0,0.1,0,0,0,0,0,1,1,0,0,0,1,1,0,0
0,5,0,0,1,2013,32.0,0.07142857142857142,0,0,0,0,0,1,1,0,0,0,1,0,1,0
0,4,0,0,0,2013,29.0,0.0,0,0,1,0,0,1,1,1,0,0,0,1,0,0
0,3,0,0,0,2013,48.0,0.0,0,0,1,0,0,0,1,0,0,0,0,0,1,0
0,5,0,0,1,2013,24.0,0.16666666666666666,0,0,0,1,0,1,1,0,0,1,0,1,0,0
0,3,1,0,4,2014,24.0,0.6666666666666666,1,1,0,0,0,0,0,0,1,0,0,1,0,0
1,5,0,0,4,2014,25.0,0.5714285714285714,1,1,0,0,0,1,0,0,0,0,1,1,0,0
0,3,0,0,0,2013,26.0,0.0,0,0,1,0,0,1,0,0,0,0,1,0,1,0
0,1,0,0,0,2013,55.0,0.0,0,0,1,0,0,1,1,0,0,0,0,1,0,0
2,10,0,0,14,2013,24.0,2.3333333333333335,2,1,0,1,0,1,0,0,1,0,0,1,0,0
0,5,0,0,5,2013,25.0,0.7142857142857143,0,0,0,0,0,1,0,0,0,0,0,1,0,0
0,10,5,1,15,2013,21.0,5.0,6,1,0,1,0,1,0,1,0,0,0,1,0,0
0,1,0,0,0,2013,48.0,0.0,0,0,1,0,0,1,1,0,0,0,0,0,1,0
0,9,0,0,15,2013,28.0,1.5,0,0,0,0,0,0,0,1,0,0,0,1,0,0
0,1,0,0,0,2013,43.0,0.0,0,0,1,0,0,1,0,0,0,1,0,0,0,1
0,1,0,0,0,2013,40.0,0.0,0,0,1,0,0,1,0,0,0,1,0,0,1,0
0,2,0,0,0,2014,22.0,0.0,0,0,1,1,0,1,0,0,1,0,0,0,1,0
0,7,0,0,10,2013,31.0,0.7692307692307693,0,0,0,0,0,1,0,0,0,0,1,1,0,0
0,2,0,0,2,2014,24.0,0.3333333333333333,0,0,0,1,0,1,0,1,0,0,0,0,1,0
0,1,0,0,0,2013,28.0,0.0,0,0,1,0,0,1,0,1,0,0,0,0,1,0
0,3,0,3,1,2013,20.0,0.5,3,1,0,1,0,1,0,0,0,1,0,1,0,0
0,1,0,0,0,2013,36.0,0.0,0,0,1,0,0,1,0,0,1,0,0,1,0,0
0,1,0,0,4,2014,49.0,0.12903225806451613,0,0,0,0,0,1,0,0,0,0,0,1,0,0
0,6,0,0,0,2013,20.0,0.0,0,0,1,0,0,0,1,0,0,0,1,1,0,0
0,2,0,0,0,2013,23.0,0.0,0,0,1,0,0,0,1,0,0,0,1,1,0,0
0,9,1,0,2,2013,18.0,2.0,1,1,0,0,0,0,0,0,1,0,0,1,0,0
0,4,0,0,1,2014,18.0,1.0,0,0,0,1,0,1,0,1,0,0,0,0,1,0
0,5,0,0,12,2014,52.0,0.35294117647058826,0,0,0,0,0,1,1,0,0,0,1,1,0,0
0,6,0,0,2,2013,24.0,0.3333333333333333,0,0,0,0,0,0,0,0,0,1,0,1,0,0
0,5,0,0,5,2014,44.0,0.19230769230769232,0,0,0,0,0,1,0,1,0,0,0,0,1,0
3,7,1,0,13,2014,32.0,0.9285714285714286,4,1,0,0,0,1,0,0,1,0,0,1,0,0
0,1,0,0,0,2014,53.0,0.0,0,0,1,0,0,0,0,0,0,0,1,0,1,0
0,2,0,0,0,2014,22.0,0.0,0,0,1,1,0,1,1,0,0,0,1,1,0,0
0,10,0,1,0,2014,19.0,0.0,1,1,1,1,0,1,0,1,0,0,0,1,0,0
0,5,0,0,5,2013,34.0,0.3125,0,0,0,0,0,1,1,0,0,0,1,1,0,0
0,1,0,0,1,2013,31.0,0.07692307692307693,0,0,0,0,0,0,1,0,0,0,1,0,1,0
0,6,0,0,2,2013,38.0,0.1,0,0,0,0,0,0,0,0,0,0,1,1,0,0
0,6,0,0,1,2014,19.0,1.0,0,0,0,1,0,1,0,0,1,0,0,1,0,0
0,3,0,0,3,2014,21.0,1.0,0,0,0,1,0,1,0,0,0,1,0,1,0,0
0,8,0,0,0,2013,21.0,0.0,0,0,1,1,0,1,0,0,0,1,0,1,0,0
0,4,0,0,8,2013,39.0,0.38095238095238093,0,0,0,0,0,1,0,0,1,0,0,0,1,0
0,4,0,0,0,2013,20.0,0.0,0,0,1,0,0,0,1,0,0,0,1,1,0,0
0,4,0,0,0,2014,18.0,0.0,0,0,1,1,0,1,1,0,0,0,1,0,1,0
0,1,0,0,0,2013,41.0,0.0,0,0,1,0,0,0,0,0,0,1,0,0,1,0
0,4,0,0,0,2013,18.0,0.0,0,0,1,1,0,1,1,0,0,0,1,1,0,0
0,5,0,0,5,2013,24.0,0.8333333333333334,0,0,0,1,0,1,1,0,0,0,0,1,0,0
0,10,0,0,0,2013,18.0,0.0,0,0,1,1,0,1,1,0,0,0,1,0,1,0
0,6,0,0,0,2013,18.0,0.0,0,0,1,1,0,1,0,1,0,0,0,1,0,0
0,4,0,0,1,2014,26.0,0.125,0,0,0,0,0,1,0,0,1,0,0,0,1,0
0,7,0,0,9,2013,26.0,1.125,0,0,0,0,0,1,0,0,1,0,0,1,0,0
0,9,0,0,0,2013,18.0,0.0,0,0,1,1,0,1,0,0,0,0,1,1,0,0
0,6,0,0,2,2014,21.0,0.6666666666666666,0,0,0,0,0,0,0,0,0,1,0,1,0,0
0,4,0,0,0,2013,19.0,0.0,0,0,1,1,0,1,0,1,0,0,0,0,0,0
0,5,0,0,0,2013,21.0,0.0,0,0,1,0,0,0,0,0,1,0,0,1,0,0
0,5,1,0,3,2013,20.0,1.5,1,1,0,1,0,1,0,1,0,0,0,1,0,0
0,4,0,0,0,2013,24.0,0.0,0,0,1,1,0,1,0,0,0,1,0,0,1,0
0,4,0,0,0,2013,21.0,0.0,0,0,1,1,0,1,0,0,1,0,0,0,1,0
0,6,1,0,6,2013,28.0,0.6,1,1,0,0,0,1,1,0,0,0,1,1,0,0
0,4,0,0,0,2013,19.0,0.0,0,0,1,1,0,1,0,0,1,0,0,1,0,0
0,1,0,0,0,2013,51.0,0.0,0,0,1,0,0,1,0,0,0,0,1,0,1,0
0,6,0,0,7,2013,32.0,0.5,0,0,0,0,0,0,0,0,1,0,0,1,0,0
0,5,0,0,0,2013,50.0,0.0,0,0,1,0,0,0,0,0,1,0,0,1,0,0
0,4,0,0,9,2013,23.0,1.8,0,0,0,1,0,1,1,0,0,1,0,1,0,0
0,4,0,0,7,2013,45.0,0.25925925925925924,0,0,0,0,0,1,1,0,1,0,0,1,0,0
0,1,0,0,2,2013,54.0,0.05555555555555555,0,0,0,0,0,0,1,0,0,0,0,1,0,0
0,7,0,0,6,2013,22.0,1.5,0,0,0,1,0,1,0,0,1,0,0,1,0,0
0,1,0,0,0,2013,46.0,0.0,0,0,1,0,0,0,0,0,1,0,0,0,1,0
0,2,0,0,0,2013,31.0,0.0,0,0,1,0,0,1,1,0,1,0,0,0,1,0
0,6,0,0,0,2014,19.0,0.0,0,0,1,1,0,1,1,0,0,0,1,1,0,0
0,6,0,0,0,2014,21.0,0.0,0,0,1,1,0,1,0,0,0,1,0,0,1,0
0,1,0,0,0,2013,54.0,0.0,0,0,1,0,0,1,0,0,1,0,0,0,1,0
0,10,0,0,5,2014,23.0,1.0,0,0,0,1,0,1,0,1,0,0,0,0,1,0
0,5,0,0,1,2014,40.0,0.045454545454545456,0,0,0,0,0,0,0,0,0,0,0,1,0,0
0,5,0,0,1,2013,48.0,0.03333333333333333,0,0,0,0,0,1,0,1,0,0,0,1,0,0
0,2,1,0,5,2013,28.0,0.5,1,1,0,0,0,1,1,0,0,0,1,0,0,0
0,5,0,0,13,2013,50.0,0.40625,0,0,0,0,0,1,1,0,1,0,0,1,0,0
0,7,0,0,6,2013,40.0,0.2727272727272727,0,0,0,0,0,0,0,0,0,1,0,1,0,0
0,1,0,0,0,2014,32.0,0.0,0,0,1,0,0,1,0,0,1,0,0,1,0,0
0,5,0,0,2,2014,26.0,0.25,0,0,0,0,0,0,0,0,0,1,0,0,1,0
0,1,0,0,0,2014,49.0,0.0,0,0,1,0,0,1,1,0,0,0,0,1,0,0
0,4,0,0,1,2013,24.0,0.16666666666666666,0,0,0,1,0,1,1,0,0,0,0,0,1,0
0,6,0,0,5,2014,45.0,0.18518518518518517,0,0,0,0,0,1,0,1,0,0,0,1,0,0
0,4,0,1,0,2013,19.0,0.0,1,1,1,1,0,1,0,0,0,1,0,0,1,0
0,2,0,0,0,2013,33.0,0.0,0,0,1,0,0,0,0,1,0,0,0,0,1,0
0,3,0,0,1,2014,33.0,0.06666666666666667,0,0,0,0,0,0,1,0,0,0,1,0,0,1
0,3,0,0,4,2013,39.0,0.19047619047619047,0,0,0,0,0,1,0,1,0,0,0,0,1,0
0,6,3,1,6,2013,22.0,1.5,4,1,0,1,0,1,1,0,1,0,0,1,0,0
0,3,0,0,2,2014,29.0,0.18181818181818182,0,0,0,0,0,0,0,0,1,0,0,0,0,1
0,1,0,0,0,2014,31.0,0.0,0,0,1,0,0,1,1,0,0,0,1,0,1,0
0,2,0,0,3,2014,43.0,0.12,0,0,0,0,0,0,0,0,1,0,0,0,1,0
0,2,0,0,0,2013,42.0,0.0,0,0,1,0,0,1,0,0,0,0,1,0,1,0
0,2,0,0,1,2013,25.0,0.14285714285714285,0,0,0,0,0,0,0,0,0,1,0,1,0,0
1,5,0,0,5,2013,25.0,0.7142857142857143,1,1,0,0,0,1,0,0,1,0,0,1,0,0
0,2,0,0,5,2013,63.0,0.1111111111111111,0,0,0,0,0,1,0,1,0,0,0,1,0,0
0,3,0,0,0,2013,18.0,0.0,0,0,1,1,0,1,1,0,1,0,0,0,1,0
0,3,0,0,2,2014,25.0,0.2857142857142857,0,0,0,0,0,1,0,0,0,0,0,1,0,0
0,4,0,0,0,2014,22.0,0.0,0,0,1,0,0,0,0,0,0,1,0,0,0,0
0,3,0,0,3,2013,23.0,0.6,0,0,0,1,0,1,0,0,0,0,1,1,0,0
0,5,0,0,1,2013,36.0,0.05555555555555555,0,0,0,0,0,0,0,0,1,0,0,1,0,0
0,4,0,0,7,2013,38.0,0.35,0,0,0,0,0,0,0,1,0,0,0,1,0,0
0,2,0,0,0,2013,23.0,0.0,0,0,1,1,0,1,0,0,1,0,0,1,0,0
0,5,0,0,2,2014,23.0,0.4,0,0,0,1,0,1,1,0,0,0,0,1,0,0
0,1,0,0,0,2014,53.0,0.0,0,0,1,0,0,1,1,0,0,0,1,0,0,1
0,9,0,0,2,2013,18.0,2.0,0,0,0,1,0,1,0,0,0,1,0,1,0,0
0,2,0,0,2,2013,27.0,0.2222222222222222,0,0,0,0,0,0,1,0,0,0,1,0,0,0
0,9,0,0,7,2013,23.0,1.4,0,0,0,1,0,1,0,0,0,1,0,1,0,0
0,1,0,0,5,2014,48.0,0.16666666666666666,0,0,0,0,0,1,0,0,0,0,0,0,0,1
0,6,0,0,0,2014,19.0,0.0,0,0,1,0,0,0,1,0,0,0,1,0,1,0
0,7,0,0,5,2013,54.0,0.1388888888888889,0,0,0,0,0,1,1,0,1,0,0,0,1,0
0,8,0,0,5,2013,22.0,1.25,0,0,0,1,0,1,0,0,1,0,0,1,0,0
0,1,0,0,1,1987,19.0,1.0,0,0,0,0,0,0,0,0,1,0,0,1,0,0
0,9,0,0,1,2013,18.0,1.0,0,0,0,1,0,1,0,0,0,1,0,1,0,0
0,1,0,0,2,2014,29.0,0.18181818181818182,0,0,0,0,0,1,1,0,0,0,1,0,1,0
0,2,0,0,0,2013,33.0,0.0,0,0,1,0,0,1,1,0,1,0,0,0,1,0
0,7,0,0,6,2013,22.0,1.5,0,0,0,1,0,1,1,0,0,0,1,0,0,1
0,3,0,0,2,2014,32.0,0.14285714285714285,0,0,0,0,0,1,0,0,1,0,0,1,0,0
0,7,0,0,0,2014,29.0,0.0,0,0,1,0,0,1,0,0,0,0,1,1,0,0
0,3,0,0,1,2014,29.0,0.09090909090909091,0,0,0,0,0,0,0,0,0,0,1,1,0,0
0,1,0,0,0,2014,42.0,0.0,0,0,1,0,0,0,1,0,0,0,1,0,0,1
0,7,0,0,11,2013,29.0,1.0,0,0,0,0,0,1,1,0,0,0,1,1,0,0
0,2,0,0,3,2014,26.0,0.375,0,0,0,0,0,1,1,0,0,1,0,1,0,0
0,9,1,0,10,2013,24.0,1.6666666666666667,1,1,0,0,0,0,0,0,1,0,0,1,0,0
0,9,0,2,0,2013,22.0,0.0,2,1,1,1,0,1,0,1,0,0,0,1,0,0
0,1,0,0,0,2013,47.0,0.0,0,0,1,0,0,1,0,0,0,0,0,0,1,0
0,2,0,0,0,2013,38.0,0.0,0,0,1,0,0,0,0,1,0,0,0,0,1,0
0,6,0,0,4,2014,20.0,2.0,0,0,0,1,0,1,1,0,0,0,0,1,0,0
0,2,0,0,5,2014,26.0,0.625,0,0,0,0,0,1,0,0,1,0,0,1,0,0
0,6,0,0,2,2014,22.0,0.5,0,0,0,1,0,1,0,1,0,0,0,1,0,0
0,1,0,0,1,2013,47.0,0.034482758620689655,0,0,0,0,0,1,1,0,0,0,1,0,1,0
0,7,0,0,0,2014,31.0,0.0,0,0,1,0,0,1,1,0,1,0,0,0,1,0
0,7,0,0,0,2014,42.0,0.0,0,0,1,0,0,1,0,0,0,1,0,0,1,0
0,6,0,3,12,2014,40.0,0.5454545454545454,3,1,0,0,0,1,0,1,0,0,0,1,0,0
0,1,0,0,0,2014,44.0,0.0,0,0,1,0,0,1,0,0,1,0,0,0,1,0
0,1,0,0,2,2001,42.0,0.08333333333333333,0,0,0,0,0,1,1,0,1,0,0,1,0,0
0,9,0,0,0,2014,29.0,0.0,0,0,1,0,0,1,0,1,0,0,0,1,0,0
0,9,0,0,1,2013,33.0,0.06666666666666667,0,0,0,0,0,1,1,0,0,0,1,1,0,0
0,8,0,0,1,2014,28.0,0.1,0,0,0,0,0,1,1,0,0,0,1,1,0,0
0,2,0,0,0,2013,25.0,0.0,0,0,1,0,0,1,1,0,1,0,0,1,0,0
0,4,0,0,3,2013,28.0,0.3,0,0,0,0,0,1,1,0,0,0,1,0,1,0
1,10,0,0,8,2014,27.0,0.8888888888888888,1,1,0,0,0,1,0,1,0,0,0,1,0,0
0,5,0,0,1,2013,19.0,1.0,0,0,0,1,0,1,1,0,0,1,0,1,0,0
1,8,0,0,5,2013,20.0,2.5,1,1,0,1,0,1,0,1,0,0,0,1,0,0
0,1,0,0,0,2013,25.0,0.0,0,0,1,0,0,1,1,0,0,0,1,0,0,0
0,9,0,0,4,2013,22.0,1.0,0,0,0,1,0,1,0,1,0,0,0,0,1,0
0,10,0,0,25,2014,48.0,0.8333333333333334,0,0,0,0,0,0,0,0,0,1,0,1,0,0
0,5,0,0,2,2013,32.0,0.14285714285714285,0,0,0,0,0,1,0,0,0,1,0,0,0,0
0,2,0,0,0,2013,32.0,0.0,0,0,1,0,0,1,0,0,1,0,0,0,0,1
0,8,0,0,1,2014,24.0,0.16666666666666666,0,0,0,0,0,0,1,0,0,0,1,1,0,0
1,7,0,0,2,2012,28.0,0.2,1,1,0,0,0,1,1,0,1,0,0,0,0,1
0,6,0,0,9,2013,33.0,0.6,0,0,0,0,0,1,0,0,1,0,0,1,0,0
0,9,0,0,0,2013,29.0,0.0,0,0,1,0,0,1,1,0,0,0,0,1,0,0
0,4,0,0,0,2013,20.0,0.0,0,0,1,0,0,0,1,0,1,0,0,1,0,0
1,10,1,2,4,2013,20.0,2.0,4,1,0,1,0,1,0,0,0,1,0,1,0,0
0,8,0,0,0,2013,23.0,0.0,0,0,1,0,0,0,1,0,1,0,0,1,0,0
0,8,0,0,9,2014,30.0,0.75,0,0,0,0,0,1,0,1,0,0,0,1,0,0
0,4,0,0,0,2013,19.0,0.0,0,0,1,1,0,1,1,0,0,0,1,1,0,0
0,8,0,0,0,2014,18.0,0.0,0,0,1,0,0,0,0,0,1,0,0,0,1,0
0,3,0,0,1,2013,21.0,0.3333333333333333,0,0,0,1,0,1,0,0,1,0,0,1,0,0
0,7,0,0,0,2013,34.0,0.0,0,0,1,0,0,1,1,0,1,0,0,1,0,0
0,5,0,0,0,2013,25.0,0.0,0,0,1,0,0,1,0,1,0,0,0,1,0,0
0,2,0,0,0,2013,31.0,0.0,0,0,1,0,0,1,0,0,0,0,1,0,0,0
0,7,0,1,9,2013,26.0,1.125,1,1,0,0,0,1,0,1,0,0,0,1,0,0
0,1,0,0,3,2014,47.0,0.10344827586206896,0,0,0,0,0,1,0,0,0,0,1,0,1,0
0,2,0,0,2,2013,28.0,0.2,0,0,0,0,0,1,0,0,1,0,0,1,0,0
0,1,0,0,0,2014,57.0,0.0,0,0,1,0,0,1,1,0,0,0,1,0,1,0
0,1,0,0,2,2013,36.0,0.1111111111111111,0,0,0,0,0,1,1,0,1,0,0,1,0,0
0,5,0,1,1,2013,20.0,0.5,1,1,0,1,0,1,0,1,0,0,0,1,0,0
0,1,0,0,3,2014,25.0,0.42857142857142855,0,0,0,0,0,1,0,0,1,0,0,1,0,0
0,9,0,0,1,2013,20.0,0.5,0,0,0,1,0,1,0,0,1,0,0,1,0,0
0,9,0,0,0,2014,19.0,0.0,0,0,1,1,0,1,0,0,0,1,0,0,1,0
0,1,0,0,0,2013,33.0,0.0,0,0,1,0,0,1,0,0,0,0,1,1,0,0
0,6,0,1,10,2013,27.0,1.1111111111111112,1,1,0,0,0,1,0,0,1,0,0,1,0,0
0,7,0,0,3,2014,29.0,0.2727272727272727,0,0,0,0,0,1,1,0,0,0,0,0,1,0
0,3,0,0,0,2013,26.0,0.0,0,0,1,0,0,0,1,0,1,0,0,0,0,1
0,1,0,0,5,2013,44.0,0.19230769230769232,0,0,0,0,0,1,1,0,1,0,0,0,0,0
0,2,0,0,0,2013,24.0,0.0,0,0,1,1,0,1,0,0,0,0,1,0,1,0
0,4,0,0,0,2013,21.0,0.0,0,0,1,1,0,1,1,0,0,0,1,1,0,0
0,1,0,0,1,2014,41.0,0.043478260869565216,0,0,0,0,0,1,0,1,0,0,0,0,0,0
1,9,2,0,11,2014,25.0,1.5714285714285714,3,1,0,0,0,1,0,1,0,0,0,1,0,0
0,4,0,0,4,2013,26.0,0.5,0,0,0,0,0,1,0,0,1,0,0,0,1,0
0,2,0,0,0,2013,31.0,0.0,0,0,1,0,0,0,0,0,0,1,0,0,0,0
0,3,0,0,3,2014,53.0,0.08571428571428572,0,0,0,0,0,1,0,0,0,1,0,0,1,0
0,1,0,0,0,2013,55.0,0.0,0,0,1,0,0,1,1,0,0,0,1,0,1,0
0,2,0,0,2,2013,27.0,0.2222222222222222,0,0,0,0,0,1,0,0,0,1,0,1,0,0
0,1,0,0,0,2013,24.0,0.0,0,0,1,1,0,1,1,0,0,0,1,0,0,0
0,8,0,0,4,2013,28.0,0.4,0,0,0,0,0,0,0,0,0,0,1,1,0,0
0,3,0,0,0,2013,25.0,0.0,0,0,1,0,0,1,0,1,0,0,0,0,1,0
0,2,0,0,0,2013,26.0,0.0,0,0,1,0,0,0,1,0,0,0,1,0,0,1
0,3,0,0,2,2013,30.0,0.16666666666666666,0,0,0,0,0,1,1,0,0,0,0,0,0,1
0,4,0,0,0,2013,19.0,0.0,0,0,1,1,0,1,1,0,0,0,1,1,0,0
0,8,0,0,0,2013,32.0,0.0,0,0,1,0,0,1,1,0,0,0,1,1,0,0
0,1,0,0,2,2013,26.0,0.25,0,0,0,0,0,1,0,0,1,0,0,1,0,0
0,7,1,0,14,2013,27.0,1.5555555555555556,1,1,0,0,0,1,0,0,0,0,0,1,0,0
0,10,0,0,2,2013,24.0,0.3333333333333333,0,0,0,1,0,1,0,0,1,0,0,1,0,0
0,1,0,0,0,2013,60.0,0.0,0,0,1,0,0,0,1,0,0,0,1,0,1,0
0,5,0,0,6,2013,24.0,1.0,0,0,0,1,0,1,0,1,0,0,0,1,0,0
0,2,0,0,3,2014,32.0,0.21428571428571427,0,0,0,0,0,1,1,0,0,0,1,0,0,0
0,8,0,0,0,2014,35.0,0.0,0,0,1,0,0,1,0,1,0,0,0,0,1,0
0,8,0,0,0,2013,18.0,0.0,0,0,1,1,0,1,0,0,1,0,0,1,0,0
0,3,0,0,1,2013,21.0,0.3333333333333333,0,0,0,1,0,1,0,0,0,1,0,0,1,0
0,3,0,0,1,2013,37.0,0.05263157894736842,0,0,0,0,0,1,0,0,1,0,0,1,0,0
0,5,0,0,3,2013,27.0,0.3333333333333333,0,0,0,0,0,1,1,0,0,0,1,1,0,0
0,5,0,0,1,2013,39.0,0.047619047619047616,0,0,0,0,0,1,1,0,0,0,1,1,0,0
0,1,0,0,0,2013,52.0,0.0,0,0,1,0,0,1,1,0,0,0,0,0,1,0
0,3,0,0,1,2014,21.0,0.3333333333333333,0,0,0,1,0,1,0,1,0,0,0,1,0,0
0,2,0,0,14,2013,58.0,0.35,0,0,0,0,0,1,1,0,1,0,0,1,0,0
0,7,0,0,0,2014,20.0,0.0,0,0,1,1,0,1,0,0,1,0,0,0,0,1
0,6,0,0,0,2014,18.0,0.0,0,0,1,1,0,1,0,0,1,0,0,1,0,0
0,1,0,0,2,2013,46.0,0.07142857142857142,0,0,0,0,0,1,0,0,0,0,0,0,1,0
2,6,0,0,6,2013,28.0,0.6,2,1,0,0,0,1,0,0,0,0,1,1,0,0
0,5,0,0,7,2014,49.0,0.22580645161290322,0,0,0,0,0,1,0,0,1,0,0,1,0,0
0,2,0,0,3,2013,28.0,0.3,0,0,0,0,0,0,1,0,0,0,1,1,0,0
1,10,0,2,4,2012,28.0,0.4,3,1,0,0,0,1,0,1,0,0,0,1,0,0
0,1,0,0,0,2014,42.0,0.0,0,0,1,0,0,1,0,0,0,0,1,1,0,0
0,1,0,0,0,2013,53.0,0.0,0,0,1,0,0,1,1,0,0,0,1,0,0,0
0,1,0,0,0,2014,60.0,0.0,0,0,1,0,0,1,1,0,0,0,0,1,0,0
0,1,0,0,3,2013,41.0,0.13043478260869565,0,0,0,0,0,1,0,0,0,0,0,1,0,0
0,4,0,0,1,2014,23.0,0.2,0,0,0,0,0,0,1,0,0,0,1,1,0,0
0,10,0,0,13,2013,39.0,0.6190476190476191,0,0,0,0,0,1,0,1,0,0,0,1,0,0
0,5,0,0,0,2014,20.0,0.0,0,0,1,1,0,1,1,0,0,0,1,0,1,0
0,1,0,0,0,2014,51.0,0.0,0,0,1,0,0,1,1,0,0,0,1,0,0,0
0,1,0,0,0,2013,64.0,0.0,0,0,1,0,0,1,1,0,0,0,1,0,1,0
0,1,0,0,0,2013,35.0,0.0,0,0,1,0,0,1,1,0,0,0,1,0,0,1
0,1,0,0,1,2013,38.0,0.05,0,0,0,0,0,1,0,0,1,0,0,0,0,0
0,6,0,0,0,2014,19.0,0.0,0,0,1,1,0,1,0,0,1,0,0,1,0,0
0,1,0,0,1,2013,42.0,0.041666666666666664,0,0,0,0,0,0,0,0,1,0,0,0,0,0
1,8,0,0,3,2013,27.0,0.3333333333333333,1,1,0,0,0,1,1,0,0,0,1,1,0,0
0,2,0,0,0,2013,29.0,0.0,0,0,1,0,0,1,1,0,0,0,1,0,0,1
0,2,0,1,0,2013,31.0,0.0,1,1,1,0,0,0,0,1,0,0,0,0,1,0
0,1,0,0,0,2013,36.0,0.0,0,0,1,0,0,0,0,0,1,0,0,0,0,0
0,2,0,0,0,2014,27.0,0.0,0,0,1,0,0,1,0,0,0,0,1,1,0,0
0,1,0,0,4,2013,43.0,0.16,0,0,0,0,0,1,0,0,1,0,0,1,0,0
0,8,0,0,9,2013,29.0,0.8181818181818182,0,0,0,0,0,1,1,0,0,0,1,1,0,0
0,2,0,0,1,2013,21.0,0.3333333333333333,0,0,0,1,0,1,1,0,0,0,1,1,0,0
0,1,0,0,1,2014,26.0,0.125,0,0,0,0,0,1,0,0,1,0,0,1,0,0
0,4,0,0,0,2014,23.0,0.0,0,0,1,0,0,0,1,0,0,0,1,1,0,0
0,6,0,0,0,2013,21.0,0.0,0,0,1,0,0,0,1,0,0,0,1,1,0,0
0,6,0,0,5,2013,26.0,0.625,0,0,0,0,0,1,0,0,1,0,0,0,0,0
0,8,0,0,3,2013,26.0,0.375,0,0,0,0,0,1,0,0,1,0,0,0,0,1
0,2,0,0,1,2014,34.0,0.0625,0,0,0,0,0,1,0,0,0,1,0,0,1,0
0,6,0,0,2,2013,22.0,0.5,0,0,0,1,0,1,1,0,1,0,0,1,0,0
0,1,0,0,0,2013,27.0,0.0,0,0,1,0,0,1,0,0,0,0,1,0,1,0
0,9,0,0,1,2013,23.0,0.2,0,0,0,0,0,0,0,0,0,0,1,0,1,0
1,9,0,0,3,2013,21.0,1.0,1,1,0,1,0,1,0,0,1,0,0,1,0,0
0,10,0,0,1,2014,18.0,1.0,0,0,0,1,0,1,0,0,0,1,0,0,0,0
0,6,0,0,4,2013,29.0,0.36363636363636365,0,0,0,0,0,1,0,0,0,0,0,1,0,0
0,1,0,0,1,2013,27.0,0.1111111111111111,0,0,0,0,0,1,0,0,0,0,1,0,0,1
0,3,0,0,0,2013,24.0,0.0,0,0,1,0,0,0,0,0,0,0,1,0,1,0
0,1,0,0,0,2013,33.0,0.0,0,0,1,0,0,1,1,0,0,0,0,0,1,0
0,4,0,0,0,2014,20.0,0.0,0,0,1,1,0,1,1,1,0,0,0,1,0,0
0,1,0,0,0,2014,44.0,0.0,0,0,1,0,0,0,1,0,0,0,0,0,1,0
0,1,0,0,0,2013,38.0,0.0,0,0,1,0,0,1,0,0,0,0,1,0,1,0
0,6,0,1,0,2013,19.0,0.0,1,1,1,1,0,1,1,0,1,0,0,0,1,0
0,7,0,0,7,2013,24.0,1.1666666666666667,0,0,0,1,0,1,1,0,0,0,1,1,0,0
0,1,0,0,0,2013,35.0,0.0,0,0,1,0,0,0,1,0,0,0,1,0,0,0
0,6,0,0,1,2013,21.0,0.3333333333333333,0,0,0,0,0,0,0,0,1,0,0,1,0,0
0,9,0,0,10,2013,24.0,1.6666666666666667,0,0,0,1,0,1,0,0,0,0,0,1,0,0
0,7,0,0,1,2013,20.0,0.5,0,0,0,1,0,1,1,0,0,0,1,0,1,0
0,6,1,0,3,2013,22.0,0.75,1,1,0,1,0,1,1,0,1,0,0,1,0,0
0,6,0,0,7,2013,23.0,1.4,0,0,0,1,0,1,1,0,1,0,0,0,1,0
0,4,0,0,3,2013,26.0,0.375,0,0,0,0,0,1,0,1,0,0,0,0,1,0
3,10,0,0,17,2014,40.0,0.7727272727272727,3,1,0,0,0,0,0,1,0,0,0,1,0,0
0,1,0,0,0,2014,28.0,0.0,0,0,1,0,0,1,1,0,0,0,1,1,0,0
0,5,0,0,1,2013,31.0,0.07692307692307693,0,0,0,0,0,1,0,0,0,1,0,0,1,0
0,7,0,7,3,2014,21.0,1.0,7,1,0,1,0,1,1,0,0,0,1,0,1,0
0,1,0,0,0,2013,44.0,0.0,0,0,1,0,0,0,1,0,0,0,1,0,1,0
0,1,0,0,2,2013,52.0,0.058823529411764705,0,0,0,0,0,1,1,0,1,0,0,0,1,0
0,3,0,0,0,2013,27.0,0.0,0,0,1,0,0,1,1,0,0,0,0,0,0,1
0,7,0,0,2,2013,39.0,0.09523809523809523,0,0,0,0,0,1,0,1,0,0,0,1,0,0
0,8,0,0,38,2014,43.0,1.52,0,0,0,0,1,1,0,0,0,0,1,1,0,0
0,1,0,0,0,2014,28.0,0.0,0,0,1,0,0,1,1,0,0,0,1,0,0,1
0,6,0,0,15,2013,58.0,0.375,0,0,0,0,0,0,0,0,0,1,0,0,1,0
0,1,0,0,0,2013,46.0,0.0,0,0,1,0,0,1,0,0,0,1,0,0,1,0
0,1,0,0,1,2014,47.0,0.034482758620689655,0,0,0,0,0,1,1,0,0,0,1,1,0,0
0,1,0,0,1,2013,39.0,0.047619047619047616,0,0,0,0,0,1,0,1,0,0,0,1,0,0
0,7,0,0,1,2013,21.0,0.3333333333333333,0,0,0,1,0,1,1,0,0,0,1,1,0,0
0,1,0,0,0,2013,48.0,0.0,0,0,1,0,0,1,0,1,0,0,0,0,1,0
0,5,0,0,6,2014,30.0,0.5,0,0,0,0,0,1,1,0,0,0,1,0,0,1
0,3,0,1,2,2013,23.0,0.4,1,1,0,1,0,1,0,0,0,0,1,0,1,0
0,2,0,0,2,2014,26.0,0.25,0,0,0,0,0,1,0,0,1,0,0,0,1,0
0,1,0,0,2,2014,47.0,0.06896551724137931,0,0,0,0,0,1,0,0,1,0,0,1,0,0
0,2,0,0,1,2013,53.0,0.02857142857142857,0,0,0,0,0,1,0,1,0,0,0,0,1,0
0,4,0,0,8,2013,50.0,0.25,0,0,0,0,0,1,1,0,1,0,0,0,1,0
0,2,0,0,2,2013,24.0,0.3333333333333333,0,0,0,1,0,1,1,0,1,0,0,0,0,0
0,6,0,0,17,2013,32.0,1.2142857142857142,0,0,0,0,0,1,0,0,1,0,0,0,0,1
0,1,0,0,3,2013,38.0,0.15,0,0,0,0,0,1,1,0,0,0,0,0,1,0
0,4,0,0,6,2014,43.0,0.24,0,0,0,0,0,1,0,1,0,0,0,1,0,0
0,10,0,0,0,2013,18.0,0.0,0,0,1,0,0,0,0,0,0,0,1,1,0,0
0,4,0,1,2,2013,25.0,0.2857142857142857,1,1,0,0,0,1,1,0,0,0,1,0,1,0
0,3,0,0,0,2014,19.0,0.0,0,0,1,1,0,1,0,0,0,1,0,1,0,0
0,1,0,0,0,2013,28.0,0.0,0,0,1,0,0,1,0,1,0,0,0,0,1,0
0,1,0,0,0,2013,42.0,0.0,0,0,1,0,0,0,1,0,1,0,0,0,0,1
2,6,0,0,8,2013,27.0,0.8888888888888888,2,1,0,0,0,1,0,0,1,0,0,1,0,0
0,1,0,0,1,2013,39.0,0.047619047619047616,0,0,0,0,0,1,1,0,0,0,0,0,0,1
0,4,0,0,0,2013,20.0,0.0,0,0,1,1,0,1,0,0,1,0,0,1,0,0
0,1,0,0,1,2013,49.0,0.03225806451612903,0,0,0,0,0,1,0,1,0,0,0,0,1,0
0,4,0,0,11,2013,46.0,0.39285714285714285,0,0,0,0,0,1,1,0,1,0,0,1,0,0
0,2,0,0,3,2013,49.0,0.0967741935483871,0,0,0,0,0,0,1,0,1,0,0,1,0,0
0,2,0,0,1,2014,29.0,0.09090909090909091,0,0,0,0,0,1,1,0,1,0,0,0,1,0
0,4,0,0,5,2014,27.0,0.5555555555555556,0,0,0,0,0,0,0,0,1,0,0,1,0,0
0,1,0,0,0,2013,42.0,0.0,0,0,1,0,0,0,0,0,1,0,0,1,0,0
0,6,0,0,12,2013,31.0,0.9230769230769231,0,0,0,0,0,1,0,0,1,0,0,1,0,0
0,4,0,0,0,2013,22.0,0.0,0,0,1,0,0,0,0,0,1,0,0,0,0,1
1,7,2,0,5,2013,24.0,0.8333333333333334,3,1,0,1,0,1,0,0,0,0,1,1,0,0
0,7,0,0,9,2013,26.0,1.125,0,0,0,0,0,1,0,0,1,0,0,1,0,0
0,1,0,0,0,2013,35.0,0.0,0,0,1,0,0,1,1,0,1,0,0,0,0,0
0,3,0,0,0,2013,31.0,0.0,0,0,1,0,0,0,0,0,0,1,0,0,1,0
0,7,2,1,3,2013,20.0,1.5,3,1,0,1,0,1,1,0,1,0,0,1,0,0
0,1,0,0,3,2013,68.0,0.06,0,0,0,0,0,1,1,0,0,0,0,0,1,0
0,1,0,0,2,2013,42.0,0.08333333333333333,0,0,0,0,0,1,1,0,0,0,0,0,1,0
0,7,0,0,5,2013,30.0,0.4166666666666667,0,0,0,0,0,0,0,0,1,0,0,0,0,0
0,1,0,0,0,2013,26.0,0.0,0,0,1,0,0,1,1,0,0,0,0,1,0,0
0,2,0,0,5,2013,34.0,0.3125,0,0,0,0,0,1,0,0,0,1,0,0,0,1
0,7,0,0,17,2013,49.0,0.5483870967741935,0,0,0,0,0,1,0,1,0,0,0,1,0,0
0,1,0,0,1,2013,39.0,0.047619047619047616,0,0,0,0,0,1,0,0,0,0,1,0,0,1
0,5,0,0,0,2013,18.0,0.0,0,0,1,1,0,1,1,0,0,0,1,1,0,0
0,1,0,0,2,2013,27.0,0.2222222222222222,0,0,0,0,0,1,1,0,1,0,0,0,1,0
0,1,0,0,0,2013,51.0,0.0,0,0,1,0,0,1,1,0,0,0,0,0,1,0
0,2,0,0,0,2014,25.0,0.0,0,0,1,0,0,1,0,1,0,0,0,0,1,0
0,3,0,0,1,2013,27.0,0.1111111111111111,0,0,0,0,0,1,1,0,0,0,1,0,1,0
0,6,1,2,14,2014,23.0,2.8,3,1,0,0,0,0,0,0,0,1,0,0,0,1
0,1,0,0,0,2013,59.0,0.0,0,0,1,0,0,1,1,0,0,0,1,0,0,0
0,7,0,0,2,2013,20.0,1.0,0,0,0,0,0,0,1,0,1,0,0,1,0,0
0,4,0,0,1,2014,20.0,0.5,0,0,0,1,0,1,0,0,0,1,0,0,0,0
0,1,0,0,1,2013,62.0,0.022727272727272728,0,0,0,0,0,0,0,0,0,0,1,0,1,0
0,6,3,4,15,2014,29.0,1.3636363636363635,7,1,0,0,0,1,0,0,1,0,0,1,0,0
0,1,0,0,0,2013,28.0,0.0,0,0,1,0,0,1,0,0,0,0,1,0,1,0
0,9,0,0,0,2013,18.0,0.0,0,0,1,1,0,1,0,0,0,0,1,1,0,0
0,7,2,0,17,2013,24.0,2.8333333333333335,2,1,0,1,0,1,0,0,0,0,0,1,0,0
0,2,0,0,1,2013,30.0,0.08333333333333333,0,0,0,0,0,1,0,0,0,0,1,0,1,0
0,7,1,0,3,2013,22.0,0.75,1,1,0,1,0,1,0,0,1,0,0,1,0,0
0,1,0,0,1,2013,36.0,0.05555555555555555,0,0,0,0,0,1,0,1,0,0,0,0,1,0
0,9,0,0,8,2013,26.0,1.0,0,0,0,0,0,1,1,0,1,0,0,1,0,0
0,10,0,0,15,2014,25.0,2.142857142857143,0,0,0,0,1,1,0,0,0,0,1,1,0,0
0,1,0,0,0,2013,39.0,0.0,0,0,1,0,0,0,0,0,1,0,0,0,1,0
0,9,0,0,0,2014,19.0,0.0,0,0,1,1,0,1,0,0,1,0,0,0,1,0
0,5,0,1,5,2013,24.0,0.8333333333333334,1,1,0,1,0,1,1,0,1,0,0,1,0,0
0,9,0,0,2,2014,35.0,0.11764705882352941,0,0,0,0,0,1,1,0,0,0,1,1,0,0
0,4,0,0,0,2014,22.0,0.0,0,0,1,0,0,0,0,0,1,0,0,1,0,0
0,1,0,0,0,2014,64.0,0.0,0,0,1,0,0,0,1,0,0,0,0,0,1,0
0,2,0,0,4,2013,26.0,0.5,0,0,0,0,0,1,0,0,1,0,0,0,0,0
0,4,0,0,3,2013,36.0,0.16666666666666666,0,0,0,0,0,1,0,0,1,0,0,1,0,0
0,1,0,0,1,2013,38.0,0.05,0,0,0,0,0,1,1,0,0,0,0,0,0,1
0,3,0,0,1,2013,23.0,0.2,0,0,0,0,0,0,0,0,1,0,0,1,0,0
0,8,0,0,8,2013,37.0,0.42105263157894735,0,0,0,0,0,1,0,1,0,0,0,0,1,0
0,4,0,0,4,2014,35.0,0.23529411764705882,0,0,0,0,0,1,1,0,0,0,1,1,0,0
0,8,0,0,8,2013,39.0,0.38095238095238093,0,0,0,0,0,0,0,0,1,0,0,1,0,0
0,9,0,0,8,2013,23.0,1.6,0,0,0,1,0,1,0,0,1,0,0,1,0,0
0,6,0,0,1,2013,20.0,0.5,0,0,0,1,0,1,1,0,1,0,0,1,0,0
0,1,0,0,1,2014,30.0,0.08333333333333333,0,0,0,0,0,0,1,0,0,0,1,0,1,0
0,7,0,0,4,2013,23.0,0.8,0,0,0,1,0,1,0,0,1,0,0,0,1,0
0,1,0,0,2,2014,50.0,0.0625,0,0,0,0,0,1,1,0,1,0,0,0,1,0
0,1,0,0,0,2013,64.0,0.0,0,0,1,0,0,1,1,0,0,0,1,0,1,0
0,7,0,0,10,2013,24.0,1.6666666666666667,0,0,0,1,0,1,0,0,0,0,0,1,0,0
0,6,0,0,1,2013,23.0,0.2,0,0,0,0,0,0,1,0,0,0,1,0,1,0
0,5,0,0,3,2012,51.0,0.09090909090909091,0,0,0,0,0,1,1,0,1,0,0,1,0,0
0,3,0,0,0,2013,28.0,0.0,0,0,1,0,0,1,0,0,1,0,0,0,0,0
0,4,0,0,0,2013,25.0,0.0,0,0,1,0,0,1,1,0,0,0,0,0,1,0
0,1,0,0,0,2013,48.0,0.0,0,0,1,0,0,0,1,0,1,0,0,0,1,0
0,8,0,0,13,2014,27.0,1.4444444444444444,0,0,0,0,0,1,0,0,1,0,0,1,0,0
0,7,0,0,0,2013,19.0,0.0,0,0,1,1,0,1,0,0,1,0,0,1,0,0
0,3,0,0,2,2013,23.0,0.4,0,0,0,1,0,1,0,0,1,0,0,1,0,0
0,3,1,0,1,2014,25.0,0.14285714285714285,1,1,0,0,0,0,0,0,1,0,0,1,0,0
0,4,0,0,5,2013,29.0,0.45454545454545453,0,0,0,0,0,1,1,0,1,0,0,1,0,0
0,6,0,0,11,2013,33.0,0.7333333333333333,0,0,0,0,0,1,0,1,0,0,0,1,0,0
0,6,0,0,4,2013,24.0,0.6666666666666666,0,0,0,1,0,1,1,0,0,0,1,1,0,0
0,1,0,0,1,2014,39.0,0.047619047619047616,0,0,0,0,0,1,0,0,0,0,1,0,1,0
0,10,3,0,12,2013,22.0,3.0,3,1,0,1,0,1,1,0,0,0,1,1,0,0
0,3,0,0,11,2013,58.0,0.275,0,0,0,0,0,1,0,1,0,0,0,1,0,0
0,3,0,0,3,2013,26.0,0.375,0,0,0,0,0,0,0,0,1,0,0,0,1,0
0,4,0,0,11,2014,32.0,0.7857142857142857,0,0,0,0,0,1,0,0,0,0,0,0,1,0
0,3,0,0,0,2013,42.0,0.0,0,0,1,0,0,1,0,1,0,0,0,0,1,0
0,10,2,1,3,2013,18.0,3.0,3,1,0,1,0,1,0,0,1,0,0,0,1,0
0,8,0,0,20,2013,26.0,2.5,0,0,0,0,0,1,0,0,0,0,0,1,0,0
0,4,0,0,6,2013,28.0,0.6,0,0,0,0,0,1,0,0,1,0,0,0,1,0
0,2,0,0,0,2014,57.0,0.0,0,0,1,0,0,1,1,0,1,0,0,0,1,0
0,4,0,0,8,2013,38.0,0.4,0,0,0,0,0,1,1,0,0,0,1,1,0,0
0,8,0,1,1,2013,19.0,1.0,1,1,0,0,0,0,1,0,1,0,0,0,1,0
0,4,1,0,1,2013,18.0,1.0,1,1,0,1,0,1,1,0,0,1,0,1,0,0
0,5,0,0,2,2014,23.0,0.4,0,0,0,1,0,1,0,1,0,0,0,0,1,0
0,5,0,0,1,2013,22.0,0.25,0,0,0,0,0,0,0,0,0,0,1,1,0,0
0,5,0,0,3,2013,44.0,0.11538461538461539,0,0,0,0,0,1,1,0,1,0,0,1,0,0
0,5,0,0,5,2014,19.0,5.0,0,0,0,1,0,1,1,0,0,0,1,1,0,0
0,5,0,0,1,2013,26.0,0.125,0,0,0,0,0,1,0,0,1,0,0,1,0,0
0,5,0,0,4,2014,38.0,0.2,0,0,0,0,0,1,0,0,0,1,0,0,1,0
0,2,0,0,1,2013,29.0,0.09090909090909091,0,0,0,0,0,0,0,0,1,0,0,0,0,1
0,1,0,0,0,2013,36.0,0.0,0,0,1,0,0,1,1,0,0,0,1,0,1,0
0,3,0,1,3,2013,20.0,1.5,1,1,0,1,0,1,0,0,1,0,0,0,0,0
0,5,0,0,0,2014,28.0,0.0,0,0,1,0,0,0,1,0,0,0,1,1,0,0
0,9,0,0,0,2014,23.0,0.0,0,0,1,1,0,1,1,0,1,0,0,0,1,0
0,5,0,0,0,2013,19.0,0.0,0,0,1,0,0,0,1,0,0,0,1,0,1,0
0,2,0,0,0,2013,23.0,0.0,0,0,1,1,0,1,1,0,0,0,1,0,1,0
0,10,0,0,5,2013,24.0,0.8333333333333334,0,0,0,1,0,1,1,0,1,0,0,1,0,0
0,1,0,0,4,2013,42.0,0.16666666666666666,0,0,0,0,0,1,1,0,1,0,0,0,1,0
0,3,0,0,4,2014,29.0,0.36363636363636365,0,0,0,0,0,1,0,0,1,0,0,1,0,0
0,10,0,0,0,2014,20.0,0.0,0,0,1,1,0,1,1,0,0,0,1,1,0,0
0,8,0,0,6,2014,21.0,2.0,0,0,0,1,0,1,0,0,1,0,0,0,0,0
0,6,0,0,6,2014,42.0,0.25,0,0,0,0,0,0,0,1,0,0,0,1,0,0
0,3,0,0,20,2013,56.0,0.5263157894736842,0,0,0,0,0,1,0,0,0,1,0,0,0,0
0,4,0,0,0,2013,20.0,0.0,0,0,1,1,0,1,0,0,1,0,0,1,0,0
0,1,0,0,0,2014,44.0,0.0,0,0,1,0,0,1,0,0,0,0,1,0,1,0
0,4,0,0,2,2014,30.0,0.16666666666666666,0,0,0,0,0,1,0,1,0,0,0,0,1,0
0,2,0,0,1,2013,28.0,0.1,0,0,0,0,0,1,1,0,0,0,1,0,0,0
0,1,0,0,3,2013,37.0,0.15789473684210525,0,0,0,0,0,0,0,1,0,0,0,0,1,0
0,3,0,0,7,2013,52.0,0.20588235294117646,0,0,0,0,0,1,0,1,0,0,0,0,1,0
0,7,0,0,0,2013,18.0,0.0,0,0,1,1,0,1,1,0,0,0,1,0,1,0
0,2,0,0,6,2014,42.0,0.25,0,0,0,0,0,1,1,0,0,0,1,0,1,0
0,10,0,0,0,2013,19.0,0.0,0,0,1,1,0,1,1,0,1,0,0,1,0,0
0,7,0,0,0,2013,28.0,0.0,0,0,1,0,0,1,0,0,0,0,0,1,0,0
0,8,0,0,6,2013,29.0,0.5454545454545454,0,0,0,0,0,1,0,1,0,0,0,1,0,0
0,2,0,0,4,2014,26.0,0.5,0,0,0,0,0,1,0,0,1,0,0,0,0,1
0,5,0,0,1,2014,19.0,1.0,0,0,0,1,0,1,1,0,0,0,1,1,0,0
0,6,0,0,0,2013,21.0,0.0,0,0,1,1,0,1,1,0,0,0,1,0,1,0
0,6,0,0,3,2013,31.0,0.23076923076923078,0,0,0,0,0,1,1,0,1,0,0,1,0,0
0,2,0,0,0,2013,62.0,0.0,0,0,1,0,0,1,1,0,0,0,1,1,0,0
0,1,0,0,0,2013,39.0,0.0,0,0,1,0,0,0,0,0,0,0,1,0,0,0
0,4,0,1,0,2013,18.0,0.0,1,1,1,1,0,1,0,0,0,1,0,1,0,0
0,2,0,0,1,2013,23.0,0.2,0,0,0,1,0,1,1,0,0,0,1,0,1,0
0,10,1,1,18,2013,27.0,2.0,2,1,0,0,0,1,0,0,0,1,0,1,0,0
0,2,0,0,0,2014,21.0,0.0,0,0,1,1,0,1,1,0,0,0,1,0,0,1
0,10,0,1,10,2013,20.0,5.0,1,1,0,1,0,1,0,0,1,0,0,1,0,0
0,6,0,0,13,2013,57.0,0.3333333333333333,0,0,0,0,0,1,0,0,0,1,0,1,0,0
0,7,0,0,2,2009,40.0,0.09090909090909091,0,0,0,0,0,1,0,0,1,0,0,1,0,0
0,1,0,0,0,2013,53.0,0.0,0,0,1,0,0,1,1,0,0,0,0,0,1,0
0,1,0,0,0,2013,42.0,0.0,0,0,1,0,0,0,0,0,0,1,0,1,0,0
0,3,0,0,4,2014,24.0,0.6666666666666666,0,0,0,1,0,1,0,0,1,0,0,1,0,0
0,6,0,0,4,2014,45.0,0.14814814814814814,0,0,0,0,0,0,1,0,0,0,1,1,0,0
0,7,1,0,7,2013,26.0,0.875,1,1,0,0,0,0,0,0,0,0,1,1,0,0
2,10,1,0,9,2013,28.0,0.9,3,1,0,0,0,1,0,0,1,0,0,1,0,0
0,4,0,0,0,2013,21.0,0.0,0,0,1,1,0,1,0,1,0,0,0,0,0,0
0,9,0,0,10,2013,26.0,1.25,0,0,0,0,1,1,0,0,0,0,1,1,0,0
0,6,0,1,11,2014,31.0,0.8461538461538461,1,1,0,0,0,1,0,0,1,0,0,0,0,1
0,6,0,0,1,2013,19.0,1.0,0,0,0,1,0,1,0,0,0,0,1,1,0,0
0,2,0,0,1,2013,26.0,0.125,0,0,0,0,0,0,0,0,0,0,1,1,0,0
0,1,0,0,0,2013,32.0,0.0,0,0,1,0,0,1,0,0,1,0,0,0,1,0
0,3,0,0,1,2014,30.0,0.08333333333333333,0,0,0,0,0,1,0,0,0,1,0,0,0,1
0,6,0,0,0,2013,21.0,0.0,0,0,1,1,0,1,0,0,1,0,0,1,0,0
2,9,0,0,9,2013,30.0,0.75,2,1,0,0,0,1,1,0,0,0,1,1,0,0
0,6,0,0,2,2013,43.0,0.08,0,0,0,0,0,1,1,0,1,0,0,1,0,0
0,8,0,0,9,2013,28.0,0.9,0,0,0,0,0,1,1,0,0,0,1,0,1,0
0,8,0,0,3,2014,47.0,0.10344827586206896,0,0,0,0,0,1,0,1,0,0,0,0,1,0
0,3,0,3,0,2013,22.0,0.0,3,1,1,1,0,1,0,0,1,0,0,1,0,0
0,10,0,0,28,2014,55.0,0.7567567567567568,0,0,0,0,0,1,0,1,0,0,0,1,0,0
1,10,2,0,14,2013,33.0,0.9333333333333333,3,1,0,0,0,1,0,1,0,0,0,1,0,0
0,7,1,0,23,2013,40.0,1.0454545454545454,1,1,0,0,0,1,0,1,0,0,0,1,0,0
0,7,0,0,0,2013,39.0,0.0,0,0,1,0,0,1,1,0,1,0,0,1,0,0
0,10,0,0,4,2013,29.0,0.36363636363636365,0,0,0,0,0,1,0,0,1,0,0,0,1,0
0,4,0,0,1,2013,23.0,0.2,0,0,0,1,0,1,0,0,1,0,0,0,1,0
0,1,0,0,0,2013,70.0,0.0,0,0,1,0,0,1,1,0,1,0,0,0,1,0
0,6,0,1,3,2013,22.0,0.75,1,1,0,1,0,1,0,1,0,0,0,1,0,0
0,3,0,0,1,2013,21.0,0.3333333333333333,0,0,0,0,0,0,1,0,0,0,1,0,0,1
0,3,0,1,0,2013,19.0,0.0,1,1,1,1,0,1,0,0,0,1,0,0,0,0
0,4,0,0,2,2012,29.0,0.18181818181818182,0,0,0,0,0,1,1,0,0,0,0,1,0,0
0,6,0,0,1,2014,20.0,0.5,0,0,0,1,0,1,1,0,0,0,1,1,0,0
0,2,0,0,4,2013,47.0,0.13793103448275862,0,0,0,0,0,1,1,0,1,0,0,0,1,0
0,6,0,0,7,2013,25.0,1.0,0,0,0,0,0,0,0,0,1,0,0,0,1,0
0,7,0,1,5,2013,33.0,0.3333333333333333,1,1,0,0,0,0,0,0,0,0,1,1,0,0
0,1,0,0,0,2014,32.0,0.0,0,0,1,0,0,1,0,0,1,0,0,1,0,0
0,2,0,0,1,2013,33.0,0.06666666666666667,0,0,0,0,0,0,1,0,0,0,1,1,0,0
0,2,0,0,2,2013,25.0,0.2857142857142857,0,0,0,0,0,1,0,0,1,0,0,1,0,0
0,1,0,0,1,2014,61.0,0.023255813953488372,0,0,0,0,0,1,0,0,1,0,0,1,0,0
0,3,0,0,5,2013,67.0,0.10204081632653061,0,0,0,0,0,0,0,0,1,0,0,0,1,0
1,6,0,0,18,2014,39.0,0.8571428571428571,1,1,0,0,0,1,0,0,1,0,0,1,0,0
0,1,0,0,1,2013,41.0,0.043478260869565216,0,0,0,0,0,1,1,0,0,0,1,0,1,0
0,2,0,0,0,2014,26.0,0.0,0,0,1,0,0,0,0,0,0,0,1,1,0,0
0,3,0,0,0,2013,50.0,0.0,0,0,1,0,0,0,1,0,0,0,1,0,1,0
0,10,0,0,1,2013,20.0,0.5,0,0,0,1,0,1,0,1,0,0,0,1,0,0
0,4,0,0,0,2013,19.0,0.0,0,0,1,0,0,0,1,0,0,0,1,0,0,1
0,4,0,0,0,2014,24.0,0.0,0,0,1,1,0,1,0,0,1,0,0,0,1,0
0,6,0,0,0,2014,23.0,0.0,0,0,1,1,0,1,1,0,1,0,0,1,0,0
0,2,0,0,4,2013,42.0,0.16666666666666666,0,0,0,0,0,1,1,0,0,0,0,1,0,0
0,2,0,0,0,2014,20.0,0.0,0,0,1,1,0,1,0,0,0,1,0,0,0,1
0,4,0,0,4,2013,22.0,1.0,0,0,0,1,0,1,0,0,0,1,0,1,0,0
0,4,0,0,1,2013,23.0,0.2,0,0,0,0,0,0,1,0,0,0,0,0,0,1
0,1,0,0,0,2013,44.0,0.0,0,0,1,0,0,1,1,0,0,0,1,1,0,0
0,4,0,0,0,2013,23.0,0.0,0,0,1,1,0,1,0,0,1,0,0,1,0,0
0,7,0,0,9,2013,33.0,0.6,0,0,0,0,0,1,0,1,0,0,0,1,0,0
0,3,0,0,2,2013,31.0,0.15384615384615385,0,0,0,0,0,1,1,0,0,0,0,0,1,0
0,1,0,0,1,2013,49.0,0.03225806451612903,0,0,0,0,0,1,1,0,0,0,1,0,1,0
0,1,0,0,0,2013,48.0,0.0,0,0,1,0,0,1,0,0,1,0,0,0,1,0
0,1,0,0,7,2013,44.0,0.2692307692307692,0,0,0,0,0,1,0,0,0,0,1,1,0,0
0,1,0,0,1,2014,36.0,0.05555555555555555,0,0,0,0,0,1,1,0,0,0,0,0,1,0
0,3,0,0,1,2013,64.0,0.021739130434782608,0,0,0,0,0,1,0,0,0,1,0,0,1,0
0,1,0,0,1,2013,45.0,0.037037037037037035,0,0,0,0,0,1,0,0,0,0,1,1,0,0
0,1,0,0,0,2013,63.0,0.0,0,0,1,0,0,1,1,0,0,0,1,0,1,0
0,2,0,0,0,2014,37.0,0.0,0,0,1,0,0,1,0,0,0,1,0,0,1,0
0,3,0,0,2,2013,47.0,0.06896551724137931,0,0,0,0,0,0,1,0,1,0,0,0,1,0
0,7,0,0,9,2013,42.0,0.375,0,0,0,0,0,0,1,0,0,0,1,1,0,0
0,2,0,0,1,2013,19.0,1.0,0,0,0,1,0,1,1,0,0,0,0,0,0,0
0,7,0,0,7,2014,44.0,0.2692307692307692,0,0,0,0,0,0,0,0,1,0,0,0,1,0
0,6,0,0,15,2014,27.0,1.6666666666666667,0,0,0,0,0,1,0,0,0,0,0,1,0,0
0,5,0,0,2,2009,21.0,0.6666666666666666,0,0,0,1,0,1,1,0,1,0,0,1,0,0
0,4,0,0,0,2014,20.0,0.0,0,0,1,0,0,0,0,0,0,1,0,1,0,0
1,5,0,1,1,2013,18.0,1.0,2,1,0,1,0,1,0,0,1,0,0,1,0,0
0,1,0,0,5,2014,32.0,0.35714285714285715,0,0,0,0,0,1,0,0,1,0,0,0,1,0
0,4,1,0,8,2014,21.0,2.6666666666666665,1,1,0,1,0,1,0,0,0,1,0,1,0,0
0,9,0,0,3,2013,23.0,0.6,0,0,0,1,0,1,1,0,0,0,0,0,1,0
0,6,0,0,1,2013,31.0,0.07692307692307693,0,0,0,0,0,1,0,0,1,0,0,1,0,0
0,5,0,0,1,2013,31.0,0.07692307692307693,0,0,0,0,0,1,0,1,0,0,0,0,1,0
0,4,0,0,10,2014,52.0,0.29411764705882354,0,0,0,0,0,1,0,1,0,0,0,1,0,0
0,1,0,0,0,2014,49.0,0.0,0,0,1,0,0,1,0,1,0,0,0,0,0,0
0,3,0,0,5,2014,34.0,0.3125,0,0,0,0,0,0,0,0,1,0,0,0,1,0
0,10,1,0,2,2014,18.0,2.0,1,1,0,1,0,1,0,0,0,1,0,0,0,0
1,5,0,2,8,2014,28.0,0.8,3,1,0,0,0,1,0,1,0,0,0,1,0,0
0,1,0,0,0,2014,42.0,0.0,0,0,1,0,0,1,1,0,0,0,1,0,0,1
0,4,0,0,1,2014,21.0,0.3333333333333333,0,0,0,0,0,0,0,0,0,1,0,1,0,0
0,1,0,0,0,2014,38.0,0.0,0,0,1,0,0,1,0,0,0,0,1,0,1,0
0,8,0,0,0,2013,24.0,0.0,0,0,1,0,0,0,1,0,0,0,1,0,1,0
0,5,0,0,2,2013,20.0,1.0,0,0,0,1,0,1,0,0,0,1,0,0,0,1
0,6,0,0,3,2014,23.0,0.6,0,0,0,1,0,1,0,0,0,0,0,1,0,0
0,6,0,0,14,2013,44.0,0.5384615384615384,0,0,0,0,0,1,1,0,0,0,1,1,0,0
0,6,0,1,3,2014,25.0,0.42857142857142855,1,1,0,0,0,0,0,0,0,1,0,1,0,0
2,9,3,0,16,2013,35.0,0.9411764705882353,5,1,0,0,0,1,1,0,0,0,1,1,0,0
0,1,0,0,0,2014,25.0,0.0,0,0,1,0,0,1,1,0,0,0,1,1,0,0
0,3,0,0,0,2014,22.0,0.0,0,0,1,1,0,1,1,0,0,0,1,0,0,1
0,8,0,0,4,2013,27.0,0.4444444444444444,0,0,0,0,0,1,0,1,0,0,0,0,1,0
0,7,0,0,4,2013,30.0,0.3333333333333333,0,0,0,0,0,1,1,0,1,0,0,1,0,0
0,3,0,0,2,2014,27.0,0.2222222222222222,0,0,0,0,0,0,0,0,1,0,0,1,0,0
0,2,0,0,0,2013,35.0,0.0,0,0,1,0,0,1,1,0,0,0,1,0,0,0
0,6,0,0,31,2013,53.0,0.8857142857142857,0,0,0,0,0,1,0,1,0,0,0,1,0,0
0,2,0,0,0,2013,24.0,0.0,0,0,1,1,0,1,0,0,0,0,1,1,0,0
0,8,0,0,5,2013,25.0,0.7142857142857143,0,0,0,0,0,0,0,0,1,0,0,1,0,0
0,6,0,0,5,2011,38.0,0.25,0,0,0,0,0,1,1,0,1,0,0,1,0,0
0,2,0,0,2,2014,27.0,0.2222222222222222,0,0,0,0,0,1,0,1,0,0,0,1,0,0
0,7,0,1,1,2013,19.0,1.0,1,1,0,1,0,1,0,0,0,1,0,1,0,0
0,1,0,0,2,2013,71.0,0.03773584905660377,0,0,0,0,0,1,0,0,1,0,0,0,1,0
0,10,0,0,4,2013,44.0,0.15384615384615385,0,0,0,0,0,1,0,1,0,0,0,1,0,0
0,8,0,0,4,2014,40.0,0.18181818181818182,0,0,0,0,0,0,0,0,0,0,1,0,1,0
0,1,0,0,0,2013,40.0,0.0,0,0,1,0,0,0,1,0,0,0,0,0,1,0
0,5,0,0,6,2013,25.0,0.8571428571428571,0,0,0,0,0,0,1,0,1,0,0,1,0,0
0,4,0,0,0,2013,21.0,0.0,0,0,1,0,0,0,0,0,1,0,0,1,0,0
0,3,0,0,2,2013,22.0,0.5,0,0,0,1,0,1,0,0,1,0,0,0,0,0
0,2,0,0,0,2013,53.0,0.0,0,0,1,0,0,1,1,0,0,0,1,1,0,0
0,6,0,0,3,2013,44.0,0.11538461538461539,0,0,0,0,0,1,1,0,0,0,0,0,0,1
0,1,0,0,0,2013,47.0,0.0,0,0,1,0,0,1,0,0,0,1,0,0,1,0
0,1,0,0,1,2013,34.0,0.0625,0,0,0,0,0,0,1,0,0,0,1,0,0,0
0,4,0,0,1,2014,21.0,0.3333333333333333,0,0,0,0,0,0,0,0,0,1,0,0,1,0
0,4,0,0,3,2013,27.0,0.3333333333333333,0,0,0,0,0,1,0,0,1,0,0,1,0,0
0,6,0,0,11,2013,24.0,1.8333333333333333,0,0,0,1,0,1,0,0,1,0,0,0,1,0
0,3,0,0,1,2013,47.0,0.034482758620689655,0,0,0,0,0,0,0,0,0,0,1,0,0,1
0,7,0,0,1,2014,37.0,0.05263157894736842,0,0,0,0,0,0,0,0,1,0,0,1,0,0
0,8,0,0,4,2014,24.0,0.6666666666666666,0,0,0,0,0,0,0,0,0,0,1,1,0,0
0,7,0,0,4,2013,53.0,0.11428571428571428,0,0,0,0,0,1,0,1,0,0,0,1,0,0
0,2,0,0,8,2013,55.0,0.21621621621621623,0,0,0,0,0,1,1,0,1,0,0,0,1,0
0,4,0,0,3,2014,31.0,0.23076923076923078,0,0,0,0,0,1,0,0,1,0,0,1,0,0
0,8,0,0,9,2013,28.0,0.9,0,0,0,0,0,0,0,0,0,1,0,1,0,0
4,8,0,0,5,2013,22.0,1.25,4,1,0,1,0,1,1,0,1,0,0,0,1,0
0,5,0,0,7,2014,24.0,1.1666666666666667,0,0,0,1,0,1,1,0,0,1,0,0,1,0
0,10,0,1,1,2014,19.0,1.0,1,1,0,1,0,1,0,0,0,1,0,1,0,0
0,5,0,0,3,2014,27.0,0.3333333333333333,0,0,0,0,0,0,0,0,0,0,0,0,1,0
0,10,0,2,14,2014,27.0,1.5555555555555556,2,1,0,0,0,1,0,0,0,1,0,0,1,0
0,6,0,0,1,2013,28.0,0.1,0,0,0,0,0,1,1,0,0,0,0,0,0,1
0,7,0,0,0,2013,18.0,0.0,0,0,1,1,0,1,0,0,1,0,0,1,0,0
0,5,0,1,11,2014,42.0,0.4583333333333333,1,1,0,0,0,1,0,0,1,0,0,1,0,0
0,3,0,0,2,2014,27.0,0.2222222222222222,0,0,0,0,0,1,0,0,1,0,0,0,1,0
0,6,0,1,12,2014,33.0,0.8,1,1,0,0,0,1,1,0,0,0,1,1,0,0
0,5,0,0,4,2013,31.0,0.3076923076923077,0,0,0,0,0,1,0,0,1,0,0,0,1,0
0,2,0,0,2,2012,22.0,0.5,0,0,0,1,0,1,1,0,1,0,0,1,0,0
0,1,0,0,4,2014,49.0,0.12903225806451613,0,0,0,0,0,1,1,0,0,0,1,0,1,0
0,2,0,0,0,2014,33.0,0.0,0,0,1,0,0,1,1,0,0,0,0,1,0,0
0,2,0,0,3,2013,23.0,0.6,0,0,0,1,0,1,1,0,1,0,0,0,1,0
0,6,0,0,1,2013,18.0,1.0,0,0,0,1,0,1,0,0,0,0,1,1,0,0
0,5,0,0,5,2007,50.0,0.15625,0,0,0,0,0,1,1,0,1,0,0,1,0,0
0,7,2,0,7,2013,26.0,0.875,2,1,0,0,0,1,0,0,1,0,0,1,0,0
0,3,0,0,1,2013,25.0,0.14285714285714285,0,0,0,0,0,1,0,0,0,0,1,0,0,1
0,3,0,0,4,2013,34.0,0.25,0,0,0,0,0,1,0,0,1,0,0,1,0,0
0,1,0,0,0,2013,38.0,0.0,0,0,1,0,0,1,1,0,0,0,0,0,1,0
1,9,0,0,7,2013,28.0,0.7,1,1,0,0,0,1,1,0,1,0,0,0,0,1
0,6,0,0,0,2013,20.0,0.0,0,0,1,1,0,1,0,0,0,1,0,1,0,0
0,1,0,0,1,2013,51.0,0.030303030303030304,0,0,0,0,0,0,1,0,0,0,1,0,1,0
0,9,0,0,2,2014,27.0,0.2222222222222222,0,0,0,0,0,1,1,0,0,0,1,0,1,0
0,4,0,0,0,2013,25.0,0.0,0,0,1,0,0,1,1,0,0,0,1,0,1,0
0,5,0,0,0,2013,18.0,0.0,0,0,1,1,0,1,1,0,0,0,1,1,0,0
0,8,0,0,0,2013,18.0,0.0,0,0,1,1,0,1,0,0,0,1,0,1,0,0
0,5,0,2,1,2013,24.0,0.16666666666666666,2,1,0,1,0,1,1,0,0,0,0,1,0,0
0,9,0,0,4,2010,55.0,0.10810810810810811,0,0,0,0,0,1,1,0,1,0,0,1,0,0
0,1,0,0,0,2014,58.0,0.0,0,0,1,0,0,1,1,0,0,1,0,0,1,0
0,3,0,1,0,2013,19.0,0.0,1,1,1,1,0,1,1,0,0,0,1,0,0,1
0,7,0,0,1,2013,19.0,1.0,0,0,0,0,0,0,0,0,1,0,0,0,1,0
0,2,0,0,3,2013,46.0,0.10714285714285714,0,0,0,0,0,0,0,0,0,1,0,0,1,0
0,1,0,0,1,2013,58.0,0.025,0,0,0,0,0,0,1,0,0,0,0,0,1,0
0,6,0,0,7,2014,49.0,0.22580645161290322,0,0,0,0,0,1,1,0,0,0,0,1,0,0
0,6,0,0,2,2014,47.0,0.06896551724137931,0,0,0,0,0,0,0,0,0,1,0,0,1,0
0,6,0,0,0,2014,23.0,0.0,0,0,1,0,0,0,0,1,0,0,0,1,0,0
0,6,0,0,4,2013,33.0,0.26666666666666666,0,0,0,0,0,0,1,0,0,0,1,0,1,0
0,4,0,0,5,2013,40.0,0.22727272727272727,0,0,0,0,0,1,0,0,1,0,0,0,1,0
0,4,0,0,9,2013,33.0,0.6,0,0,0,0,0,1,0,0,0,0,0,1,0,0
0,4,0,0,14,2013,53.0,0.4,0,0,0,0,0,1,0,0,1,0,0,0,1,0
0,1,0,0,0,2013,33.0,0.0,0,0,1,0,0,1,1,0,0,0,1,0,1,0
0,2,0,0,3,2014,33.0,0.2,0,0,0,0,0,1,1,0,1,0,0,1,0,0
0,3,0,0,2,2013,21.0,0.6666666666666666,0,0,0,1,0,1,1,0,1,0,0,1,0,0
0,2,0,0,0,2013,29.0,0.0,0,0,1,0,0,1,0,0,1,0,0,0,1,0
0,2,0,0,1,2013,22.0,0.25,0,0,0,1,0,1,0,0,1,0,0,1,0,0
0,1,0,0,2,2014,29.0,0.18181818181818182,0,0,0,0,0,0,1,0,0,0,1,0,1,0
0,7,0,0,8,2013,32.0,0.5714285714285714,0,0,0,0,0,1,1,0,0,0,1,1,0,0
0,1,0,0,0,2013,41.0,0.0,0,0,1,0,0,1,1,0,0,0,1,1,0,0
0,2,0,0,1,2014,26.0,0.125,0,0,0,0,0,1,0,0,1,0,0,1,0,0
0,5,0,0,4,2013,29.0,0.36363636363636365,0,0,0,0,0,1,0,0,0,0,0,1,0,0
0,8,0,0,0,2013,21.0,0.0,0,0,1,1,0,1,0,1,0,0,0,0,1,0
0,7,0,0,0,2013,18.0,0.0,0,0,1,0,0,0,1,0,0,0,1,1,0,0
0,10,1,0,19,2014,27.0,2.111111111111111,1,1,0,0,0,1,0,1,0,0,0,1,0,0
0,2,0,0,0,2013,23.0,0.0,0,0,1,1,0,1,0,0,0,0,1,0,0,1
0,3,0,0,0,2013,42.0,0.0,0,0,1,0,0,1,0,0,1,0,0,0,0,1
0,4,0,0,2,2013,28.0,0.2,0,0,0,0,0,1,1,0,0,0,1,1,0,0
0,6,0,0,0,2013,18.0,0.0,0,0,1,1,0,1,1,0,0,1,0,0,1,0
0,2,0,0,0,2014,28.0,0.0,0,0,1,0,0,1,1,0,1,0,0,1,0,0
0,9,0,0,0,2013,18.0,0.0,0,0,1,1,0,1,0,1,0,0,0,1,0,0
0,7,0,0,0,2013,21.0,0.0,0,0,1,1,0,1,0,0,1,0,0,1,0,0
0,3,0,0,0,2014,20.0,0.0,0,0,1,1,0,1,0,0,1,0,0,1,0,0
0,1,0,0,0,2014,55.0,0.0,0,0,1,0,0,1,0,0,0,0,1,0,0,0
0,2,0,0,3,2014,31.0,0.23076923076923078,0,0,0,0,0,0,1,0,0,0,1,1,0,0
0,4,0,0,2,2014,21.0,0.6666666666666666,0,0,0,0,0,0,0,1,0,0,0,0,0,1
